production_date_time,Lote_prod,Orden_prod,Material_prod,Fecha_inicio,Fecha_final,qty_prod,Num_pal,Lote_cons,Item_cons,Material_cons,Lam_pal,qty_cons,KG_DESPUNTE_20,KG_LAMINILLA_30,Ren_cal,Rend_Met,qty_prod3,Num_pal3,Lam_pal1,qty_cons3,KG_DESPUNTE_203,KG_LAMINILLA_303,Suma5
,,43046145,B HORMIGON 18MM 12M A630-420H (N),1/2/2026 9:10:51 AM,1/2/2026 10:32:47 AM,"43,702.0",30,,102526100,"PALANQUILLA 130X130MM AZA 1541 3,3M (N)",109,"47,480.4","3,103.7",674.7,92.04,96,"68,857,602.0",47627,167890,"72,727,844.0","3,219,845.9","1,024,672.1",94.68
,,43046081,B HORMIGON 18MM 12M A630-420H (N),1/2/2026 10:50:13 AM,1/2/2026 4:16:05 PM,"125,108.0",81,,102524188,"PALANQUILLA 130X130MM AZA 1541 3,4M (N)",297,"133,293.6","6,723.9","1,461.7",93.86,96,"68,857,602.0",47627,167890,"72,727,844.0","3,219,845.9","1,024,672.1",94.68
,,43046082,B HORMIGON 18MM 11M A630-420H (N),1/2/2026 4:36:06 PM,1/3/2026 3:14:52 AM,"227,051.0",149,,102524188,"PALANQUILLA 130X130MM AZA 1541 3,4M (N)",530,"237,864.0","8,836.6","2,055.0",95.45,96,"68,857,602.0",47627,167890,"72,727,844.0","3,219,845.9","1,024,672.1",94.68
,,43046144,B HORMIGON 18MM 10M A630-420H (N),1/3/2026 3:36:44 AM,1/3/2026 5:09:42 AM,"42,168.0",27,,102524188,"PALANQUILLA 130X130MM AZA 1541 3,4M (N)",100,"44,880.0","1,837.2",874.8,93.96,96,"68,857,602.0",47627,167890,"72,727,844.0","3,219,845.9","1,024,672.1",94.68
,,43046083,B HORMIGON 18MM 9M A630-420H (N),1/3/2026 5:30:51 AM,1/3/2026 7:36:47 AM,"55,745.0",37,,102524188,"PALANQUILLA 130X130MM AZA 1541 3,4M (N)",132,"59,241.6","2,551.6",945.0,94.10,95.9,"68,857,602.0",47627,167890,"72,727,844.0","3,219,845.9","1,024,672.1",94.68
,,43046084,B HORMIGON 18MM 8M A630-420H (N),1/3/2026 8:30:27 AM,1/3/2026 9:19:19 AM,"22,669.0",15,,102524188,"PALANQUILLA 130X130MM AZA 1541 3,4M (N)",54,"24,235.2","1,175.2",435.2,93.54,96,"68,857,602.0",47627,167890,"72,727,844.0","3,219,845.9","1,024,672.1",94.68
,,43046085,B HORMIGON 18MM 7M A630-420H (N),1/3/2026 9:47:05 AM,1/3/2026 10:55:51 AM,"31,676.0",24,,102524188,"PALANQUILLA 130X130MM AZA 1541 3,4M (N)",75,"33,660.0",939.8,"1,044.2",94.11,95.9,"68,857,602.0",47627,167890,"72,727,844.0","3,219,845.9","1,024,672.1",94.68
,,43046086,B HORMIGON 18MM 6M A630-420H (N),1/3/2026 11:14:11 AM,1/3/2026 2:33:43 PM,"80,445.0",77,,102524188,"PALANQUILLA 130X130MM AZA 1541 3,4M (N)",189,"84,823.2","3,596.4",781.8,94.84,96,"68,857,602.0",47627,167890,"72,727,844.0","3,219,845.9","1,024,672.1",94.68
,,43046087,B HORMIGON 18MM 12M A630-420HS (N),1/3/2026 3:39:51 PM,1/5/2026 6:09:25 AM,"134,976.0",87,,119506262,"PALANQUILLA 130X130MM AZA 1629 3,4M (N",320,"143,616.0","5,082.4","3,557.7",93.98,95,"68,857,602.0",47627,167890,"72,727,844.0","3,219,845.9","1,024,672.1",94.68
,,43046088,B HORMIGON 18MM 11M A630-420HS (N),1/5/2026 6:38:35 AM,1/5/2026 7:40:39 AM,"29,326.0",20,,119506262,"PALANQUILLA 130X130MM AZA 1629 3,4M (N",64,"28,723.2",575.9,403.1,102.10,95,"68,857,602.0",47627,167890,"72,727,844.0","3,219,845.9","1,024,672.1",94.68
,,43046089,B HORMIGON 32MM 12M A630-420H (N),1/5/2026 11:09:43 AM,1/6/2026 12:45:23 AM,"198,647.0",134,,102513137,PALANQUILLA 130X130MM AZA 1541 3M (N),541,"214,236.0","9,041.6","6,547.4",92.72,96,"68,857,602.0",47627,167890,"72,727,844.0","3,219,845.9","1,024,672.1",94.68
,,43046092,SAFEROCK 25MM 12M A420,1/6/2026 2:48:56 AM,1/6/2026 5:38:11 AM,"72,482.0",37,,102524193,"PALANQUILLA 130X130MM AZA 1542 3,4M (N)",175,"78,540.0","5,441.0",617.0,92.29,95.3,"68,857,602.0",47627,167890,"72,727,844.0","3,219,845.9","1,024,672.1",94.68
,,43046094,"SAFEROCK SEMI 25MM 10,5M A280",1/6/2026 6:13:42 AM,1/6/2026 4:07:51 PM,"77,144.0",38,,102524194,"PALANQUILLA 130X130MM AZA 1021 3,4M (N)",181,"81,232.8","3,384.1","2,450.5",94.97,95,"68,857,602.0",47627,167890,"72,727,844.0","3,219,845.9","1,024,672.1",94.68
,,43046091,"SAFEROCK 25MM 11,96M A520",1/6/2026 8:12:16 AM,1/6/2026 10:14:58 AM,"55,630.0",26,,102526117,"PALANQUILLA 130X130MM AZA 1644 3,4M (N)",132,"59,241.6","2,094.7","1,516.9",93.90,97,"68,857,602.0",47627,167890,"72,727,844.0","3,219,845.9","1,024,672.1",94.68
,,43046095,"SAFEROCK 25MM 8,4M A520",1/6/2026 10:49:12 AM,1/6/2026 11:55:12 AM,"33,919.0",17,,102526117,"PALANQUILLA 130X130MM AZA 1644 3,4M (N)",82,"36,801.6","1,671.9","1,210.7",92.17,97,"68,857,602.0",47627,167890,"72,727,844.0","3,219,845.9","1,024,672.1",94.68
,,43046090,SAFEROCK 25MM 12M A520D,1/6/2026 12:49:12 PM,1/6/2026 1:31:03 PM,"23,250.0",12,,119507026,"PALANQUILLA 130X130MM AZA 1631 3,4M (N)",55,"24,684.0",831.7,602.3,94.19,97,"68,857,602.0",47627,167890,"72,727,844.0","3,219,845.9","1,024,672.1",94.68
,,43046096,ANG SEMI 75X75X6MM 12M ASTM A572 T2 (N),1/6/2026 9:32:34 PM,1/6/2026 10:15:48 PM,"21,894.0",11,,119505172,"PALANQUILLA 130X130MM AZA 1613 3,4M (N)",57,"25,581.6","3,145.3",542.3,85.58,97,"68,857,602.0",47627,167890,"72,727,844.0","3,219,845.9","1,024,672.1",94.68
,,43046097,ANGULO SEMI 80X80X8MM A270ES,1/7/2026 12:27:08 AM,1/7/2026 3:23:46 AM,"60,255.0",33,,102525180,"PALANQUILLA 130X130MM AZA 1011 3,4M (N)",146,"65,524.8","4,867.2",954.4,91.96,93.4,"68,857,602.0",47627,167890,"72,727,844.0","3,219,845.9","1,024,672.1",94.68
,,43046098,ANGULO SEMI 80X80X6MM A270ES,1/7/2026 6:58:25 AM,1/7/2026 9:27:42 AM,"28,006.0",16,,102525180,"PALANQUILLA 130X130MM AZA 1011 3,4M (N)",80,"35,904.0","6,603.3","1,294.8",78.00,94.9,"68,857,602.0",47627,167890,"72,727,844.0","3,219,845.9","1,024,672.1",94.68
,,43046237,PLANA 25X3MM 6M A270ES (N),1/7/2026 6:14:57 PM,1/8/2026 1:56:21 AM,"60,365.0",62,,102513114,"PALANQUILLA 130X130MM AZA 1011 2,9M (N)",172,"65,841.6","4,578.8",897.8,91.68,96.8,"68,857,602.0",47627,167890,"72,727,844.0","3,219,845.9","1,024,672.1",94.68
,,43046238,CUADRADO 10MM 6M COMERCIAL (N),1/8/2026 3:54:14 AM,1/8/2026 9:02:44 AM,"78,534.0",75,,102513114,"PALANQUILLA 130X130MM AZA 1011 2,9M (N)",220,"84,216.0","5,418.7",785.3,93.25,96.7,"68,857,602.0",47627,167890,"72,727,844.0","3,219,845.9","1,024,672.1",94.68
,,43046240,PLANA 20X5MM 6M A270ES (N),1/8/2026 10:16:57 AM,1/8/2026 12:48:31 PM,"31,293.0",33,,102513114,"PALANQUILLA 130X130MM AZA 1011 2,9M (N)",87,"33,303.6","1,681.0",329.6,93.96,96.7,"68,857,602.0",47627,167890,"72,727,844.0","3,219,845.9","1,024,672.1",94.68
,,43046241,ANGULO SEMI 20X20X3MM A270ES,1/8/2026 4:54:56 PM,1/9/2026 1:25:28 AM,"102,257.0",52,,102513096,"PALANQUILLA 130X130MM AZA 1011 3,2M (N)",252,"106,444.8","3,577.5",777.7,96.07,96.3,"68,857,602.0",47627,167890,"72,727,844.0","3,219,845.9","1,024,672.1",94.68
,,43046244,PLANA 38X3MM 6M A270ES (N),1/9/2026 7:13:36 AM,1/9/2026 11:48:38 AM,"75,178.0",71,,102513096,"PALANQUILLA 130X130MM AZA 1011 3,2M (N)",187,"78,988.8","3,186.1",624.7,95.18,96.6,"68,857,602.0",47627,167890,"72,727,844.0","3,219,845.9","1,024,672.1",94.68
,,43046245,PLANA 32X5MM 6M A270ES (N),1/9/2026 2:14:55 PM,1/9/2026 3:17:19 PM,"30,541.0",28,,102513096,"PALANQUILLA 130X130MM AZA 1011 3,2M (N)",77,"32,524.8","1,623.1",360.7,93.90,96.6,"68,857,602.0",47627,167890,"72,727,844.0","3,219,845.9","1,024,672.1",94.68
,,43046246,ANGULO SEMI 25X25X5MM A270ES,1/9/2026 6:33:33 PM,1/9/2026 9:16:01 PM,"30,817.0",14,,102525180,"PALANQUILLA 130X130MM AZA 1011 3,4M (N)",77,"34,557.6","3,173.8",566.8,89.18,96.1,"68,857,602.0",47627,167890,"72,727,844.0","3,219,845.9","1,024,672.1",94.68
,,43046272,ANGULO SEMI 25X25X3MM A270ES,1/9/2026 11:02:28 PM,1/10/2026 5:43:07 AM,"128,307.0",65,,102526111,"PALANQUILLA 130X130MM AZA 1008 3,4M (N)",300,"134,640.0","4,825.1","1,507.9",95.30,96.3,"68,857,602.0",47627,167890,"72,727,844.0","3,219,845.9","1,024,672.1",94.68
,,43046248,REDONDO LISO 5/8' 6M SAE 1020 (N),1/10/2026 7:19:36 AM,1/10/2026 8:08:59 AM,"20,226.0",20,,102524143,"PALANQUILLA 130X130MM SAE 1020 3,4M (N)",50,"22,440.0","1,796.3",417.7,90.13,95.9,"68,857,602.0",47627,167890,"72,727,844.0","3,219,845.9","1,024,672.1",94.68
,,43046249,REDONDO LISO 16MM 6M SAE 1020 (N),1/10/2026 8:20:11 AM,1/10/2026 9:20:26 AM,"26,674.0",26,,102524143,"PALANQUILLA 130X130MM SAE 1020 3,4M (N)",63,"28,274.4","1,354.2",246.2,94.34,95.8,"68,857,602.0",47627,167890,"72,727,844.0","3,219,845.9","1,024,672.1",94.68
,,43046250,B HORMIGON 16MM 6M A630-420H (N),1/10/2026 10:39:47 AM,1/12/2026 7:11:41 AM,"169,988.0",165,,102524188,"PALANQUILLA 130X130MM AZA 1541 3,4M (N)",396,"177,724.8","4,487.3","3,249.5",95.65,96.5,"68,857,602.0",47627,167890,"72,727,844.0","3,219,845.9","1,024,672.1",94.68
,,43046273,B HORMIGON 16MM 6M A630-420H (N),1/12/2026 7:23:31 AM,1/12/2026 9:36:41 AM,"56,350.0",54,,102526114,"PALANQUILLA 130X130MM SAE 1045 3,4M (N)",132,"59,241.6","1,677.1","1,214.5",95.12,96.5,"68,857,602.0",47627,167890,"72,727,844.0","3,219,845.9","1,024,672.1",94.68
,,43046301,CUADRADO 14MM 6M COMERCIAL (N),1/12/2026 11:03:01 AM,1/12/2026 12:21:05 PM,"32,676.0",32,,102526111,"PALANQUILLA 130X130MM AZA 1008 3,4M (N)",78,"35,006.4",665.8,"1,664.6",93.34,96.6,"68,857,602.0",47627,167890,"72,727,844.0","3,219,845.9","1,024,672.1",94.68
,,43046317,PLANA 38X5MM 6M A270ES (N),1/12/2026 4:46:47 PM,1/13/2026 12:05:08 AM,"122,391.0",121,,102525180,"PALANQUILLA 130X130MM AZA 1011 3,4M (N)",277,"124,317.6","1,972.1",386.7,98.45,96.5,"68,857,602.0",47627,167890,"72,727,844.0","3,219,845.9","1,024,672.1",94.68
,,43046303,PLANA 38X5MM 6M A270ES (N),1/13/2026 12:19:03 AM,1/13/2026 12:43:21 AM,"13,017.0",13,,102526111,"PALANQUILLA 130X130MM AZA 1008 3,4M (N)",32,"14,361.6","1,095.6",249.0,90.64,96.5,"68,857,602.0",47627,167890,"72,727,844.0","3,219,845.9","1,024,672.1",94.68
,,43046325,ANGULO SEMI 30X30X3MM A270ES,1/13/2026 5:09:48 AM,1/13/2026 7:23:09 PM,"180,909.0",99,,102526111,"PALANQUILLA 130X130MM AZA 1008 3,4M (N)",442,"198,369.6","13,664.8","3,795.8",91.20,96,"68,857,602.0",47627,167890,"72,727,844.0","3,219,845.9","1,024,672.1",94.68
,,43046327,PLANA 50X3 MM 6M A270ES (N),1/13/2026 9:26:51 PM,1/14/2026 8:46:51 AM,"104,709.0",109,,102526111,"PALANQUILLA 130X130MM AZA 1008 3,4M (N)",256,"114,892.8","9,192.1","1,392.7",91.14,96.3,"68,857,602.0",47627,167890,"72,727,844.0","3,219,845.9","1,024,672.1",94.68
,,43046344,ANGULO SEMI 40X40X4MM A270ES,1/14/2026 5:59:01 PM,1/14/2026 9:27:16 PM,"30,247.0",17,,102526111,"PALANQUILLA 130X130MM AZA 1008 3,4M (N)",74,"33,211.2","2,508.2",456.0,91.07,95.3,"68,857,602.0",47627,167890,"72,727,844.0","3,219,845.9","1,024,672.1",94.68
,,43046345,ANGULO SEMI 40X40X3MM A270ES,1/14/2026 11:24:14 PM,1/15/2026 2:45:04 PM,"190,119.0",102,,102526111,"PALANQUILLA 130X130MM AZA 1008 3,4M (N)",457,"205,101.6","11,328.3","3,654.3",92.70,95.7,"68,857,602.0",47627,167890,"72,727,844.0","3,219,845.9","1,024,672.1",94.68
,,43046350,ANGULO SEMI 40X40X3MM 6M A36 (AL),1/15/2026 3:05:46 PM,1/15/2026 3:47:29 PM,"17,970.0",9,,102513096,"PALANQUILLA 130X130MM AZA 1011 3,2M (N)",46,"19,430.4","1,221.0",239.4,92.48,97,"68,857,602.0",47627,167890,"72,727,844.0","3,219,845.9","1,024,672.1",94.68
,,43046333,ANGULO SEMI 50X50X4MM A270ES,1/15/2026 6:48:34 PM,1/15/2026 8:54:30 PM,"43,862.0",22,,102526111,"PALANQUILLA 130X130MM AZA 1008 3,4M (N)",107,"48,021.6","3,359.7",799.9,91.34,94.8,"68,857,602.0",47627,167890,"72,727,844.0","3,219,845.9","1,024,672.1",94.68
,,43046336,ANGULO SEMI 50X50X3MM A270ES,1/15/2026 11:04:08 PM,1/16/2026 1:52:01 PM,"221,125.0",134,,102526111,"PALANQUILLA 130X130MM AZA 1008 3,4M (N)",533,"239,210.4","15,034.4","3,341.0",92.44,95.3,"68,857,602.0",47627,167890,"72,727,844.0","3,219,845.9","1,024,672.1",94.68
,,43046383,B HORMIGON 25MM 12M A630-420H (N),1/16/2026 5:03:57 PM,1/16/2026 7:27:46 PM,"62,928.0",43,,102526100,"PALANQUILLA 130X130MM AZA 1541 3,3M (N)",154,"67,082.4","3,719.2",435.2,93.81,95,"68,857,602.0",47627,167890,"72,727,844.0","3,219,845.9","1,024,672.1",94.68
,,43046385,B HORMIGON 25MM 10M A630-420H (N),1/16/2026 7:51:21 PM,1/17/2026 3:38:02 AM,"182,827.0",121,,102526100,"PALANQUILLA 130X130MM AZA 1541 3,3M (N)",440,"191,664.0","5,125.5","3,711.6",95.39,95,"68,857,602.0",47627,167890,"72,727,844.0","3,219,845.9","1,024,672.1",94.68
,,43046386,B HORMIGON 25MM 10M A630-420H (N),1/17/2026 3:57:51 AM,1/17/2026 4:42:28 AM,"23,015.0",15,,102524188,"PALANQUILLA 130X130MM AZA 1541 3,4M (N)",55,"24,684.0",968.0,701.0,93.24,95,"68,857,602.0",47627,167890,"72,727,844.0","3,219,845.9","1,024,672.1",94.68
,,43046387,B HORMIGON 25MM 9M A630-420H (N),1/17/2026 5:15:12 AM,1/17/2026 7:40:31 AM,"57,330.0",39,,102513137,PALANQUILLA 130X130MM AZA 1541 3M (N),154,"60,984.0","3,271.2",382.8,94.01,95,"68,857,602.0",47627,167890,"72,727,844.0","3,219,845.9","1,024,672.1",94.68
,,43046393,B HORMIGON 25MM 7M A630-420H (N),1/17/2026 8:13:05 AM,1/17/2026 12:12:40 PM,"82,831.0",57,,102513121,"PALANQUILLA 130X130MM AZA 1541 3,2M (N)",209,"88,281.6","4,879.6",571.0,93.83,95,"68,857,602.0",47627,167890,"72,727,844.0","3,219,845.9","1,024,672.1",94.68
,,43046420,B HORMIGON 25MM 8M A630-420H (N),1/19/2026 1:12:13 AM,1/19/2026 2:20:19 AM,"24,872.0",17,,102524188,"PALANQUILLA 130X130MM AZA 1541 3,4M (N)",60,"26,928.0","1,840.6",215.4,92.36,95,"68,857,602.0",47627,167890,"72,727,844.0","3,219,845.9","1,024,672.1",94.68
,,43046421,B HORMIGON 25MM 9M A630-420H (N),1/19/2026 2:51:02 AM,1/19/2026 4:00:11 AM,"33,662.0",21,,102524188,"PALANQUILLA 130X130MM AZA 1541 3,4M (N)",81,"36,352.8","2,408.9",281.9,92.60,95,"68,857,602.0",47627,167890,"72,727,844.0","3,219,845.9","1,024,672.1",94.68
,,43046390,B HORMIGON 25MM 6M A630-420H (N),1/19/2026 4:23:30 AM,1/19/2026 5:42:43 AM,"38,630.0",38,,102524188,"PALANQUILLA 130X130MM AZA 1541 3,4M (N)",92,"41,289.6","1,542.6","1,117.0",93.56,95,"68,857,602.0",47627,167890,"72,727,844.0","3,219,845.9","1,024,672.1",94.68
,,43046394,B HORMIGON 25MM 12M A630-420HS (N),1/19/2026 6:17:36 AM,1/19/2026 7:11:11 AM,"27,516.0",18,,119506262,"PALANQUILLA 130X130MM AZA 1629 3,4M (N",66,"29,620.8","1,220.8",884.0,92.89,95,"68,857,602.0",47627,167890,"72,727,844.0","3,219,845.9","1,024,672.1",94.68
,,43046396,B HORMIGON 25MM 11M A630-420HS (N),1/19/2026 7:34:02 AM,1/19/2026 8:18:13 AM,"24,036.0",16,,119506262,"PALANQUILLA 130X130MM AZA 1629 3,4M (N",56,"25,132.8",981.9,114.9,95.64,95,"68,857,602.0",47627,167890,"72,727,844.0","3,219,845.9","1,024,672.1",94.68
,,43046398,B HORMIGON 25MM 9M A630-420HS (N),1/19/2026 8:38:04 AM,1/19/2026 10:06:29 AM,"40,747.0",26,,119506262,"PALANQUILLA 130X130MM AZA 1629 3,4M (N",97,"43,533.6","1,616.2","1,170.4",93.60,95,"68,857,602.0",47627,167890,"72,727,844.0","3,219,845.9","1,024,672.1",94.68
,,43046400,PLANA 50X6MM 6M A270ES (N),1/19/2026 12:26:16 PM,1/19/2026 3:51:14 PM,"72,553.0",70,,102525180,"PALANQUILLA 130X130MM AZA 1011 3,4M (N)",172,"77,193.6","4,308.6",606.8,93.99,96,"68,857,602.0",47627,167890,"72,727,844.0","3,219,845.9","1,024,672.1",94.68
,,43046424,PLANA 75X12MM 6M A270ES,1/19/2026 6:45:39 PM,1/19/2026 9:44:54 PM,"25,145.0",27,,102525180,"PALANQUILLA 130X130MM AZA 1011 3,4M (N)",73,"32,762.4","6,368.7","1,248.8",76.75,94.5,"68,857,602.0",47627,167890,"72,727,844.0","3,219,845.9","1,024,672.1",94.68
,,43046425,PLANA 75X10MM 6M A270ES (N),1/19/2026 10:50:57 PM,1/20/2026 1:33:51 AM,"73,055.0",68,,102525180,"PALANQUILLA 130X130MM AZA 1011 3,4M (N)",174,"78,091.2","4,210.6",825.6,93.55,94.7,"68,857,602.0",47627,167890,"72,727,844.0","3,219,845.9","1,024,672.1",94.68
,,43046426,PLANA 75X8MM 6M A270ES (N),1/20/2026 2:28:15 AM,1/20/2026 4:38:38 AM,"60,035.0",64,,102525180,"PALANQUILLA 130X130MM AZA 1011 3,4M (N)",143,"64,178.4","3,464.2",679.3,93.54,95.1,"68,857,602.0",47627,167890,"72,727,844.0","3,219,845.9","1,024,672.1",94.68
,,43046427,PLANA 75X6MM 6M A270ES (N),1/20/2026 6:26:30 AM,1/20/2026 8:23:08 AM,"30,556.0",32,,102525180,"PALANQUILLA 130X130MM AZA 1011 3,4M (N)",67,"30,069.6",0.0,0.0,101.62,95.4,"68,857,602.0",47627,167890,"72,727,844.0","3,219,845.9","1,024,672.1",94.68
,,43046428,PLANA 75X5MM 6M A270ES (N),1/20/2026 9:22:02 AM,1/20/2026 11:22:30 AM,"44,066.0",42,,102525180,"PALANQUILLA 130X130MM AZA 1011 3,4M (N)",112,"50,265.6","5,183.3","1,016.3",87.67,95.6,"68,857,602.0",47627,167890,"72,727,844.0","3,219,845.9","1,024,672.1",94.68
,,43046434,ANGULO SEMI 65X65X10MM A270ES,1/20/2026 2:17:28 PM,1/20/2026 3:39:09 PM,"31,232.0",14,,102525180,"PALANQUILLA 130X130MM AZA 1011 3,4M (N)",75,"33,660.0","2,231.6",196.4,92.79,94.7,"68,857,602.0",47627,167890,"72,727,844.0","3,219,845.9","1,024,672.1",94.68
,,43046435,ANGULO SEMI 65X65X6MM A270ES,1/20/2026 5:31:21 PM,1/20/2026 8:43:59 PM,"70,432.0",33,,102525180,"PALANQUILLA 130X130MM AZA 1011 3,4M (N)",168,"75,398.4","4,187.9",973.9,93.41,95.1,"68,857,602.0",47627,167890,"72,727,844.0","3,219,845.9","1,024,672.1",94.68
,,43046436,ANGULO SEMI 65X65X6MM A270ES,1/20/2026 9:12:55 PM,1/20/2026 10:06:43 PM,"26,112.0",12,,102525180,"PALANQUILLA 130X130MM AZA 1011 3,4M (N)",61,"27,376.8","1,026.2",238.6,95.38,95.1,"68,857,602.0",47627,167890,"72,727,844.0","3,219,845.9","1,024,672.1",94.68
,,43046438,ANGULO SEMI 65X65X5MM A270ES,1/20/2026 11:19:09 PM,1/21/2026 7:58:29 AM,"137,217.0",82,,102525180,"PALANQUILLA 130X130MM AZA 1011 3,4M (N)",328,"147,206.4","8,296.3","1,693.1",93.21,95.1,"68,857,602.0",47627,167890,"72,727,844.0","3,219,845.9","1,024,672.1",94.68
,,43046437,ANG SEMI 65X65X5MM 12M ASTM A572 T2 (N),1/21/2026 1:53:49 AM,1/21/2026 2:45:15 AM,"23,239.0",14,,119505172,"PALANQUILLA 130X130MM AZA 1613 3,4M (N)",56,"25,132.8","1,615.3",278.5,92.46,97,"68,857,602.0",47627,167890,"72,727,844.0","3,219,845.9","1,024,672.1",94.68
,,43046443,"SAFEROCK SEMI 22MM 10,8M A280",1/21/2026 5:57:21 PM,1/21/2026 7:07:16 PM,"27,349.0",14,,102524194,"PALANQUILLA 130X130MM AZA 1021 3,4M (N)",66,"29,620.8","2,013.6",258.2,92.33,96,"68,857,602.0",47627,167890,"72,727,844.0","3,219,845.9","1,024,672.1",94.68
,,43046481,SAFEROCK 22MM 12M A280,1/21/2026 8:03:57 PM,1/22/2026 3:42:54 AM,"163,929.0",82,,119502731,"PALANQUILLA 130X130MM AZA 1021 3,2M (N)",417,"176,140.8","7,082.9","5,129.0",93.07,95.9,"68,857,602.0",47627,167890,"72,727,844.0","3,219,845.9","1,024,672.1",94.68
,,43046439,SAFEROCK 22MM 6M A280,1/22/2026 4:05:31 AM,1/22/2026 4:50:55 AM,"23,202.0",24,,119502731,"PALANQUILLA 130X130MM AZA 1021 3,2M (N)",46,"19,430.4",0.0,0.0,119.41,95.9,"68,857,602.0",47627,167890,"72,727,844.0","3,219,845.9","1,024,672.1",94.68
,,43046442,SAFEROCK SEMI 22MM 12M A280,1/22/2026 5:14:44 AM,1/22/2026 7:32:05 AM,"52,097.0",27,,119502731,"PALANQUILLA 130X130MM AZA 1021 3,2M (N)",130,"54,912.0","2,388.5",426.5,94.87,95.9,"68,857,602.0",47627,167890,"72,727,844.0","3,219,845.9","1,024,672.1",94.68
,,43046487,SAFEROCK 22MM 10.5M A280,1/22/2026 8:24:56 AM,1/22/2026 8:49:51 AM,"23,187.0",13,,119502731,"PALANQUILLA 130X130MM AZA 1021 3,2M (N)",38,"16,051.2",0.0,0.0,144.46,97,"68,857,602.0",47627,167890,"72,727,844.0","3,219,845.9","1,024,672.1",94.68
,,43046489,"SAFEROCK SEMI 22MM 10,5M A280",1/22/2026 9:29:21 AM,1/22/2026 11:42:12 AM,"49,093.0",24,,119502731,"PALANQUILLA 130X130MM AZA 1021 3,2M (N)",114,"48,153.6",0.0,0.0,101.95,95.8,"68,857,602.0",47627,167890,"72,727,844.0","3,219,845.9","1,024,672.1",94.68
,,43046446,SAFEROCK SEMI 22MM 10M A280,1/22/2026 12:06:07 PM,1/22/2026 1:46:10 PM,"46,669.0",23,,102524194,"PALANQUILLA 130X130MM AZA 1021 3,4M (N)",110,"49,368.0","2,361.6",337.4,94.53,95.3,"68,857,602.0",47627,167890,"72,727,844.0","3,219,845.9","1,024,672.1",94.68
,,43046447,"SAFEROCK SEMI 22MM 9,6M A280",1/22/2026 2:06:56 PM,1/22/2026 9:02:03 PM,"135,071.0",66,,102524194,"PALANQUILLA 130X130MM AZA 1021 3,4M (N)",317,"142,269.6","4,175.2","3,023.4",94.94,95.7,"68,857,602.0",47627,167890,"72,727,844.0","3,219,845.9","1,024,672.1",94.68
,,43046433,"SAFEROCK SEMI 22MM 10,5M A280D",1/23/2026 12:39:06 AM,1/23/2026 8:08:57 AM,"144,360.0",72,,119505172,"PALANQUILLA 130X130MM AZA 1613 3,4M (N)",369,"165,607.2","18,254.6","2,992.6",87.17,97,"68,857,602.0",47627,167890,"72,727,844.0","3,219,845.9","1,024,672.1",94.68
,,43046449,"SAFEROCK 19MM 11,96M A520",1/23/2026 2:14:14 PM,1/23/2026 3:51:43 PM,"28,084.0",14,,102526117,"PALANQUILLA 130X130MM AZA 1644 3,4M (N)",69,"30,967.2","1,672.3","1,210.9",90.69,97,"68,857,602.0",47627,167890,"72,727,844.0","3,219,845.9","1,024,672.1",94.68
,,43046476,B HORMIGON 18MM 12M A630-420H (N),1/23/2026 5:04:31 PM,1/26/2026 6:35:13 AM,"566,071.0",353,,102524188,"PALANQUILLA 130X130MM AZA 1541 3,4M (N)",1324,"594,211.2","23,115.2","5,025.0",95.26,96,"68,857,602.0",47627,167890,"72,727,844.0","3,219,845.9","1,024,672.1",94.68
,,43046477,B HORMIGON 18MM 10M A630-420H (N),1/26/2026 6:57:12 AM,1/26/2026 7:14:03 AM,"11,966.0",8,,102524188,"PALANQUILLA 130X130MM AZA 1541 3,4M (N)",28,"12,566.4",406.7,193.7,95.22,96,"68,857,602.0",47627,167890,"72,727,844.0","3,219,845.9","1,024,672.1",94.68
,,43046402,PLANA 100X12MM 6M A270ES (N),1/26/2026 5:35:21 PM,1/26/2026 6:47:28 PM,"30,960.0",30,,102525180,"PALANQUILLA 130X130MM AZA 1011 3,4M (N)",74,"33,211.2","1,882.2",369.1,93.22,95.1,"68,857,602.0",47627,167890,"72,727,844.0","3,219,845.9","1,024,672.1",94.68
,,43046527,PLANA 100X10MM 6M A270ES (N),1/26/2026 7:22:38 PM,1/26/2026 10:55:54 PM,"70,530.0",68,,102525180,"PALANQUILLA 130X130MM AZA 1011 3,4M (N)",168,"75,398.4","4,288.8",579.6,93.54,95.5,"68,857,602.0",47627,167890,"72,727,844.0","3,219,845.9","1,024,672.1",94.68
,,43046404,PLANA 100X8MM 6M A270ES (N),1/27/2026 12:42:36 AM,1/27/2026 1:53:22 AM,"26,018.0",23,,102525180,"PALANQUILLA 130X130MM AZA 1011 3,4M (N)",65,"29,172.0","2,721.9",432.1,89.19,95.2,"68,857,602.0",47627,167890,"72,727,844.0","3,219,845.9","1,024,672.1",94.68
,,43046528,PLANA 100X8MM 6M A270ES (N),1/27/2026 2:04:05 AM,1/27/2026 2:08:32 AM,"5,192.0",5,,102513096,"PALANQUILLA 130X130MM AZA 1011 3,2M (N)",10,"4,224.0",0.0,0.0,122.92,95.2,"68,857,602.0",47627,167890,"72,727,844.0","3,219,845.9","1,024,672.1",94.68
,,43046529,PLANA 100X5MM 6M A270ES (N),1/27/2026 4:23:36 AM,1/27/2026 6:50:02 AM,"53,597.0",56,,102513096,"PALANQUILLA 130X130MM AZA 1011 3,2M (N)",132,"55,756.8","1,805.7",354.1,96.13,96,"68,857,602.0",47627,167890,"72,727,844.0","3,219,845.9","1,024,672.1",94.68
,,43046530,PLANA 100X5MM 6M A270ES (N),1/27/2026 7:10:24 AM,1/27/2026 9:37:38 AM,"56,034.0",54,,102525180,"PALANQUILLA 130X130MM AZA 1011 3,4M (N)",131,"58,792.8","2,306.5",452.3,95.31,96,"68,857,602.0",47627,167890,"72,727,844.0","3,219,845.9","1,024,672.1",94.68
,,43046507,SAFEROCK SEMI 25MM 12M A420,1/27/2026 2:16:22 PM,1/28/2026 1:45:18 AM,"121,314.0",58,,102524193,"PALANQUILLA 130X130MM AZA 1542 3,4M (N)",285,"127,908.0","5,372.9","1,221.1",94.84,95.3,"68,857,602.0",47627,167890,"72,727,844.0","3,219,845.9","1,024,672.1",94.68
,,43046536,SAFEROCK 25MM 12M A420,1/27/2026 5:07:31 PM,1/28/2026 6:10:22 AM,"147,042.0",74,,102524193,"PALANQUILLA 130X130MM AZA 1542 3,4M (N)",347,"155,733.6","7,806.4",885.3,94.42,95.3,"68,857,602.0",47627,167890,"72,727,844.0","3,219,845.9","1,024,672.1",94.68
,,43046508,"SAFEROCK SEMI 25MM 11,6M A420",1/27/2026 9:25:39 PM,1/27/2026 10:49:50 PM,"31,491.0",16,,102524193,"PALANQUILLA 130X130MM AZA 1542 3,4M (N)",77,"34,557.6","1,778.6","1,288.0",91.13,95.4,"68,857,602.0",47627,167890,"72,727,844.0","3,219,845.9","1,024,672.1",94.68
,,43046509,"SAFEROCK SEMI 25MM 10,8M A420",1/28/2026 6:30:56 AM,1/28/2026 8:08:06 AM,"45,275.0",23,,102524193,"PALANQUILLA 130X130MM AZA 1542 3,4M (N)",106,"47,572.8","1,332.7",965.1,95.17,95.3,"68,857,602.0",47627,167890,"72,727,844.0","3,219,845.9","1,024,672.1",94.68
,,43046510,SAFEROCK SEMI 25MM 10M A420,1/28/2026 8:28:49 AM,1/28/2026 10:53:17 AM,"58,065.0",28,,102524193,"PALANQUILLA 130X130MM AZA 1542 3,4M (N)",141,"63,280.8","4,538.4",677.4,91.76,95.4,"68,857,602.0",47627,167890,"72,727,844.0","3,219,845.9","1,024,672.1",94.68
,,43046511,SAFEROCK 25MM 10M A420,1/28/2026 11:14:32 AM,1/28/2026 1:45:19 PM,"64,700.0",32,,102524193,"PALANQUILLA 130X130MM AZA 1542 3,4M (N)",154,"69,115.2","2,560.8","1,854.4",93.61,95.4,"68,857,602.0",47627,167890,"72,727,844.0","3,219,845.9","1,024,672.1",94.68
,,43046512,SAFEROCK 25MM 12M A520D,1/28/2026 2:14:03 PM,1/28/2026 3:14:52 PM,"28,034.0",14,,119507026,"PALANQUILLA 130X130MM AZA 1631 3,4M (N)",66,"29,620.8",920.3,666.5,94.64,97,"68,857,602.0",47627,167890,"72,727,844.0","3,219,845.9","1,024,672.1",94.68
,,43046505,REDONDO LISO 1' 6M A615 GR60(P),1/28/2026 4:26:50 PM,1/28/2026 6:24:43 PM,"55,030.0",54,,119502582,"PALANQUILLA 130X130MM AZA 1050 3,4M (N) ",132,"59,241.6","3,733.0",478.6,92.89,97,"68,857,602.0",47627,167890,"72,727,844.0","3,219,845.9","1,024,672.1",94.68
,,43046513,REDONDO LISO 1' 6M SAE 1020 (N),1/28/2026 6:43:55 PM,1/28/2026 11:48:31 PM,"129,938.0",129,,102524143,"PALANQUILLA 130X130MM SAE 1020 3,4M (N)",308,"138,230.4","6,886.9","1,405.5",94.00,94.7,"68,857,602.0",47627,167890,"72,727,844.0","3,219,845.9","1,024,672.1",94.68
,,43046514,REDONDO LISO 1' 6M SAE 1045 (N),1/29/2026 12:08:39 AM,1/29/2026 1:47:25 AM,"47,334.0",46,,102526114,"PALANQUILLA 130X130MM SAE 1045 3,4M (N)",111,"49,816.8","2,117.7",365.1,95.02,94.7,"68,857,602.0",47627,167890,"72,727,844.0","3,219,845.9","1,024,672.1",94.68
,,43046515,PLANA 50X8MM 6M A270ES (N),1/29/2026 3:44:59 AM,1/29/2026 5:26:37 AM,"45,826.0",44,,102525180,"PALANQUILLA 130X130MM AZA 1011 3,4M (N)",109,"48,919.2","2,559.9",533.3,93.68,95.7,"68,857,602.0",47627,167890,"72,727,844.0","3,219,845.9","1,024,672.1",94.68
,,43046516,PLANA 50X5MM 6M A270ES (N),1/29/2026 6:54:37 AM,1/29/2026 11:29:56 AM,"98,031.0",97,,102525180,"PALANQUILLA 130X130MM AZA 1011 3,4M (N)",236,"105,916.8","15,070.6","2,955.0",92.55,96,"68,857,602.0",47627,167890,"72,727,844.0","3,219,845.9","1,024,672.1",94.68
,,43046544,ANGULO SEMI 30X30X5MM A270ES,1/29/2026 3:36:29 PM,1/29/2026 4:46:51 PM,"30,890.0",16,,102525180,"PALANQUILLA 130X130MM AZA 1011 3,4M (N)",74,"33,211.2","1,940.7",380.5,93.01,95.8,"68,857,602.0",47627,167890,"72,727,844.0","3,219,845.9","1,024,672.1",94.68
,,43046547,ANGULO SEMI 30X30X3MM A270ES,1/29/2026 5:40:46 PM,1/30/2026 5:49:49 AM,"197,450.0",107,,102526111,"PALANQUILLA 130X130MM AZA 1008 3,4M (N)",480,"215,424.0","14,066.6","3,907.4",91.66,96,"68,857,602.0",47627,167890,"72,727,844.0","3,219,845.9","1,024,672.1",94.68
,,43046548,CUADRADO 18MM 6M COMERCIAL (N),1/30/2026 7:13:57 AM,1/30/2026 8:24:45 AM,"32,559.0",33,,102526111,"PALANQUILLA 130X130MM AZA 1008 3,4M (N)",77,"34,557.6","1,229.9",768.7,94.22,95.4,"68,857,602.0",47627,167890,"72,727,844.0","3,219,845.9","1,024,672.1",94.68
,,43046550,REDONDO LISO 18MM 6M SAE 1020 (N),1/30/2026 10:04:47 AM,1/30/2026 11:14:38 AM,"31,973.0",31,,102524143,"PALANQUILLA 130X130MM SAE 1020 3,4M (N)",76,"34,108.8","1,802.1",333.7,93.74,95.3,"68,857,602.0",47627,167890,"72,727,844.0","3,219,845.9","1,024,672.1",94.68
,,43046479,B HORMIGON 18MM 7M A630-420H (N),1/30/2026 11:56:35 AM,1/30/2026 12:45:32 PM,"23,719.0",18,,102524188,"PALANQUILLA 130X130MM AZA 1541 3,4M (N)",56,"25,132.8",669.7,744.1,94.37,95.9,"68,857,602.0",47627,167890,"72,727,844.0","3,219,845.9","1,024,672.1",94.68
,,43046561,B HORMIGON 18MM 8M A630-420H (N),1/30/2026 1:04:31 PM,1/30/2026 3:22:49 PM,"59,215.0",41,,102526100,"PALANQUILLA 130X130MM AZA 1541 3,3M (N)",143,"62,290.8","1,794.2","1,281.6",95.06,96,"68,857,602.0",47627,167890,"72,727,844.0","3,219,845.9","1,024,672.1",94.68
,,43046562,B HORMIGON 18MM 9M A630-420H (N),1/30/2026 3:42:55 PM,1/30/2026 6:01:55 PM,"59,730.0",40,,102526100,"PALANQUILLA 130X130MM AZA 1541 3,3M (N)",146,"63,597.6","2,822.3","1,045.3",93.92,95.9,"68,857,602.0",47627,167890,"72,727,844.0","3,219,845.9","1,024,672.1",94.68
,,43046563,B HORMIGON 18MM 9M A630-420H (N),1/30/2026 6:28:18 PM,1/30/2026 6:40:24 PM,"9,069.0",6,,102524188,"PALANQUILLA 130X130MM AZA 1541 3,4M (N)",22,"9,873.6",587.1,217.5,91.85,95.9,"68,857,602.0",47627,167890,"72,727,844.0","3,219,845.9","1,024,672.1",94.68
,,43046564,B HORMIGON 18MM 12M A630-420H (N),1/30/2026 7:02:50 PM,1/30/2026 11:28:21 PM,"108,299.0",67,,102524188,"PALANQUILLA 130X130MM AZA 1541 3,4M (N)",253,"113,546.4","4,310.4",937.0,95.38,96,"68,857,602.0",47627,167890,"72,727,844.0","3,219,845.9","1,024,672.1",94.68
,,43046565,B HORMIGON 18MM 11M A630-420H (N),1/30/2026 11:52:43 PM,1/31/2026 5:33:45 AM,"131,364.0",86,,102524188,"PALANQUILLA 130X130MM AZA 1541 3,4M (N)",308,"138,230.4","5,570.9","1,295.6",95.03,96,"68,857,602.0",47627,167890,"72,727,844.0","3,219,845.9","1,024,672.1",94.68
,,43046566,B HORMIGON 18MM 10M A630-420H (N),1/31/2026 5:50:31 AM,1/31/2026 10:11:11 AM,"89,449.0",57,,102524188,"PALANQUILLA 130X130MM AZA 1541 3,4M (N)",210,"94,248.0","3,250.9","1,548.1",94.91,96,"68,857,602.0",47627,167890,"72,727,844.0","3,219,845.9","1,024,672.1",94.68
,,43046657,B HORMIGON 18MM 6M A630-420H (N),1/31/2026 10:33:03 AM,1/31/2026 1:01:51 PM,"62,733.0",60,,102524188,"PALANQUILLA 130X130MM AZA 1541 3,4M (N)",149,"66,871.2","3,399.2",739.0,93.81,96,"68,857,602.0",47627,167890,"72,727,844.0","3,219,845.9","1,024,672.1",94.68
,,43046638,B HORMIGON 18MM 6M A630-420H (N),2/2/2026 1:05:29 AM,2/2/2026 2:55:21 AM,"48,334.0",47,,102524188,"PALANQUILLA 130X130MM AZA 1541 3,4M (N)",113,"50,714.4","1,955.3",425.1,95.31,96,"68,857,602.0",47627,167890,"72,727,844.0","3,219,845.9","1,024,672.1",94.68
,,43046639,B HORMIGON 22MM 12M A630-420H (N),2/2/2026 4:16:39 AM,2/2/2026 6:25:01 PM,"284,576.0",185,,102513132,"PALANQUILLA 130X130MM AZA 1541 3,1M (N)",739,"302,398.8","14,852.3","2,970.5",94.11,97.4,"68,857,602.0",47627,167890,"72,727,844.0","3,219,845.9","1,024,672.1",94.68
,,43046672,B HORMIGON 22MM 12M A630-420H (N),2/2/2026 6:48:48 PM,2/2/2026 6:55:17 PM,"8,559.0",5,,102513121,"PALANQUILLA 130X130MM AZA 1541 3,2M (N)",22,"9,292.8",611.5,122.3,92.10,97.4,"68,857,602.0",47627,167890,"72,727,844.0","3,219,845.9","1,024,672.1",94.68
,,43046674,B HORMIGON 22MM 10M A630-420H (N),2/2/2026 7:38:46 PM,2/2/2026 8:48:32 PM,"33,638.0",22,,102524188,"PALANQUILLA 130X130MM AZA 1541 3,4M (N)",80,"35,904.0","1,971.7",294.3,93.69,97.4,"68,857,602.0",47627,167890,"72,727,844.0","3,219,845.9","1,024,672.1",94.68
,,43046675,B HORMIGON 22MM 7M A630-420H (N),2/2/2026 9:10:52 PM,2/3/2026 1:18:19 AM,"99,872.0",70,,102524188,"PALANQUILLA 130X130MM AZA 1541 3,4M (N)",236,"105,916.8","5,411.5",633.3,94.29,97.4,"68,857,602.0",47627,167890,"72,727,844.0","3,219,845.9","1,024,672.1",94.68
,,43046673,B HORMIGON 22MM 6M A630-420H (N),2/3/2026 1:38:31 AM,2/3/2026 3:52:17 AM,"57,385.0",53,,102513121,"PALANQUILLA 130X130MM AZA 1541 3,2M (N)",143,"60,403.2","2,075.0",943.2,95.00,97.4,"68,857,602.0",47627,167890,"72,727,844.0","3,219,845.9","1,024,672.1",94.68
,,43046643,PLANA 50X12MM 6M A270ES,2/3/2026 6:13:51 AM,2/3/2026 7:33:58 AM,"37,866.0",36,,102525180,"PALANQUILLA 130X130MM AZA 1011 3,4M (N)",90,"40,392.0","2,198.0",328.1,93.75,95.1,"68,857,602.0",47627,167890,"72,727,844.0","3,219,845.9","1,024,672.1",94.68
,,43046644,PLANA 50X10MM 6M A270ES (N),2/3/2026 8:54:19 AM,2/3/2026 12:35:55 PM,"92,160.0",90,,102525180,"PALANQUILLA 130X130MM AZA 1011 3,4M (N)",218,"97,838.4","4,843.3",835.1,94.20,95.4,"68,857,602.0",47627,167890,"72,727,844.0","3,219,845.9","1,024,672.1",94.68
,,43046645,PLANA 63X12MM 6M A270ES,2/3/2026 2:37:42 PM,2/3/2026 5:25:17 PM,"49,230.0",49,,102525180,"PALANQUILLA 130X130MM AZA 1011 3,4M (N)",120,"53,856.0","4,139.1",487.0,91.41,94.8,"68,857,602.0",47627,167890,"72,727,844.0","3,219,845.9","1,024,672.1",94.68
,,43046646,PLANA 63X10MM 6M A270 (N),2/3/2026 6:04:36 PM,2/3/2026 8:07:34 PM,"49,943.0",54,,102525180,"PALANQUILLA 130X130MM AZA 1011 3,4M (N)",119,"53,407.2","2,896.3",567.9,93.51,95.2,"68,857,602.0",47627,167890,"72,727,844.0","3,219,845.9","1,024,672.1",94.68
,,43046647,PLANA 63X6MM 6M A270ES (N),2/3/2026 9:41:12 PM,2/3/2026 11:13:42 PM,"39,904.0",37,,102525180,"PALANQUILLA 130X130MM AZA 1011 3,4M (N)",94,"42,187.2","1,908.9",374.3,94.59,95.7,"68,857,602.0",47627,167890,"72,727,844.0","3,219,845.9","1,024,672.1",94.68
,,43046648,PLANA 63X5MM 6M A270ES (N),2/4/2026 12:33:22 AM,2/4/2026 7:44:34 AM,"142,247.0",136,,102525180,"PALANQUILLA 130X130MM AZA 1011 3,4M (N)",338,"151,694.4","7,898.7","1,548.8",93.77,95.8,"68,857,602.0",47627,167890,"72,727,844.0","3,219,845.9","1,024,672.1",94.68
,,43046725,PLANA 63X5MM 6M A270ES (N),2/4/2026 8:06:22 AM,2/4/2026 8:11:14 AM,"6,432.0",6,,102513096,"PALANQUILLA 130X130MM AZA 1011 3,2M (N)",16,"6,758.4",272.9,53.5,95.17,95.8,"68,857,602.0",47627,167890,"72,727,844.0","3,219,845.9","1,024,672.1",94.68
,,43046712,ANGULO SEMI 40X40X5MM A270ES,2/4/2026 5:46:52 PM,2/4/2026 10:37:07 PM,"89,909.0",45,,102525180,"PALANQUILLA 130X130MM AZA 1011 3,4M (N)",215,"96,492.0","5,503.8","1,079.2",93.18,95.4,"68,857,602.0",47627,167890,"72,727,844.0","3,219,845.9","1,024,672.1",94.68
,,43046713,ANGULO SEMI 40X40X4MM A270ES,2/4/2026 11:40:25 PM,2/5/2026 2:15:55 AM,"60,188.0",30,,102525180,"PALANQUILLA 130X130MM AZA 1011 3,4M (N)",143,"64,178.4","3,336.2",654.2,93.78,95.3,"68,857,602.0",47627,167890,"72,727,844.0","3,219,845.9","1,024,672.1",94.68
,,43046714,ANGULO SEMI 40X40X3MM A270ES,2/5/2026 3:52:51 AM,2/5/2026 12:42:23 PM,"145,922.0",81,,102525180,"PALANQUILLA 130X130MM AZA 1011 3,4M (N)",346,"155,284.8","7,079.2","2,283.6",93.97,95.7,"68,857,602.0",47627,167890,"72,727,844.0","3,219,845.9","1,024,672.1",94.68
,,43046728,ANGULO SEMI 40X40X3MM A270ES,2/5/2026 12:58:20 PM,2/5/2026 1:16:31 PM,"11,807.0",7,,102526111,"PALANQUILLA 130X130MM AZA 1008 3,4M (N)",28,"12,566.4",574.2,185.2,93.96,95.7,"68,857,602.0",47627,167890,"72,727,844.0","3,219,845.9","1,024,672.1",94.68
,,43046740,B HORMIGON 25MM 11M A630-420H (N),2/5/2026 3:20:10 PM,2/5/2026 8:32:17 PM,"127,587.0",84,,102526100,"PALANQUILLA 130X130MM AZA 1541 3,3M (N)",307,"133,729.2","3,562.5","2,579.7",95.41,95,"68,857,602.0",47627,167890,"72,727,844.0","3,219,845.9","1,024,672.1",94.68
,,43046741,B HORMIGON 25MM 7M A630-420H (N),2/5/2026 11:12:00 PM,2/6/2026 3:38:10 AM,"102,039.0",66,,102524188,"PALANQUILLA 130X130MM AZA 1541 3,4M (N)",242,"108,609.6","5,882.3",688.4,93.95,95,"68,857,602.0",47627,167890,"72,727,844.0","3,219,845.9","1,024,672.1",94.68
,,43046742,B HORMIGON 25MM 6M A630-420H (N),2/6/2026 4:01:42 AM,2/6/2026 8:08:20 AM,"104,598.0",107,,102526100,"PALANQUILLA 130X130MM AZA 1541 3,3M (N)",253,"110,206.8","3,253.1","2,355.7",94.91,95,"68,857,602.0",47627,167890,"72,727,844.0","3,219,845.9","1,024,672.1",94.68
,,43046746,PLANA 38X10MM 6M A270ES (N),2/6/2026 11:33:58 AM,2/6/2026 2:16:18 PM,"45,411.0",42,,102525180,"PALANQUILLA 130X130MM AZA 1011 3,4M (N)",108,"48,470.4","2,656.9",402.6,93.69,95.8,"68,857,602.0",47627,167890,"72,727,844.0","3,219,845.9","1,024,672.1",94.68
,,43046748,PLANA 38X8MM 6M A270ES (N),2/6/2026 3:36:13 PM,2/6/2026 5:09:47 PM,"45,506.0",43,,102525180,"PALANQUILLA 130X130MM AZA 1011 3,4M (N)",106,"47,572.8","1,728.0",338.8,95.66,96,"68,857,602.0",47627,167890,"72,727,844.0","3,219,845.9","1,024,672.1",94.68
,,43046788,PLANA 50X3 MM 6M A270ES (N),2/6/2026 7:05:43 PM,2/7/2026 12:17:30 AM,"74,933.0",75,,102525180,"PALANQUILLA 130X130MM AZA 1011 3,4M (N)",180,"80,784.0","4,891.8",959.2,92.76,96.3,"68,857,602.0",47627,167890,"72,727,844.0","3,219,845.9","1,024,672.1",94.68
,,43046820,PLANA 50X3 MM 6M A270ES (N),2/7/2026 1:20:20 AM,2/7/2026 4:54:03 AM,"59,887.0",58,,102524390,"PALANQUILLA 130X130MM AZA 1008 3,2M (N) ",154,"65,049.6","4,483.3",679.3,92.06,96.3,"68,857,602.0",47627,167890,"72,727,844.0","3,219,845.9","1,024,672.1",94.68
,,43046819,CUADRADO 16MM 6M COMERCIAL (N),2/7/2026 7:14:29 AM,2/7/2026 8:25:48 AM,"30,824.0",32,,102524390,"PALANQUILLA 130X130MM AZA 1008 3,2M (N) ",80,"33,792.0","2,473.3",494.7,91.22,95.5,"68,857,602.0",47627,167890,"72,727,844.0","3,219,845.9","1,024,672.1",94.68
,,43046751,"SAFEROCK SEMI 22MM 10,5M A280D",2/7/2026 9:55:51 AM,2/9/2026 2:35:49 AM,"104,035.0",52,,119505172,"PALANQUILLA 130X130MM AZA 1613 3,4M (N)",260,"116,688.0","10,870.9","1,782.1",89.16,97,"68,857,602.0",47627,167890,"72,727,844.0","3,219,845.9","1,024,672.1",94.68
,,43046752,SAFEROCK SEMI 22MM 12M A280D,2/9/2026 2:48:29 AM,2/9/2026 7:20:51 AM,"63,041.0",36,,119505172,"PALANQUILLA 130X130MM AZA 1613 3,4M (N)",149,"66,871.2","3,290.7",539.5,94.27,97,"68,857,602.0",47627,167890,"72,727,844.0","3,219,845.9","1,024,672.1",94.68
,,43046753,SAFEROCK 22MM 12M A280,2/9/2026 7:48:53 AM,2/9/2026 10:55:55 AM,"61,787.0",31,,119502731,"PALANQUILLA 130X130MM AZA 1021 3,2M (N)",156,"65,894.4","2,382.3","1,725.1",93.77,95.9,"68,857,602.0",47627,167890,"72,727,844.0","3,219,845.9","1,024,672.1",94.68
,,43046809,SAFEROCK SEMI 22MM 12M A280,2/9/2026 11:12:44 AM,2/9/2026 5:47:25 PM,"138,716.0",71,,119502731,"PALANQUILLA 130X130MM AZA 1021 3,2M (N)",349,"147,417.6","7,383.2","1,318.4",94.10,95.9,"68,857,602.0",47627,167890,"72,727,844.0","3,219,845.9","1,024,672.1",94.68
,,43046810,"SAFEROCK SEMI 22MM 10,5M A280",2/9/2026 6:12:08 PM,2/10/2026 12:43:53 AM,"48,459.0",23,,119502731,"PALANQUILLA 130X130MM AZA 1021 3,2M (N)",121,"51,110.4","2,278.0",373.4,94.81,95.8,"68,857,602.0",47627,167890,"72,727,844.0","3,219,845.9","1,024,672.1",94.68
,,43046811,SAFEROCK SEMI 22MM 10M A280,2/10/2026 1:10:31 AM,2/10/2026 5:44:24 AM,"108,935.0",56,,102524194,"PALANQUILLA 130X130MM AZA 1021 3,4M (N)",261,"117,136.8","7,176.6","1,025.2",93.00,95.3,"68,857,602.0",47627,167890,"72,727,844.0","3,219,845.9","1,024,672.1",94.68
,,43046812,B HORMIGON 18MM 12M A630-420H (N),2/10/2026 7:35:11 AM,2/11/2026 2:31:57 AM,"424,648.0",273,,102524188,"PALANQUILLA 130X130MM AZA 1541 3,4M (N)",1002,"449,697.6","20,576.5","4,473.1",94.43,96,"68,857,602.0",47627,167890,"72,727,844.0","3,219,845.9","1,024,672.1",94.68
,,43046815,B HORMIGON 18MM 9M A630-420H (N),2/11/2026 2:50:53 AM,2/11/2026 3:30:13 AM,"21,291.0",14,,102524188,"PALANQUILLA 130X130MM AZA 1541 3,4M (N)",50,"22,440.0",838.5,310.5,94.88,95.9,"68,857,602.0",47627,167890,"72,727,844.0","3,219,845.9","1,024,672.1",94.68
,,43046816,B HORMIGON 18MM 8M A630-420H (N),2/11/2026 3:53:13 AM,2/11/2026 4:35:13 AM,"23,692.0",17,,102524188,"PALANQUILLA 130X130MM AZA 1541 3,4M (N)",56,"25,132.8","1,051.4",389.4,94.27,96,"68,857,602.0",47627,167890,"72,727,844.0","3,219,845.9","1,024,672.1",94.68
,,43046817,B HORMIGON 18MM 7M A630-420H (N),2/11/2026 5:11:49 AM,2/11/2026 5:59:35 AM,"21,668.0",16,,102524188,"PALANQUILLA 130X130MM AZA 1541 3,4M (N)",51,"22,888.8",578.3,642.5,94.67,95.9,"68,857,602.0",47627,167890,"72,727,844.0","3,219,845.9","1,024,672.1",94.68
,,43046818,B HORMIGON 18MM 6M A630-420H (N),2/11/2026 6:23:39 AM,2/11/2026 8:02:27 AM,"45,400.0",47,,102524188,"PALANQUILLA 130X130MM AZA 1541 3,4M (N)",106,"47,572.8","1,784.8",388.0,95.43,96,"68,857,602.0",47627,167890,"72,727,844.0","3,219,845.9","1,024,672.1",94.68
,,43046847,B HORMIGON 36MM 12M A630-420HS (N),2/11/2026 5:40:40 PM,2/11/2026 8:00:23 PM,"52,250.0",35,,119506259,"PALANQUILLA 130X130MM AZA 1629 3,1M (N)",141,"57,697.2","3,159.4","2,287.8",90.56,96,"68,857,602.0",47627,167890,"72,727,844.0","3,219,845.9","1,024,672.1",94.68
,,43046848,B HORMIGON 36MM 8M A630-420HS (N),2/11/2026 8:47:02 PM,2/11/2026 9:25:00 PM,"21,594.0",14,,119506260,"PALANQUILLA 130X130MM AZA 1629 3,2M (N)",56,"23,654.4","1,195.0",865.4,91.29,97,"68,857,602.0",47627,167890,"72,727,844.0","3,219,845.9","1,024,672.1",94.68
,,43046849,B HORMIGON 36MM 10M A630-420H (N),2/11/2026 10:17:03 PM,2/11/2026 11:25:56 PM,"34,390.0",26,,102513121,"PALANQUILLA 130X130MM AZA 1541 3,2M (N)",90,"38,016.0","2,103.1","1,522.9",90.46,96,"68,857,602.0",47627,167890,"72,727,844.0","3,219,845.9","1,024,672.1",94.68
,,43046850,B HORMIGON 36MM 9M A630-420H (N),2/11/2026 11:58:30 PM,2/12/2026 1:11:50 AM,"30,354.0",20,,102513145,"PALANQUILLA 130X130MM AZA 1541 2,9M (N)",86,"32,920.8","1,488.7","1,078.1",92.20,97,"68,857,602.0",47627,167890,"72,727,844.0","3,219,845.9","1,024,672.1",94.68
,,43046851,B HORMIGON 32MM 12M A630-420H (N),2/12/2026 4:07:11 AM,2/12/2026 1:47:16 PM,"199,067.0",134,,102513137,PALANQUILLA 130X130MM AZA 1541 3M (N),523,"207,108.0","4,663.8","3,377.2",96.12,96,"68,857,602.0",47627,167890,"72,727,844.0","3,219,845.9","1,024,672.1",94.68
,,43046876,B HORMIGON R 28MM 12M A630-420H (N),2/12/2026 3:02:17 PM,2/12/2026 3:42:46 PM,"21,106.0",15,,102513121,"PALANQUILLA 130X130MM AZA 1541 3,2M (N)",55,"23,232.0","1,233.1",892.9,90.85,97,"68,857,602.0",47627,167890,"72,727,844.0","3,219,845.9","1,024,672.1",94.68
,,43046870,B HORMIGON 28MM 12M A630-420H (N),2/12/2026 4:04:12 PM,2/13/2026 11:01:49 AM,"432,063.0",277,,102513121,"PALANQUILLA 130X130MM AZA 1541 3,2M (N)",1080,"456,192.0","13,994.8","10,134.2",94.71,96,"68,857,602.0",47627,167890,"72,727,844.0","3,219,845.9","1,024,672.1",94.68
,,43046871,B HORMIGON 28MM 11M A630-420H (N),2/13/2026 11:58:54 AM,2/13/2026 4:29:34 PM,"100,975.0",69,,102513137,PALANQUILLA 130X130MM AZA 1541 3M (N),274,"108,504.0","4,366.8","3,162.2",93.06,94,"68,857,602.0",47627,167890,"72,727,844.0","3,219,845.9","1,024,672.1",94.68
,,43046872,B HORMIGON 28MM 10M A630-420H (N),2/13/2026 4:59:01 PM,2/13/2026 9:53:07 PM,"100,751.0",66,,102524188,"PALANQUILLA 130X130MM AZA 1541 3,4M (N)",241,"108,160.8","4,297.7","3,112.1",93.15,96,"68,857,602.0",47627,167890,"72,727,844.0","3,219,845.9","1,024,672.1",94.68
,,43046873,B HORMIGON 28MM 9M A630-420H (N),2/13/2026 10:19:36 PM,2/14/2026 1:00:50 PM,"130,174.0",89,,102524188,"PALANQUILLA 130X130MM AZA 1541 3,4M (N)",308,"138,230.4","4,672.7","3,383.7",94.17,94,"68,857,602.0",47627,167890,"72,727,844.0","3,219,845.9","1,024,672.1",94.68
,,43046875,B HORMIGON 28MM 7M A630-420H (N),2/14/2026 1:59:54 AM,2/14/2026 10:26:41 AM,"156,353.0",108,,102513121,"PALANQUILLA 130X130MM AZA 1541 3,2M (N)",396,"167,270.4","6,332.1","4,585.3",93.47,96,"68,857,602.0",47627,167890,"72,727,844.0","3,219,845.9","1,024,672.1",94.68
,,43046874,B HORMIGON 28MM 8M A630-420H (N),2/16/2026 1:53:51 AM,2/16/2026 6:17:16 AM,"95,867.0",65,,102524188,"PALANQUILLA 130X130MM AZA 1541 3,4M (N)",225,"100,980.0","2,965.5","2,147.5",94.94,96,"68,857,602.0",47627,167890,"72,727,844.0","3,219,845.9","1,024,672.1",94.68
,,43046892,B HORMIGON 28MM 6M A630-420H (N),2/16/2026 6:39:28 AM,2/16/2026 7:20:41 AM,"21,152.0",23,,102524188,"PALANQUILLA 130X130MM AZA 1541 3,4M (N)",50,"22,440.0",747.0,541.0,94.26,96,"68,857,602.0",47627,167890,"72,727,844.0","3,219,845.9","1,024,672.1",94.68
,,43046893,B HORMIGON R 25MM 12M A630-420HS(N),2/16/2026 9:28:56 AM,2/16/2026 11:33:14 AM,"53,588.0",33,,119506261,"PALANQUILLA 130X130MM AZA 1629 3,3M (N)",133,"57,934.8","3,891.4",455.4,92.50,97,"68,857,602.0",47627,167890,"72,727,844.0","3,219,845.9","1,024,672.1",94.68
,,43046894,B HORMIGON 25MM 12M A630-420H (N),2/16/2026 12:09:13 PM,2/16/2026 1:00:10 PM,"22,488.0",14,,102526100,"PALANQUILLA 130X130MM AZA 1541 3,3M (N)",55,"23,958.0","1,316.0",154.0,93.86,95,"68,857,602.0",47627,167890,"72,727,844.0","3,219,845.9","1,024,672.1",94.68
,,43046895,"SAFEROCK SEMI 25MM 10,5M A420",2/16/2026 4:33:46 PM,2/16/2026 6:54:49 PM,"49,673.0",23,,102524193,"PALANQUILLA 130X130MM AZA 1542 3,4M (N)",115,"51,612.0","1,796.8",142.2,96.24,95,"68,857,602.0",47627,167890,"72,727,844.0","3,219,845.9","1,024,672.1",94.68
,,43046896,SAFEROCK SEMI 25MM 10M A420,2/16/2026 7:19:15 PM,2/16/2026 8:35:37 PM,"31,168.0",14,,102524193,"PALANQUILLA 130X130MM AZA 1542 3,4M (N)",74,"33,211.2","1,777.9",265.4,93.85,95.4,"68,857,602.0",47627,167890,"72,727,844.0","3,219,845.9","1,024,672.1",94.68
,,43046897,SAFEROCK SEMI 25MM 12M A420,2/16/2026 9:04:06 PM,2/16/2026 10:07:00 PM,"31,705.0",13,,102524193,"PALANQUILLA 130X130MM AZA 1542 3,4M (N)",74,"33,211.2","1,227.3",278.9,95.46,95.3,"68,857,602.0",47627,167890,"72,727,844.0","3,219,845.9","1,024,672.1",94.68
,,43046898,"SAFEROCK SEMI 25MM 11,6M A420",2/16/2026 10:36:14 PM,2/16/2026 11:06:33 PM,"20,770.0",9,,102524193,"PALANQUILLA 130X130MM AZA 1542 3,4M (N)",50,"22,440.0",968.6,701.4,92.56,95.4,"68,857,602.0",47627,167890,"72,727,844.0","3,219,845.9","1,024,672.1",94.68
,,43046923,"SAFEROCK 25MM 11,96M A520",2/16/2026 11:31:18 PM,2/17/2026 12:36:35 AM,"25,881.0",12,,119502414,"PALANQUILLA 130X130MM DESARROLLO 3,4M (N",71,"31,864.8","3,470.6","2,513.2",81.22,97,"68,857,602.0",47627,167890,"72,727,844.0","3,219,845.9","1,024,672.1",94.68
,,43046924,"SAFEROCK 25MM 8,4M A520",2/17/2026 12:59:59 AM,2/17/2026 1:39:18 AM,"24,855.0",13,,119502414,"PALANQUILLA 130X130MM DESARROLLO 3,4M (N",59,"26,479.2",942.0,682.2,93.87,97,"68,857,602.0",47627,167890,"72,727,844.0","3,219,845.9","1,024,672.1",94.68
,,43046901,PLANA 50X6MM 6M A270ES (N),2/17/2026 6:14:21 AM,2/17/2026 7:18:09 AM,"86,938.0",82,,102525180,"PALANQUILLA 130X130MM AZA 1011 3,4M (N)",215,"96,492.0","8,374.5","1,179.5",90.10,96,"68,857,602.0",47627,167890,"72,727,844.0","3,219,845.9","1,024,672.1",94.68
,,43046902,PLANA 50X5MM 6M A270ES (N),2/17/2026 8:31:55 AM,2/17/2026 9:36:01 AM,"29,760.0",30,,102525180,"PALANQUILLA 130X130MM AZA 1011 3,4M (N)",71,"31,864.8","1,759.8",345.1,93.39,96,"68,857,602.0",47627,167890,"72,727,844.0","3,219,845.9","1,024,672.1",94.68
,,43046903,ANGULO SEMI 40X40X3MM A270ES,2/17/2026 12:45:50 PM,2/18/2026 9:02:29 AM,"311,208.0",170,,102525180,"PALANQUILLA 130X130MM AZA 1011 3,4M (N)",741,"332,560.8","16,144.8","5,208.0",93.58,95.7,"68,857,602.0",47627,167890,"72,727,844.0","3,219,845.9","1,024,672.1",94.68
,,43046945,REDONDO LISO 12MM 6M SAE 1020 (N),2/18/2026 6:54:17 PM,2/19/2026 6:33:11 PM,"215,267.0",209,,102513162,"PALANQUILLA 130X130MM SAE 1020 2,9M (N)",629,"240,781.2","20,958.1","4,556.1",89.40,95.9,"68,857,602.0",47627,167890,"72,727,844.0","3,219,845.9","1,024,672.1",94.68
,,43046958,PLANA 25X5MM 6M A270ES (N),2/19/2026 9:13:19 PM,2/20/2026 12:05:56 AM,"47,048.0",47,,102513114,"PALANQUILLA 130X130MM AZA 1011 2,9M (N)",132,"50,529.6","2,870.8",610.8,93.11,96.5,"68,857,602.0",47627,167890,"72,727,844.0","3,219,845.9","1,024,672.1",94.68
,,43046959,PLANA 18X8MM 6M COM (Canto-RED) (N),2/20/2026 1:38:35 AM,2/20/2026 2:36:45 AM,"22,412.0",24,,102513114,"PALANQUILLA 130X130MM AZA 1011 2,9M (N)",62,"23,733.6","1,108.4",213.2,94.43,96.6,"68,857,602.0",47627,167890,"72,727,844.0","3,219,845.9","1,024,672.1",94.68
,,43046960,PLANA 18X8MM 6M COMERCIAL (N),2/20/2026 3:36:40 AM,2/20/2026 4:37:33 AM,"22,193.0",24,,102513114,"PALANQUILLA 130X130MM AZA 1011 2,9M (N)",62,"23,733.6","2,058.5",395.9,93.51,96.6,"68,857,602.0",47627,167890,"72,727,844.0","3,219,845.9","1,024,672.1",94.68
,,43046979,"PLANA 19X7,3MM 6M COMERCIAL (N)",2/20/2026 5:20:44 AM,2/20/2026 6:55:15 AM,"31,777.0",32,,102513114,"PALANQUILLA 130X130MM AZA 1011 2,9M (N)",88,"33,686.4","1,615.7",293.8,94.33,96.7,"68,857,602.0",47627,167890,"72,727,844.0","3,219,845.9","1,024,672.1",94.68
,,43046962,PLANA 32X3MM 6M A270ES (N),2/20/2026 9:44:35 AM,2/20/2026 2:45:04 PM,"55,405.0",56,,102513114,"PALANQUILLA 130X130MM AZA 1011 2,9M (N)",156,"59,716.8","3,605.0",706.9,92.78,96.6,"68,857,602.0",47627,167890,"72,727,844.0","3,219,845.9","1,024,672.1",94.68
,,43046978,CUADRADO 12MM 6M COMERCIAL (N),2/20/2026 8:05:29 PM,2/20/2026 11:49:28 PM,"77,364.0",73,,102524390,"PALANQUILLA 130X130MM AZA 1008 3,2M (N) ",196,"82,790.4","4,578.5",847.9,93.45,96.6,"68,857,602.0",47627,167890,"72,727,844.0","3,219,845.9","1,024,672.1",94.68
,,43046964,PLANA 32X6MM 6M A270ES (N),2/21/2026 4:19:37 AM,2/21/2026 5:37:30 AM,"29,809.0",28,,102513096,"PALANQUILLA 130X130MM AZA 1011 3,2M (N)",78,"32,947.2","2,623.7",514.5,90.48,96.5,"68,857,602.0",47627,167890,"72,727,844.0","3,219,845.9","1,024,672.1",94.68
,,43046965,PLANA 32X5MM 6M A270ES (N),2/21/2026 6:21:15 AM,2/21/2026 7:50:52 AM,"36,240.0",34,,102513096,"PALANQUILLA 130X130MM AZA 1011 3,2M (N)",91,"38,438.4","1,798.7",399.7,94.28,96.6,"68,857,602.0",47627,167890,"72,727,844.0","3,219,845.9","1,024,672.1",94.68
,,43046966,"PLANA ASERRADA 32X4,85MM 6M A270ES (N)",2/21/2026 9:06:22 AM,2/21/2026 1:15:30 PM,"86,731.0",86,,102513096,"PALANQUILLA 130X130MM AZA 1011 3,2M (N)",217,"91,660.8","4,121.6",808.2,94.62,96.5,"68,857,602.0",47627,167890,"72,727,844.0","3,219,845.9","1,024,672.1",94.68
,,43046967,PLANA 38X3MM 6M A270ES (N),2/23/2026 2:58:42 AM,2/23/2026 10:02:14 AM,"107,368.0",101,,102513096,"PALANQUILLA 130X130MM AZA 1011 3,2M (N)",271,"114,470.4","5,938.1","1,164.3",93.80,96.6,"68,857,602.0",47627,167890,"72,727,844.0","3,219,845.9","1,024,672.1",94.68
,,43046992,ANGULO SEMI 25X25X3MM A270ES,2/23/2026 1:25:53 PM,2/23/2026 9:10:00 PM,"138,377.0",64,,102525180,"PALANQUILLA 130X130MM AZA 1011 3,4M (N)",324,"145,411.2","5,881.1","1,153.2",95.16,96.3,"68,857,602.0",47627,167890,"72,727,844.0","3,219,845.9","1,024,672.1",94.68
,,43046993,REDONDO LISO 16MM 6M SAE 1020 (N),2/24/2026 12:00:48 AM,2/24/2026 5:54:05 AM,"130,843.0",127,,102524143,"PALANQUILLA 130X130MM SAE 1020 3,4M (N)",311,"139,576.8","7,390.1","1,343.7",93.74,95.8,"68,857,602.0",47627,167890,"72,727,844.0","3,219,845.9","1,024,672.1",94.68
,,43047006,REDONDO LISO 16MM 6M SAE 1020 (N),2/24/2026 6:14:37 AM,2/24/2026 7:44:23 AM,"33,940.0",33,,102513162,"PALANQUILLA 130X130MM SAE 1020 2,9M (N)",93,"35,600.4","1,405.0",255.5,95.34,95.8,"68,857,602.0",47627,167890,"72,727,844.0","3,219,845.9","1,024,672.1",94.68
,,43046997,REDONDO LISO 5/8' 6M SAE 1020 (N),2/24/2026 8:34:07 AM,2/24/2026 10:55:12 AM,"56,962.0",55,,102524143,"PALANQUILLA 130X130MM SAE 1020 3,4M (N)",137,"61,485.6","3,670.1",853.5,92.64,95.9,"68,857,602.0",47627,167890,"72,727,844.0","3,219,845.9","1,024,672.1",94.68
,,43046994,ANGULO SEMI 50X50X6MM A270ES,2/24/2026 2:40:23 PM,2/24/2026 7:26:46 PM,"87,484.0",43,,102525180,"PALANQUILLA 130X130MM AZA 1011 3,4M (N)",211,"94,696.8","6,030.4","1,182.4",92.38,94.6,"68,857,602.0",47627,167890,"72,727,844.0","3,219,845.9","1,024,672.1",94.68
,,43046995,ANGULO SEMI 50X50X5MM A270ES,2/24/2026 8:58:45 PM,2/25/2026 1:05:13 AM,"90,205.0",44,,102525180,"PALANQUILLA 130X130MM AZA 1011 3,4M (N)",217,"97,389.6","7,039.3","1,637.1",92.62,94.8,"68,857,602.0",47627,167890,"72,727,844.0","3,219,845.9","1,024,672.1",94.68
,,43046996,ANGULO SEMI 50X50X3MM A270ES,2/25/2026 2:38:11 AM,2/25/2026 12:38:50 PM,"157,069.0",93,,102525180,"PALANQUILLA 130X130MM AZA 1011 3,4M (N)",374,"167,851.2","9,014.6","1,767.6",93.58,95.3,"68,857,602.0",47627,167890,"72,727,844.0","3,219,845.9","1,024,672.1",94.68
,,43047020,ANGULO SEMI 80X80X10MM A270ES,2/25/2026 5:11:52 PM,2/25/2026 6:44:09 PM,"30,159.0",15,,102525180,"PALANQUILLA 130X130MM AZA 1011 3,4M (N)",74,"33,211.2","2,559.9",492.3,90.81,94.1,"68,857,602.0",47627,167890,"72,727,844.0","3,219,845.9","1,024,672.1",94.68
,,43047021,ANGULO SEMI 80X80X8MM A270ES,2/25/2026 8:04:43 PM,2/25/2026 10:23:55 PM,"32,383.0",17,,102525180,"PALANQUILLA 130X130MM AZA 1011 3,4M (N)",73,"32,762.4","2,344.7",459.7,98.84,93.4,"68,857,602.0",47627,167890,"72,727,844.0","3,219,845.9","1,024,672.1",94.68
,,43047022,ANGULO SEMI 80X80X6MM A270ES,2/26/2026 12:01:17 AM,2/26/2026 7:03:49 AM,"138,572.0",70,,102525180,"PALANQUILLA 130X130MM AZA 1011 3,4M (N)",326,"146,308.8","6,831.7","1,339.5",94.71,94.9,"68,857,602.0",47627,167890,"72,727,844.0","3,219,845.9","1,024,672.1",94.68
,,43047023,ANG SEMI 80X80X6MM 12M ASTM A572 T2 (N),2/26/2026 7:43:35 AM,2/26/2026 8:31:18 AM,"23,651.0",10,,119505172,"PALANQUILLA 130X130MM AZA 1613 3,4M (N)",56,"25,132.8","1,263.9",217.9,94.10,97,"68,857,602.0",47627,167890,"72,727,844.0","3,219,845.9","1,024,672.1",94.68
,,43047024,REDONDO LISO 1 3/4' 6M SAE 1045 (N),2/26/2026 11:16:09 AM,2/26/2026 12:02:34 PM,"15,632.0",20,,102513159,"PALANQUILLA 130X130MM SAE 1045 3,2M (N) ",43,"18,163.2","1,992.7",538.6,86.06,97,"68,857,602.0",47627,167890,"72,727,844.0","3,219,845.9","1,024,672.1",94.68
,,43047052,REDONDO LISO 1 3/4' 6M A36 (N),2/26/2026 12:26:40 PM,2/26/2026 3:15:02 PM,"15,630.0",15,,102525180,"PALANQUILLA 130X130MM AZA 1011 3,4M (N)",43,"19,298.4","2,127.7","1,540.7",80.99,97,"68,857,602.0",47627,167890,"72,727,844.0","3,219,845.9","1,024,672.1",94.68
,,43047025,REDONDO LISO 1 1/2' 6M ASTM A 36 (N),2/26/2026 5:28:11 PM,2/26/2026 6:02:37 PM,"16,997.0",16,,102525180,"PALANQUILLA 130X130MM AZA 1011 3,4M (N)",43,"19,298.4","1,967.9",333.5,88.07,94.3,"68,857,602.0",47627,167890,"72,727,844.0","3,219,845.9","1,024,672.1",94.68
,,43047027,REDONDO LISO 1 1/2' 6M SAE 1020 (N),2/26/2026 6:22:00 PM,2/26/2026 8:26:05 PM,"46,143.0",43,,102524143,"PALANQUILLA 130X130MM SAE 1020 3,4M (N)",106,"47,572.8","1,283.9",145.9,96.99,94.3,"68,857,602.0",47627,167890,"72,727,844.0","3,219,845.9","1,024,672.1",94.68
,,43047026,REDONDO LISO 1 1/2' 6M SAE 1045 (N),2/26/2026 8:44:12 PM,2/26/2026 9:26:16 PM,"21,354.0",20,,102526114,"PALANQUILLA 130X130MM SAE 1045 3,4M (N)",50,"22,440.0",950.3,135.8,95.16,94.3,"68,857,602.0",47627,167890,"72,727,844.0","3,219,845.9","1,024,672.1",94.68
,,43047030,REDONDO LISO 1 1/4' 6M ASTM A 36 (N),2/26/2026 11:04:48 PM,2/26/2026 11:45:27 PM,"20,819.0",20,,102513096,"PALANQUILLA 130X130MM AZA 1011 3,2M (N)",55,"23,232.0","2,138.8",274.2,89.61,95.1,"68,857,602.0",47627,167890,"72,727,844.0","3,219,845.9","1,024,672.1",94.68
,,43047031,REDONDO LISO 1 1/4' 6M SAE 1020 (N),2/27/2026 12:03:56 AM,2/27/2026 2:35:58 AM,"59,627.0",58,,102513153,"PALANQUILLA 130X130MM SAE 1020 3,2M (N) ",155,"65,472.0","5,010.0",835.0,91.07,95.1,"68,857,602.0",47627,167890,"72,727,844.0","3,219,845.9","1,024,672.1",94.68
,,43047032,REDONDO LISO 1 1/4' 6M SAE 1045 (N),2/27/2026 3:01:13 AM,2/27/2026 4:00:35 AM,"30,422.0",29,,102513159,"PALANQUILLA 130X130MM SAE 1045 3,2M (N) ",77,"32,524.8","1,855.4",247.4,93.53,95.1,"68,857,602.0",47627,167890,"72,727,844.0","3,219,845.9","1,024,672.1",94.68
,,43047033,REDONDO LISO 1 1/4' 6M A615 GR60(P),2/27/2026 4:24:07 AM,2/27/2026 5:12:23 AM,"21,266.0",20,,119502584,"PALANQUILLA 130x130MM AZA 1050 3,2M (N) ",55,"23,232.0","1,742.6",223.4,91.54,97,"68,857,602.0",47627,167890,"72,727,844.0","3,219,845.9","1,024,672.1",94.68
,,43047035,REDONDO LISO 1 1/8' 6M ASTM A 36 (N),2/27/2026 6:36:33 AM,2/27/2026 7:28:02 AM,"27,099.0",27,,102525180,"PALANQUILLA 130X130MM AZA 1011 3,4M (N)",66,"29,620.8","1,462.6","1,059.2",91.49,95.3,"68,857,602.0",47627,167890,"72,727,844.0","3,219,845.9","1,024,672.1",94.68
,,43047057,CUADRADO 25MM 6M COMERCIAL (N),2/27/2026 8:49:14 AM,2/27/2026 9:59:18 AM,"30,527.0",30,,102524390,"PALANQUILLA 130X130MM AZA 1008 3,2M (N) ",77,"32,524.8","1,798.0",199.8,93.86,96.3,"68,857,602.0",47627,167890,"72,727,844.0","3,219,845.9","1,024,672.1",94.68
,,43047062,B HORMIGON 25MM 11M A630-420H (N),2/27/2026 4:53:32 PM,2/27/2026 8:16:09 PM,"62,151.0",41,,102524188,"PALANQUILLA 130X130MM AZA 1541 3,4M (N)",152,"68,217.6","3,518.6","2,548.0",91.11,95,"68,857,602.0",47627,167890,"72,727,844.0","3,219,845.9","1,024,672.1",94.68
,,43047058,B HORMIGON 25MM 10M A630-420H (N),2/27/2026 8:40:19 PM,2/28/2026 1:00:45 AM,"108,508.0",69,,102524188,"PALANQUILLA 130X130MM AZA 1541 3,4M (N)",264,"118,483.2","5,785.6","4,189.6",91.58,95,"68,857,602.0",47627,167890,"72,727,844.0","3,219,845.9","1,024,672.1",94.68
,,43047063,B HORMIGON 25MM 12M A630-420H (N),2/28/2026 1:32:51 AM,2/28/2026 2:17:30 AM,"22,364.0",16,,102526100,"PALANQUILLA 130X130MM AZA 1541 3,3M (N)",56,"24,393.6","1,858.9",217.5,91.68,95,"68,857,602.0",47627,167890,"72,727,844.0","3,219,845.9","1,024,672.1",94.68
,,43047067,B HORMIGON 25MM 10M A630-420H (N),2/28/2026 2:55:05 AM,2/28/2026 4:15:16 AM,"36,085.0",24,,102513132,"PALANQUILLA 130X130MM AZA 1541 3,1M (N)",96,"39,283.2","1,855.0","1,343.2",91.86,95,"68,857,602.0",47627,167890,"72,727,844.0","3,219,845.9","1,024,672.1",94.68
,,43047061,B HORMIGON 25MM 9M A630-420H (N),2/28/2026 4:42:45 AM,2/28/2026 6:52:16 AM,"48,436.0",29,,102513137,PALANQUILLA 130X130MM AZA 1541 3M (N),132,"52,272.0","3,434.1",401.9,92.66,95,"68,857,602.0",47627,167890,"72,727,844.0","3,219,845.9","1,024,672.1",94.68
,,43047059,B HORMIGON 25MM 8M A630-420H (N),2/28/2026 7:25:36 AM,2/28/2026 10:47:23 AM,"88,600.0",57,,102524188,"PALANQUILLA 130X130MM AZA 1541 3,4M (N)",209,"93,799.2","4,654.5",544.7,94.46,95,"68,857,602.0",47627,167890,"72,727,844.0","3,219,845.9","1,024,672.1",94.68
,,43047066,B HORMIGON 25MM 7M A630-420H (N),2/28/2026 11:12:34 AM,2/28/2026 12:49:00 PM,"40,304.0",27,,102513132,"PALANQUILLA 130X130MM AZA 1541 3,1M (N)",107,"43,784.4","3,115.8",364.6,92.05,95,"68,857,602.0",47627,167890,"72,727,844.0","3,219,845.9","1,024,672.1",94.68
,,43047162,B HORMIGON 25MM 7M A630-420H (N),3/2/2026 1:28:27 AM,3/2/2026 2:53:05 AM,"36,660.0",24,,102513132,"PALANQUILLA 130X130MM AZA 1541 3,1M (N)",97,"39,692.4","2,714.7",317.7,92.36,95,"68,857,602.0",47627,167890,"72,727,844.0","3,219,845.9","1,024,672.1",94.68
,,43047161,B HORMIGON 25MM 6M A630-420H (N),3/2/2026 3:14:43 AM,3/2/2026 4:21:55 AM,"32,678.0",33,,102524188,"PALANQUILLA 130X130MM AZA 1541 3,4M (N)",78,"35,006.4","1,350.5",977.9,93.35,95,"68,857,602.0",47627,167890,"72,727,844.0","3,219,845.9","1,024,672.1",94.68
,,43047072,B HORMIGON 25MM 12M A630-420H (N),3/2/2026 4:47:32 AM,3/2/2026 10:08:03 AM,"113,893.0",76,,102526100,"PALANQUILLA 130X130MM AZA 1541 3,3M (N)",280,"121,968.0","7,229.0",846.0,93.38,95,"68,857,602.0",47627,167890,"72,727,844.0","3,219,845.9","1,024,672.1",94.68
,,43047073,B HORMIGON 25MM 12M A630-420HS (N),3/2/2026 10:49:15 AM,3/2/2026 1:41:21 PM,"63,876.0",44,,119506261,"PALANQUILLA 130X130MM AZA 1629 3,3M (N)",159,"69,260.4","3,123.0","2,261.5",92.23,95,"68,857,602.0",47627,167890,"72,727,844.0","3,219,845.9","1,024,672.1",94.68
,,43047074,B HORMIGON 36MM 12M A630-420HS (N),3/2/2026 4:13:54 PM,3/2/2026 7:00:41 PM,"53,072.0",36,,119506259,"PALANQUILLA 130X130MM AZA 1629 3,1M (N)",142,"58,106.4","2,920.0","2,114.5",91.34,96,"68,857,602.0",47627,167890,"72,727,844.0","3,219,845.9","1,024,672.1",94.68
,,43047075,B HORMIGON 36MM 12M A630-420HS (N),3/2/2026 7:28:55 PM,3/2/2026 8:03:17 PM,"21,796.0",15,,119506259,"PALANQUILLA 130X130MM AZA 1629 3,1M (N)",57,"23,324.4","2,297.0","1,663.4",93.45,96,"68,857,602.0",47627,167890,"72,727,844.0","3,219,845.9","1,024,672.1",94.68
,,43047076,B HORMIGON 36MM 11M A630-420HS (N),3/2/2026 8:37:03 PM,3/2/2026 9:42:25 PM,"30,534.0",22,,119506257,"PALANQUILLA 130X130MM AZA 1629 2,9M (N) ",78,"29,858.4",0.0,0.0,102.26,96,"68,857,602.0",47627,167890,"72,727,844.0","3,219,845.9","1,024,672.1",94.68
,,43047077,REDONDO LISO 19MM 6M SAE 1020 (N),3/3/2026 12:50:18 AM,3/3/2026 4:44:42 AM,"88,869.0",85,,102524143,"PALANQUILLA 130X130MM SAE 1020 3,4M (N)",212,"95,145.6","4,969.0","1,307.6",93.40,95.2,"68,857,602.0",47627,167890,"72,727,844.0","3,219,845.9","1,024,672.1",94.68
,,43047079,REDONDO LISO 3/4' 6M SAE 1020 (N),3/3/2026 4:58:02 AM,3/3/2026 6:05:43 AM,"30,217.0",29,,102524143,"PALANQUILLA 130X130MM SAE 1020 3,4M (N)",64,"28,723.2",0.0,0.0,105.20,95.2,"68,857,602.0",47627,167890,"72,727,844.0","3,219,845.9","1,024,672.1",94.68
,,43047078,REDONDO LISO 3/4' 6M ASTM A 36 (N),3/3/2026 6:20:37 AM,3/3/2026 7:02:00 AM,"20,159.0",19,,102525180,"PALANQUILLA 130X130MM AZA 1011 3,4M (N)",48,"21,542.4","1,296.4",87.0,93.58,95.2,"68,857,602.0",47627,167890,"72,727,844.0","3,219,845.9","1,024,672.1",94.68
,,43047080,REDONDO LISO 3/4' 6M SAE 1045 (N),3/3/2026 7:16:44 AM,3/3/2026 8:12:57 AM,"25,128.0",24,,102526114,"PALANQUILLA 130X130MM SAE 1045 3,4M (N)",60,"26,928.0","1,381.4",418.6,93.32,95.2,"68,857,602.0",47627,167890,"72,727,844.0","3,219,845.9","1,024,672.1",94.68
,,43047081,REDONDO LISO 7/8' 6M ASTM A 36 (N),3/3/2026 9:46:13 AM,3/3/2026 10:21:57 AM,"20,800.0",20,,102525180,"PALANQUILLA 130X130MM AZA 1011 3,4M (N)",48,"21,542.4",524.1,218.4,96.55,95,"68,857,602.0",47627,167890,"72,727,844.0","3,219,845.9","1,024,672.1",94.68
,,43047082,REDONDO LISO 7/8' 6M SAE 1020 (N),3/3/2026 10:37:13 AM,3/3/2026 2:32:18 PM,"93,040.0",88,,102524143,"PALANQUILLA 130X130MM SAE 1020 3,4M (N)",220,"98,736.0","4,946.5",749.5,94.23,95,"68,857,602.0",47627,167890,"72,727,844.0","3,219,845.9","1,024,672.1",94.68
,,43047083,ANGULO SEMI 30X30X3MM A270ES,3/3/2026 5:30:06 PM,3/4/2026 8:34:17 AM,"241,440.0",130,,102525180,"PALANQUILLA 130X130MM AZA 1011 3,4M (N)",575,"258,060.0","13,895.4","2,724.6",93.56,96,"68,857,602.0",47627,167890,"72,727,844.0","3,219,845.9","1,024,672.1",94.68
,,43047210,"PLANA 25X2,85MM 6M A270ES ARR(N)",3/4/2026 7:42:37 PM,3/5/2026 1:15:44 AM,"53,613.0",54,,102513114,"PALANQUILLA 130X130MM AZA 1011 2,9M (N)",157,"60,099.6","5,911.2",575.4,89.21,96.8,"68,857,602.0",47627,167890,"72,727,844.0","3,219,845.9","1,024,672.1",94.68
,,43047207,PLANA 25X3MM 6M A270ES (N),3/5/2026 2:28:29 AM,3/5/2026 11:06:44 AM,"102,081.0",102,,102513114,"PALANQUILLA 130X130MM AZA 1011 2,9M (N)",282,"107,949.6","4,906.5",962.1,94.56,96.8,"68,857,602.0",47627,167890,"72,727,844.0","3,219,845.9","1,024,672.1",94.68
,,43047245,CUADRADO 10MM 6M COMERCIAL (N),3/5/2026 12:44:17 PM,3/5/2026 2:55:39 PM,"39,968.0",39,,102513114,"PALANQUILLA 130X130MM AZA 1011 2,9M (N)",110,"42,108.0","1,869.1",270.9,94.92,96.7,"68,857,602.0",47627,167890,"72,727,844.0","3,219,845.9","1,024,672.1",94.68
,,43047209,PLANA 20X5MM 6M A270ES (N),3/5/2026 4:05:39 PM,3/5/2026 7:25:10 PM,"54,088.0",52,,102513114,"PALANQUILLA 130X130MM AZA 1011 2,9M (N)",150,"57,420.0","2,785.8",546.2,94.20,96.7,"68,857,602.0",47627,167890,"72,727,844.0","3,219,845.9","1,024,672.1",94.68
,,43047211,"PLANA ASERRADA 25X4,85MM 6M A270ES (N)",3/5/2026 10:36:36 PM,3/6/2026 12:11:59 AM,"33,011.0",31,,102513114,"PALANQUILLA 130X130MM AZA 1011 2,9M (N)",92,"35,217.6","1,819.5",387.1,93.73,96.7,"68,857,602.0",47627,167890,"72,727,844.0","3,219,845.9","1,024,672.1",94.68
,,43047212,PLANA 18X8MM 6M COM (Canto-RED) (N),3/6/2026 1:47:42 AM,3/6/2026 3:52:16 AM,"43,039.0",45,,102513114,"PALANQUILLA 130X130MM AZA 1011 2,9M (N)",119,"45,553.2","2,108.7",405.5,94.48,96.6,"68,857,602.0",47627,167890,"72,727,844.0","3,219,845.9","1,024,672.1",94.68
,,43047213,PLANA 32X3MM 6M A270ES (N),3/6/2026 5:19:15 AM,3/6/2026 4:17:11 PM,"160,520.0",155,,102513114,"PALANQUILLA 130X130MM AZA 1011 2,9M (N)",440,"168,432.0","6,615.0","1,297.0",95.30,96.6,"68,857,602.0",47627,167890,"72,727,844.0","3,219,845.9","1,024,672.1",94.68
,,43047214,"PLANA 32x2,85mm 6m A270ES ARR(N)",3/6/2026 5:08:17 PM,3/6/2026 6:39:18 PM,"23,839.0",24,,102513114,"PALANQUILLA 130X130MM AZA 1011 2,9M (N)",65,"24,882.0",950.5,92.5,95.81,96.7,"68,857,602.0",47627,167890,"72,727,844.0","3,219,845.9","1,024,672.1",94.68
,,43047260,PLANA 32X5MM 6M A270ES (N),3/6/2026 9:37:16 PM,3/7/2026 1:52:49 AM,"73,474.0",68,,102513096,"PALANQUILLA 130X130MM AZA 1011 3,2M (N)",187,"78,988.8","4,512.1","1,002.7",93.02,96.6,"68,857,602.0",47627,167890,"72,727,844.0","3,219,845.9","1,024,672.1",94.68
,,43047261,"PLANA ASERRADA 32X4,85MM 6M A270ES (N)",3/7/2026 3:04:29 AM,3/7/2026 4:59:46 AM,"39,865.0",38,,102513096,"PALANQUILLA 130X130MM AZA 1011 3,2M (N)",100,"42,240.0","1,985.7",389.3,94.38,96.5,"68,857,602.0",47627,167890,"72,727,844.0","3,219,845.9","1,024,672.1",94.68
,,43047297,PLANA 38X3MM 6M A270ES (N),3/9/2026 6:27:14 AM,3/11/2026 12:34:41 PM,"101,510.0",101,,102513096,"PALANQUILLA 130X130MM AZA 1011 3,2M (N)",270,"114,048.0","13,199.6","2,588.2",89.01,96.6,"68,857,602.0",47627,167890,"72,727,844.0","3,219,845.9","1,024,672.1",94.68
,,43047263,ANGULO SEMI 20X20X3MM A270ES,3/9/2026 9:18:01 AM,3/9/2026 7:21:25 PM,"152,797.0",76,,102513096,"PALANQUILLA 130X130MM AZA 1011 3,2M (N)",375,"158,400.0","4,602.5","1,000.5",96.46,96.3,"68,857,602.0",47627,167890,"72,727,844.0","3,219,845.9","1,024,672.1",94.68
,,43047288,SAFEROCK 22MM 12M A280,3/10/2026 12:01:55 AM,3/10/2026 2:36:52 AM,"58,884.0",30,,119502731,"PALANQUILLA 130X130MM AZA 1021 3,2M (N)",153,"64,627.2","3,331.1","2,412.1",91.11,95.9,"68,857,602.0",47627,167890,"72,727,844.0","3,219,845.9","1,024,672.1",94.68
,,43047289,SAFEROCK SEMI 22MM 12M A280,3/10/2026 3:00:44 AM,3/10/2026 7:25:43 AM,"100,634.0",47,,119502731,"PALANQUILLA 130X130MM AZA 1021 3,2M (N)",250,"105,600.0","4,213.6",752.4,95.30,95.9,"68,857,602.0",47627,167890,"72,727,844.0","3,219,845.9","1,024,672.1",94.68
,,43047290,SAFEROCK 22MM 12M A420,3/10/2026 8:24:49 AM,3/10/2026 10:26:39 AM,"47,277.0",24,,102513099,"PALANQUILLA 130X130MM AZA 1542 3,2M (N)",120,"50,688.0","2,579.1",832.0,93.27,95.9,"68,857,602.0",47627,167890,"72,727,844.0","3,219,845.9","1,024,672.1",94.68
,,43047291,SAFEROCK SEMI 22MM 12M A420,3/10/2026 10:45:15 AM,3/10/2026 11:43:16 AM,"23,680.0",12,,102513099,"PALANQUILLA 130X130MM AZA 1542 3,2M (N)",59,"24,921.6","1,047.6",194.0,95.02,95.9,"68,857,602.0",47627,167890,"72,727,844.0","3,219,845.9","1,024,672.1",94.68
,,43047293,SAFEROCK SEMI 22MM 10M A280,3/10/2026 12:16:15 PM,3/10/2026 2:43:17 PM,"64,652.0",35,,102524194,"PALANQUILLA 130X130MM AZA 1021 3,4M (N)",150,"67,320.0","2,334.5",333.5,96.04,95.3,"68,857,602.0",47627,167890,"72,727,844.0","3,219,845.9","1,024,672.1",94.68
,,43047294,"SAFEROCK SEMI 22MM 9,6M A280",3/10/2026 3:03:53 PM,3/10/2026 4:54:25 PM,"51,036.0",27,,102524194,"PALANQUILLA 130X130MM AZA 1021 3,4M (N)",120,"53,856.0","1,635.6","1,184.4",94.76,95.7,"68,857,602.0",47627,167890,"72,727,844.0","3,219,845.9","1,024,672.1",94.68
,,43047296,"SAFEROCK SEMI 22MM 10,5M A280D",3/10/2026 5:39:59 PM,3/10/2026 6:10:46 PM,"14,481.0",7,,119505172,"PALANQUILLA 130X130MM AZA 1613 3,4M (N)",34,"15,259.2",668.6,109.6,94.90,97,"68,857,602.0",47627,167890,"72,727,844.0","3,219,845.9","1,024,672.1",94.68
,,43047305,PLANA 75X10MM 6M A270ES (N),3/10/2026 10:25:55 PM,3/11/2026 1:59:33 AM,"27,215.0",23,,102525180,"PALANQUILLA 130X130MM AZA 1011 3,4M (N)",75,"33,660.0","5,388.4","1,056.6",80.85,94.7,"68,857,602.0",47627,167890,"72,727,844.0","3,219,845.9","1,024,672.1",94.68
,,43047306,PLANA 75X8MM 6M A270ES (N),3/11/2026 2:52:07 AM,3/11/2026 8:01:57 AM,"96,736.0",103,,102525180,"PALANQUILLA 130X130MM AZA 1011 3,4M (N)",230,"103,224.0","5,424.4","1,063.6",93.71,95.1,"68,857,602.0",47627,167890,"72,727,844.0","3,219,845.9","1,024,672.1",94.68
,,43047309,SAFEROCK 25MM 12M A520D,3/11/2026 7:45:29 PM,3/12/2026 1:25:01 AM,"134,192.0",67,,119507026,"PALANQUILLA 130X130MM AZA 1631 3,4M (N)",319,"143,167.2","5,205.6","3,769.6",93.73,97,"68,857,602.0",47627,167890,"72,727,844.0","3,219,845.9","1,024,672.1",94.68
,,43047311,"SAFEROCK 25MM 11,96M A520",3/12/2026 1:51:49 AM,3/12/2026 2:04:51 AM,"12,595.0",7,,102526117,"PALANQUILLA 130X130MM AZA 1644 3,4M (N)",30,"13,464.0",504.0,365.0,93.55,97,"68,857,602.0",47627,167890,"72,727,844.0","3,219,845.9","1,024,672.1",94.68
,,43047310,SAFEROCK SEMI 25MM 12M A420,3/12/2026 2:51:19 AM,3/12/2026 3:25:10 AM,"21,437.0",10,,102524193,"PALANQUILLA 130X130MM AZA 1542 3,4M (N)",50,"22,440.0",817.3,185.7,95.53,95.3,"68,857,602.0",47627,167890,"72,727,844.0","3,219,845.9","1,024,672.1",94.68
,,43047312,"SAFEROCK SEMI 25MM 11,6M A420",3/12/2026 3:55:07 AM,3/12/2026 4:14:21 AM,"13,866.0",7,,102524193,"PALANQUILLA 130X130MM AZA 1542 3,4M (N)",38,"17,054.4","1,849.3","1,339.1",81.30,95.4,"68,857,602.0",47627,167890,"72,727,844.0","3,219,845.9","1,024,672.1",94.68
,,43047313,"SAFEROCK SEMI 25MM 10,8M A420",3/12/2026 4:38:23 AM,3/12/2026 6:41:47 AM,"51,274.0",26,,102524193,"PALANQUILLA 130X130MM AZA 1542 3,4M (N)",120,"53,856.0","1,497.6","1,084.4",95.21,95.3,"68,857,602.0",47627,167890,"72,727,844.0","3,219,845.9","1,024,672.1",94.68
,,43047314,"SAFEROCK SEMI 25MM 10,5M A420",3/12/2026 7:05:40 AM,3/12/2026 8:57:41 AM,"44,070.0",21,,102524193,"PALANQUILLA 130X130MM AZA 1542 3,4M (N)",106,"47,572.8","3,245.9",256.9,92.64,95,"68,857,602.0",47627,167890,"72,727,844.0","3,219,845.9","1,024,672.1",94.68
,,43047315,SAFEROCK SEMI 25MM 10M A420,3/12/2026 9:18:20 AM,3/12/2026 11:05:20 AM,"49,374.0",22,,102524193,"PALANQUILLA 130X130MM AZA 1542 3,4M (N)",115,"51,612.0","1,947.4",290.7,95.66,95.4,"68,857,602.0",47627,167890,"72,727,844.0","3,219,845.9","1,024,672.1",94.68
,,43047369,PLANA 100X12MM 6M A270ES (N),3/12/2026 1:42:17 PM,3/12/2026 2:48:18 PM,"31,813.0",31,,102525180,"PALANQUILLA 130X130MM AZA 1011 3,4M (N)",75,"33,660.0","1,544.2",302.8,94.51,95.1,"68,857,602.0",47627,167890,"72,727,844.0","3,219,845.9","1,024,672.1",94.68
,,43047370,PLANA 100X10MM 6M A270ES (N),3/12/2026 4:05:37 PM,3/12/2026 10:19:20 PM,"140,111.0",151,,102513096,"PALANQUILLA 130X130MM AZA 1011 3,2M (N)",350,"147,840.0","6,462.0","1,267.0",94.77,95.5,"68,857,602.0",47627,167890,"72,727,844.0","3,219,845.9","1,024,672.1",94.68
,,43047371,PLANA 100X6MM 6M A270ES (N),3/13/2026 12:16:13 AM,3/13/2026 1:43:19 AM,"32,575.0",34,,102525180,"PALANQUILLA 130X130MM AZA 1011 3,4M (N)",78,"35,006.4","2,032.8",398.6,93.05,95.7,"68,857,602.0",47627,167890,"72,727,844.0","3,219,845.9","1,024,672.1",94.68
,,43047372,PLANA 100X5MM 6M A270ES (N),3/13/2026 3:29:45 AM,3/13/2026 5:32:31 PM,"261,941.0",257,,102525180,"PALANQUILLA 130X130MM AZA 1011 3,4M (N)",620,"278,256.0","13,640.4","2,674.6",94.14,96,"68,857,602.0",47627,167890,"72,727,844.0","3,219,845.9","1,024,672.1",94.68
,,43047373,B HORMIGON 18MM 12M A630-420H (N),3/13/2026 8:48:57 PM,3/14/2026 4:42:29 PM,"400,657.0",257,,102524188,"PALANQUILLA 130X130MM AZA 1541 3,4M (N)",946,"424,564.8","19,638.5","4,269.3",94.37,96,"68,857,602.0",47627,167890,"72,727,844.0","3,219,845.9","1,024,672.1",94.68
,,43047374,B HORMIGON 18MM 10M A630-420H (N),3/14/2026 5:01:19 PM,3/14/2026 5:50:30 PM,"22,728.0",15,,102524188,"PALANQUILLA 130X130MM AZA 1541 3,4M (N)",54,"24,235.2","1,021.0",486.2,93.78,96,"68,857,602.0",47627,167890,"72,727,844.0","3,219,845.9","1,024,672.1",94.68
,,43047375,B HORMIGON 18MM 9M A630-420H (N),3/14/2026 6:09:40 PM,3/14/2026 7:54:39 PM,"36,833.0",25,,102524188,"PALANQUILLA 130X130MM AZA 1541 3,4M (N)",87,"39,045.6","1,614.6",598.0,94.33,95.9,"68,857,602.0",47627,167890,"72,727,844.0","3,219,845.9","1,024,672.1",94.68
,,43047376,B HORMIGON 18MM 8M A630-420H (N),3/14/2026 8:17:16 PM,3/14/2026 9:27:57 PM,"30,682.0",20,,102524188,"PALANQUILLA 130X130MM AZA 1541 3,4M (N)",72,"32,313.6","1,489.1",551.5,94.95,96,"68,857,602.0",47627,167890,"72,727,844.0","3,219,845.9","1,024,672.1",94.68
,,43047378,B HORMIGON 18MM 7M A630-420H (N),3/14/2026 9:52:40 PM,3/15/2026 2:38:12 AM,"99,635.0",70,,102524188,"PALANQUILLA 130X130MM AZA 1541 3,4M (N)",236,"105,916.8","2,975.6","3,306.2",94.07,95.9,"68,857,602.0",47627,167890,"72,727,844.0","3,219,845.9","1,024,672.1",94.68
,,43047377,B HORMIGON 18MM 6M A630-420H (N),3/15/2026 3:14:11 AM,3/15/2026 4:20:56 AM,"28,176.0",29,,102524188,"PALANQUILLA 130X130MM AZA 1541 3,4M (N)",67,"30,069.6","1,555.5",338.2,93.70,96,"68,857,602.0",47627,167890,"72,727,844.0","3,219,845.9","1,024,672.1",94.68
,,43047277,B HORMIGON 18MM 6M A630-420H (N),3/15/2026 4:39:30 AM,3/15/2026 5:25:20 AM,"20,698.0",20,,102526100,"PALANQUILLA 130X130MM AZA 1541 3,3M (N)",50,"21,780.0",888.8,193.2,95.03,96,"68,857,602.0",47627,167890,"72,727,844.0","3,219,845.9","1,024,672.1",94.68
,,43047379,B HORMIGON 22MM 12M A630-420H (N),3/16/2026 1:08:45 AM,3/16/2026 10:15:12 AM,"198,095.0",128,,102513132,"PALANQUILLA 130X130MM AZA 1541 3,1M (N)",510,"208,692.0","8,830.8","1,766.2",94.92,97.4,"68,857,602.0",47627,167890,"72,727,844.0","3,219,845.9","1,024,672.1",94.68
,,43047380,B HORMIGON 22MM 11M A630-420H (N),3/16/2026 10:37:46 AM,3/16/2026 11:59:56 AM,"33,562.0",22,,102513132,"PALANQUILLA 130X130MM AZA 1541 3,1M (N)",86,"35,191.2","1,402.9",226.3,95.37,97.4,"68,857,602.0",47627,167890,"72,727,844.0","3,219,845.9","1,024,672.1",94.68
,,43047381,B HORMIGON 22MM 10M A630-420H (N),3/16/2026 12:20:13 PM,3/16/2026 2:42:20 PM,"60,666.0",41,,102526100,"PALANQUILLA 130X130MM AZA 1541 3,3M (N)",147,"64,033.2","2,929.9",437.3,94.74,97.4,"68,857,602.0",47627,167890,"72,727,844.0","3,219,845.9","1,024,672.1",94.68
,,43047382,B HORMIGON 22MM 9M A630-420H (N),3/16/2026 3:01:08 PM,3/16/2026 4:31:21 PM,"41,979.0",29,,102524188,"PALANQUILLA 130X130MM AZA 1541 3,4M (N)",99,"44,431.2","2,239.8",212.4,94.48,97.4,"68,857,602.0",47627,167890,"72,727,844.0","3,219,845.9","1,024,672.1",94.68
,,43047420,B HORMIGON 22MM 8M A630-420H (N),3/16/2026 5:01:24 PM,3/16/2026 6:16:08 PM,"29,704.0",20,,102513137,PALANQUILLA 130X130MM AZA 1541 3M (N),80,"31,680.0","1,822.9",153.1,93.76,97.4,"68,857,602.0",47627,167890,"72,727,844.0","3,219,845.9","1,024,672.1",94.68
,,43047384,B HORMIGON 22MM 11M A630-420HS (N),3/16/2026 6:51:17 PM,3/16/2026 7:38:12 PM,"22,196.0",15,,119506259,"PALANQUILLA 130X130MM AZA 1629 3,1M (N)",58,"23,733.6",891.8,645.8,93.52,97,"68,857,602.0",47627,167890,"72,727,844.0","3,219,845.9","1,024,672.1",94.68
,,43047385,ANGULO SEMI 65X65X8MM A270ES,3/16/2026 10:34:20 PM,3/17/2026 1:06:21 AM,"30,176.0",16,,102525180,"PALANQUILLA 130X130MM AZA 1011 3,4M (N)",76,"34,108.8","3,408.4",524.4,88.47,95.4,"68,857,602.0",47627,167890,"72,727,844.0","3,219,845.9","1,024,672.1",94.68
,,43047386,ANGULO SEMI 65X65X6MM A270ES,3/17/2026 2:15:59 AM,3/17/2026 4:34:55 AM,"31,430.0",16,,102525180,"PALANQUILLA 130X130MM AZA 1011 3,4M (N)",78,"35,006.4","2,901.6",674.8,89.78,95.1,"68,857,602.0",47627,167890,"72,727,844.0","3,219,845.9","1,024,672.1",94.68
,,43047387,ANGULO SEMI 65X65X5MM A270ES,3/17/2026 5:12:38 AM,3/17/2026 11:53:29 AM,"131,222.0",68,,102525180,"PALANQUILLA 130X130MM AZA 1011 3,4M (N)",308,"138,230.4","5,820.5","1,187.9",94.93,95.1,"68,857,602.0",47627,167890,"72,727,844.0","3,219,845.9","1,024,672.1",94.68
,,43047388,ANG SEMI 65X65X5MM 12M ASTM A572 T2 (N),3/17/2026 12:39:11 PM,3/17/2026 1:28:18 PM,"21,826.0",10,,119505172,"PALANQUILLA 130X130MM AZA 1613 3,4M (N)",54,"24,235.2","2,054.9",354.3,90.06,97,"68,857,602.0",47627,167890,"72,727,844.0","3,219,845.9","1,024,672.1",94.68
,,43047389,ANG SEMI 60X60X6MM 12M ASTM A572 T2 (N),3/17/2026 4:07:16 PM,3/17/2026 5:20:33 PM,"32,612.0",17,,119505172,"PALANQUILLA 130X130MM AZA 1613 3,4M (N)",76,"34,108.8","1,276.7",220.1,95.61,97,"68,857,602.0",47627,167890,"72,727,844.0","3,219,845.9","1,024,672.1",94.68
,,43047390,ANG SEMI 60X60X5MM 12M ASTM A572 T2 (N),3/17/2026 6:46:08 PM,3/17/2026 8:02:30 PM,"33,628.0",18,,119505172,"PALANQUILLA 130X130MM AZA 1613 3,4M (N)",78,"35,006.4","1,175.7",202.7,96.06,97,"68,857,602.0",47627,167890,"72,727,844.0","3,219,845.9","1,024,672.1",94.68
,,43047422,ANGULO SEMI 80X80X12MM A270ES,3/17/2026 11:27:26 PM,3/18/2026 1:30:20 AM,"31,181.0",16,,102525180,"PALANQUILLA 130X130MM AZA 1011 3,4M (N)",76,"34,108.8","2,717.3",210.5,91.42,93.5,"68,857,602.0",47627,167890,"72,727,844.0","3,219,845.9","1,024,672.1",94.68
,,43047423,ANGULO SEMI 80X80X8MM A270ES,3/18/2026 2:42:13 AM,3/18/2026 6:58:31 AM,"64,080.0",31,,102525180,"PALANQUILLA 130X130MM AZA 1011 3,4M (N)",155,"69,564.0","4,585.0",899.0,92.12,93.4,"68,857,602.0",47627,167890,"72,727,844.0","3,219,845.9","1,024,672.1",94.68
,,43047425,ANGULO SEMI 80X80X6MM A270ES,3/18/2026 7:15:48 AM,3/18/2026 8:26:53 AM,"28,796.0",14,,102525180,"PALANQUILLA 130X130MM AZA 1011 3,4M (N)",69,"30,967.2","1,815.3",355.9,92.99,94.9,"68,857,602.0",47627,167890,"72,727,844.0","3,219,845.9","1,024,672.1",94.68
,,43047442,PLANA 50X8MM 6M A270ES (N),3/18/2026 7:24:35 PM,3/18/2026 10:56:29 PM,"77,243.0",79,,102525180,"PALANQUILLA 130X130MM AZA 1011 3,4M (N)",184,"82,579.2","4,416.2",920.0,93.54,95.7,"68,857,602.0",47627,167890,"72,727,844.0","3,219,845.9","1,024,672.1",94.68
,,43047443,PLANA 50X5MM 6M A270ES (N),3/19/2026 12:23:37 AM,3/19/2026 1:38:44 PM,"218,768.0",214,,102525180,"PALANQUILLA 130X130MM AZA 1011 3,4M (N)",520,"233,376.0","12,213.2","2,394.8",93.74,96,"68,857,602.0",47627,167890,"72,727,844.0","3,219,845.9","1,024,672.1",94.68
,,43047444,ANGULO SEMI 50X50X5MM A270ES,3/19/2026 5:55:18 PM,3/20/2026 2:03:20 AM,"96,728.0",52,,102525180,"PALANQUILLA 130X130MM AZA 1011 3,4M (N)",231,"103,672.8","5,634.5","1,310.3",93.30,94.8,"68,857,602.0",47627,167890,"72,727,844.0","3,219,845.9","1,024,672.1",94.68
,,43047445,ANG SEMI 50X50X5MM 12M ASTM A572 T2 (N),3/20/2026 2:33:06 AM,3/20/2026 3:19:28 AM,"23,219.0",13,,119505172,"PALANQUILLA 130X130MM AZA 1613 3,4M (N)",54,"24,235.2",866.8,149.4,95.81,97,"68,857,602.0",47627,167890,"72,727,844.0","3,219,845.9","1,024,672.1",94.68
,,43047446,ANG SEMI 50X50X4MM 12M ASTM A572 T2 (N),3/20/2026 4:28:08 AM,3/20/2026 5:37:35 AM,"31,956.0",19,,119505172,"PALANQUILLA 130X130MM AZA 1613 3,4M (N)",76,"34,108.8","1,836.2",316.6,93.69,97,"68,857,602.0",47627,167890,"72,727,844.0","3,219,845.9","1,024,672.1",94.68
,,43047441,ANGULO SEMI 50X50X4MM A270ES,3/20/2026 5:59:26 AM,3/20/2026 8:50:15 AM,"60,189.0",33,,102525180,"PALANQUILLA 130X130MM AZA 1011 3,4M (N)",144,"64,627.2","3,710.6",727.6,93.13,94.8,"68,857,602.0",47627,167890,"72,727,844.0","3,219,845.9","1,024,672.1",94.68
,,43047447,ANGULO SEMI 50X50X3MM A270ES,3/20/2026 12:33:01 PM,3/20/2026 3:40:11 PM,"70,581.0",40,,102525180,"PALANQUILLA 130X130MM AZA 1011 3,4M (N)",171,"76,744.8","5,153.3","1,010.5",91.97,95.3,"68,857,602.0",47627,167890,"72,727,844.0","3,219,845.9","1,024,672.1",94.68
,,43047448,ANG SEMI 45X45X4MM 12M ASTM A572 T2 (N),3/20/2026 6:17:23 PM,3/20/2026 7:45:03 PM,"37,413.0",18,,119505172,"PALANQUILLA 130X130MM AZA 1613 3,4M (N)",88,"39,494.4","1,775.3",306.1,94.73,97,"68,857,602.0",47627,167890,"72,727,844.0","3,219,845.9","1,024,672.1",94.68
,,43047449,PLANA 75X8MM 6M A270ES (N),3/20/2026 9:36:56 PM,3/21/2026 1:57:12 AM,"79,697.0",76,,102525180,"PALANQUILLA 130X130MM AZA 1011 3,4M (N)",190,"85,272.0","4,661.1",913.9,93.46,95.1,"68,857,602.0",47627,167890,"72,727,844.0","3,219,845.9","1,024,672.1",94.68
,,43047450,PLANA 75X6MM 6M A270ES (N),3/21/2026 3:51:42 AM,3/21/2026 4:54:04 AM,"29,390.0",28,,102525180,"PALANQUILLA 130X130MM AZA 1011 3,4M (N)",75,"33,660.0","3,570.0",700.0,87.31,95.4,"68,857,602.0",47627,167890,"72,727,844.0","3,219,845.9","1,024,672.1",94.68
,,43047451,PLANA 75X5MM 6M A270ES (N),3/21/2026 5:44:20 AM,3/21/2026 12:52:59 PM,"138,442.0",134,,102525180,"PALANQUILLA 130X130MM AZA 1011 3,4M (N)",328,"147,206.4","7,327.6","1,436.8",94.05,95.6,"68,857,602.0",47627,167890,"72,727,844.0","3,219,845.9","1,024,672.1",94.68
,,43047504,B HORMIGON 25MM 12M A630-420H (N),3/21/2026 4:17:05 PM,3/21/2026 9:22:22 PM,"116,019.0",74,,102526100,"PALANQUILLA 130X130MM AZA 1541 3,3M (N)",286,"124,581.6","7,665.6",897.0,93.13,95,"68,857,602.0",47627,167890,"72,727,844.0","3,219,845.9","1,024,672.1",94.68
,,43047505,B HORMIGON 25MM 11M A630-420H (N),3/21/2026 9:45:11 PM,3/21/2026 10:40:54 PM,"28,894.0",20,,102526100,"PALANQUILLA 130X130MM AZA 1541 3,3M (N)",70,"30,492.0",926.8,671.2,94.76,95,"68,857,602.0",47627,167890,"72,727,844.0","3,219,845.9","1,024,672.1",94.68
,,43047506,B HORMIGON 25MM 10M A630-420H (N),3/21/2026 11:07:54 PM,3/22/2026 12:47:19 AM,"43,632.0",27,,102526100,"PALANQUILLA 130X130MM AZA 1541 3,3M (N)",106,"46,173.6","1,474.1","1,067.5",94.50,95,"68,857,602.0",47627,167890,"72,727,844.0","3,219,845.9","1,024,672.1",94.68
,,43047507,B HORMIGON 25MM 9M A630-420H (N),3/22/2026 1:12:40 AM,3/22/2026 3:07:25 AM,"46,409.0",32,,102513137,PALANQUILLA 130X130MM AZA 1541 3M (N),124,"49,104.0","2,412.7",282.3,94.51,95,"68,857,602.0",47627,167890,"72,727,844.0","3,219,845.9","1,024,672.1",94.68
,,43047509,REDONDO LISO 1' 6M SAE 1020 (N),3/22/2026 4:22:24 AM,3/23/2026 2:01:10 AM,"85,103.0",85,,102524143,"PALANQUILLA 130X130MM SAE 1020 3,4M (N)",202,"90,657.6","4,613.1",941.5,93.87,94.7,"68,857,602.0",47627,167890,"72,727,844.0","3,219,845.9","1,024,672.1",94.68
,,43047508,REDONDO LISO 1' 6M ASTM A 36 (N),3/23/2026 2:22:59 AM,3/23/2026 3:53:47 AM,"36,931.0",37,,102525180,"PALANQUILLA 130X130MM AZA 1011 3,4M (N)",88,"39,494.4","2,272.1",291.3,93.51,94.7,"68,857,602.0",47627,167890,"72,727,844.0","3,219,845.9","1,024,672.1",94.68
,,43047510,SAFEROCK SEMI 25MM 12M A420,3/23/2026 5:23:55 AM,3/23/2026 6:54:49 AM,"37,754.0",20,,102524193,"PALANQUILLA 130X130MM AZA 1542 3,4M (N)",88,"39,494.4","1,418.1",322.3,95.59,95.3,"68,857,602.0",47627,167890,"72,727,844.0","3,219,845.9","1,024,672.1",94.68
,,43047511,"SAFEROCK SEMI 25MM 11,6M A420",3/23/2026 7:25:08 AM,3/23/2026 7:47:11 AM,"15,796.0",8,,102524193,"PALANQUILLA 130X130MM AZA 1542 3,4M (N)",38,"17,054.4",729.9,528.5,92.62,95.4,"68,857,602.0",47627,167890,"72,727,844.0","3,219,845.9","1,024,672.1",94.68
,,43047512,"SAFEROCK SEMI 25MM 10,8M A420",3/23/2026 8:11:54 AM,3/23/2026 10:05:16 AM,"41,001.0",22,,102524193,"PALANQUILLA 130X130MM AZA 1542 3,4M (N)",97,"43,533.6","1,468.9","1,063.7",94.18,95.3,"68,857,602.0",47627,167890,"72,727,844.0","3,219,845.9","1,024,672.1",94.68
,,43047513,"SAFEROCK SEMI 25MM 10,5M A420",3/23/2026 10:30:12 AM,3/23/2026 11:17:32 AM,"27,169.0",13,,102524193,"PALANQUILLA 130X130MM AZA 1542 3,4M (N)",63,"28,274.4","1,024.3",81.1,96.09,95,"68,857,602.0",47627,167890,"72,727,844.0","3,219,845.9","1,024,672.1",94.68
,,43047514,SAFEROCK SEMI 25MM 10M A420,3/23/2026 11:54:22 AM,3/23/2026 1:20:23 PM,"41,920.0",20,,102524193,"PALANQUILLA 130X130MM AZA 1542 3,4M (N)",99,"44,431.2","2,185.1",326.1,94.35,95.4,"68,857,602.0",47627,167890,"72,727,844.0","3,219,845.9","1,024,672.1",94.68
,,43047515,REDONDO LISO 1 3/8'' 6M SAE 1020 (N),3/23/2026 5:32:10 PM,3/23/2026 7:18:25 PM,"29,430.0",31,,102524143,"PALANQUILLA 130X130MM SAE 1020 3,4M (N)",77,"34,557.6","4,258.5",869.1,85.16,97,"68,857,602.0",47627,167890,"72,727,844.0","3,219,845.9","1,024,672.1",94.68
,,43047516,REDONDO LISO 1 1/2' 6M SAE 1020 (N),3/23/2026 9:05:30 PM,3/24/2026 1:31:45 AM,"73,505.0",69,,102524143,"PALANQUILLA 130X130MM SAE 1020 3,4M (N)",176,"78,988.8","4,924.2",559.6,93.06,94.3,"68,857,602.0",47627,167890,"72,727,844.0","3,219,845.9","1,024,672.1",94.68
,,43047517,REDONDO LISO 1 1/2' 6M SAE 1045 (N),3/24/2026 1:52:01 AM,3/24/2026 3:03:37 AM,"32,266.0",30,,102526114,"PALANQUILLA 130X130MM SAE 1045 3,4M (N)",76,"34,108.8","1,612.5",230.4,94.60,94.3,"68,857,602.0",47627,167890,"72,727,844.0","3,219,845.9","1,024,672.1",94.68
,,43047518,REDONDO LISO 1 1/4' 6M ASTM A 36 (N),3/24/2026 4:54:16 AM,3/24/2026 6:15:50 AM,"30,612.0",30,,102513096,"PALANQUILLA 130X130MM AZA 1011 3,2M (N)",80,"33,792.0","2,818.6",361.4,90.59,95.1,"68,857,602.0",47627,167890,"72,727,844.0","3,219,845.9","1,024,672.1",94.68
,,43047519,REDONDO LISO 1 1/4' 6M SAE 1020 (N),3/24/2026 6:38:32 AM,3/24/2026 8:53:46 AM,"51,514.0",49,,102513153,"PALANQUILLA 130X130MM SAE 1020 3,2M (N) ",131,"55,334.4","3,274.6",545.8,93.10,95.1,"68,857,602.0",47627,167890,"72,727,844.0","3,219,845.9","1,024,672.1",94.68
,,43047520,REDONDO LISO 1 1/4' 6M SAE 1045 (N),3/24/2026 9:18:29 AM,3/24/2026 10:24:22 AM,"32,531.0",32,,102513159,"PALANQUILLA 130X130MM SAE 1045 3,2M (N) ",80,"33,792.0","1,112.7",148.4,96.27,95.1,"68,857,602.0",47627,167890,"72,727,844.0","3,219,845.9","1,024,672.1",94.68
,,43047528,HEXAGONO SEMI 1 1/8' 8MM SAE 1045 (N),3/24/2026 11:59:02 AM,3/24/2026 12:25:26 PM,"18,825.0",10,,102526114,"PALANQUILLA 130X130MM SAE 1045 3,4M (N)",46,"20,644.8","1,055.5",764.3,91.19,95.4,"68,857,602.0",47627,167890,"72,727,844.0","3,219,845.9","1,024,672.1",94.68
,,43047521,HEXAGONO SEMI 1 1/8' 8MM SAE 1045 (N),3/24/2026 12:46:37 PM,3/24/2026 1:32:40 PM,"21,485.0",12,,102513159,"PALANQUILLA 130X130MM SAE 1045 3,2M (N) ",52,"21,964.8",278.3,201.5,97.82,95.4,"68,857,602.0",47627,167890,"72,727,844.0","3,219,845.9","1,024,672.1",94.68
,,43047522,ANGULO SEMI 30X30X3MM A270ES,3/24/2026 6:06:20 PM,3/25/2026 1:40:22 PM,"309,972.0",156,,102525180,"PALANQUILLA 130X130MM AZA 1011 3,4M (N)",730,"327,624.0","14,758.2","2,893.8",94.61,96,"68,857,602.0",47627,167890,"72,727,844.0","3,219,845.9","1,024,672.1",94.68
,,43047555,ANGULO SEMI 40X40X5MM A270ES,3/25/2026 5:11:23 PM,3/25/2026 7:42:04 PM,"59,427.0",31,,102525180,"PALANQUILLA 130X130MM AZA 1011 3,4M (N)",142,"63,729.6","3,597.3",705.3,93.25,95.4,"68,857,602.0",47627,167890,"72,727,844.0","3,219,845.9","1,024,672.1",94.68
,,43047561,ANGULO SEMI 40X40X4MM A270ES,3/25/2026 9:37:45 PM,3/25/2026 11:31:49 PM,"44,839.0",23,,102525180,"PALANQUILLA 130X130MM AZA 1011 3,4M (N)",108,"48,470.4","3,036.1",595.3,92.51,95.3,"68,857,602.0",47627,167890,"72,727,844.0","3,219,845.9","1,024,672.1",94.68
,,43047548,ANGULO SEMI 40X40X3MM A270ES,3/26/2026 12:57:15 AM,3/26/2026 1:35:17 PM,"211,956.0",117,,102525180,"PALANQUILLA 130X130MM AZA 1011 3,4M (N)",503,"225,746.4","10,426.9","3,363.5",93.89,95.7,"68,857,602.0",47627,167890,"72,727,844.0","3,219,845.9","1,024,672.1",94.68
,,43047549,ANGULO SEMI 50X50X5MM A270ES,3/26/2026 4:21:02 PM,3/26/2026 10:35:31 PM,"121,083.0",62,,102525180,"PALANQUILLA 130X130MM AZA 1011 3,4M (N)",287,"128,805.6","6,265.5","1,457.1",94.00,94.8,"68,857,602.0",47627,167890,"72,727,844.0","3,219,845.9","1,024,672.1",94.68
,,43047550,ANGULO SEMI 50X50X4MM A270ES,3/27/2026 12:07:56 AM,3/27/2026 3:45:10 AM,"61,451.0",32,,102525180,"PALANQUILLA 130X130MM AZA 1011 3,4M (N)",145,"65,076.0","3,030.7",594.3,94.43,94.8,"68,857,602.0",47627,167890,"72,727,844.0","3,219,845.9","1,024,672.1",94.68
,,43047551,ANGULO SEMI 50X50X3MM A270ES,3/27/2026 5:42:41 AM,3/27/2026 12:00:11 PM,"110,244.0",61,,102525180,"PALANQUILLA 130X130MM AZA 1011 3,4M (N)",261,"117,136.8","5,762.8","1,130.0",94.12,95.3,"68,857,602.0",47627,167890,"72,727,844.0","3,219,845.9","1,024,672.1",94.68
,,43047562,PLANA RESALTE 50X4 MM 11M A345 ES (N),3/27/2026 3:21:08 PM,3/28/2026 12:23:13 AM,"54,634.0",30,,102524194,"PALANQUILLA 130X130MM AZA 1021 3,4M (N)",143,"64,178.4","7,673.0","1,871.5",85.13,97,"68,857,602.0",47627,167890,"72,727,844.0","3,219,845.9","1,024,672.1",94.68
,,43047566,SAFEROCK 22MM 12M A280,3/28/2026 2:05:48 AM,3/28/2026 7:31:14 AM,"116,140.0",58,,119502731,"PALANQUILLA 130X130MM AZA 1021 3,2M (N)",284,"119,961.6","2,352.4","1,703.4",96.81,95.9,"68,857,602.0",47627,167890,"72,727,844.0","3,219,845.9","1,024,672.1",94.68
,,43047565,SAFEROCK 22MM 12M A420,3/28/2026 8:22:57 AM,3/28/2026 1:59:54 PM,"113,162.0",55,,102513099,"PALANQUILLA 130X130MM AZA 1542 3,2M (N)",286,"120,806.4","5,779.9","1,864.5",93.67,95.9,"68,857,602.0",47627,167890,"72,727,844.0","3,219,845.9","1,024,672.1",94.68
,,43047567,SAFEROCK SEMI 22MM 12M A280,3/28/2026 2:35:36 PM,3/28/2026 9:38:04 PM,"147,323.0",69,,119502731,"PALANQUILLA 130X130MM AZA 1021 3,2M (N)",367,"155,020.8","6,531.5","1,166.3",95.03,95.9,"68,857,602.0",47627,167890,"72,727,844.0","3,219,845.9","1,024,672.1",94.68
,,43047564,SAFEROCK 22MM 10.5M A280,3/28/2026 10:20:22 PM,3/29/2026 4:47:22 AM,"111,978.0",55,,119502731,"PALANQUILLA 130X130MM AZA 1021 3,2M (N)",297,"125,452.8","7,815.4","5,659.4",89.26,97,"68,857,602.0",47627,167890,"72,727,844.0","3,219,845.9","1,024,672.1",94.68
,,43047625,SAFEROCK 22MM 10M A280,3/30/2026 2:32:27 AM,3/30/2026 7:00:40 AM,"75,622.0",39,,119507252,"PALANQUILLA 135X135MM DESARROLLO 3,2M (N",176,"80,143.4","2,622.4","1,899.0",94.36,95.3,"68,857,602.0",47627,167890,"72,727,844.0","3,219,845.9","1,024,672.1",94.68
,,43047623,SAFEROCK 22MM 10M A280,3/30/2026 6:05:40 AM,3/30/2026 6:00:29 AM,"4,045.0",2,,102524194,"PALANQUILLA 130X130MM AZA 1021 3,4M (N)",10,"4,488.0",256.9,186.1,90.13,95.3,"68,857,602.0",47627,167890,"72,727,844.0","3,219,845.9","1,024,672.1",94.68
,,43047610,"SAFEROCK SEMI 22MM 10,5M A280",3/30/2026 7:25:19 AM,3/30/2026 8:56:26 AM,"43,198.0",23,,119507252,"PALANQUILLA 135X135MM DESARROLLO 3,2M (N",99,"45,080.6","1,617.5",265.2,95.82,95.8,"68,857,602.0",47627,167890,"72,727,844.0","3,219,845.9","1,024,672.1",94.68
,,43047292,"SAFEROCK SEMI 22MM 10,5M A280",3/30/2026 9:24:48 AM,3/30/2026 9:36:15 AM,"9,176.0",5,,102524194,"PALANQUILLA 130X130MM AZA 1021 3,4M (N)",22,"9,873.6",599.4,98.3,92.93,95.8,"68,857,602.0",47627,167890,"72,727,844.0","3,219,845.9","1,024,672.1",94.68
,,43047626,SAFEROCK SEMI 22MM 10M A280,3/30/2026 9:56:48 AM,3/30/2026 1:47:45 PM,"93,664.0",52,,102524194,"PALANQUILLA 130X130MM AZA 1021 3,4M (N)",221,"99,184.8","4,830.7",690.1,94.43,95.3,"68,857,602.0",47627,167890,"72,727,844.0","3,219,845.9","1,024,672.1",94.68
,,43047612,ANGULO SEMI 30X30X5MM A270ES,3/30/2026 5:43:19 PM,3/30/2026 7:01:49 PM,"31,785.0",16,,119507252,"PALANQUILLA 135X135MM DESARROLLO 3,2M (N",74,"33,625.6","1,569.9",270.7,94.53,95.8,"68,857,602.0",47627,167890,"72,727,844.0","3,219,845.9","1,024,672.1",94.68
,,43047609,ANGULO SEMI 30X30X3MM A270ES,3/30/2026 8:22:58 PM,3/31/2026 12:23:42 PM,"236,617.0",112,,119507252,"PALANQUILLA 135X135MM DESARROLLO 3,2M (N",538,"244,467.2","6,143.6","1,706.6",96.79,96,"68,857,602.0",47627,167890,"72,727,844.0","3,219,845.9","1,024,672.1",94.68
,,43047640,ANGULO SEMI 30X30X3MM A270ES,3/30/2026 10:34:26 PM,3/31/2026 2:10:26 AM,"62,230.0",35,,119507252,"PALANQUILLA 135X135MM DESARROLLO 3,2M (N",142,"64,524.8","1,865.6",518.2,96.44,96,"68,857,602.0",47627,167890,"72,727,844.0","3,219,845.9","1,024,672.1",94.68
,,43047673,SAFEROCK 22MM 10M A280,3/31/2026 2:06:08 PM,3/31/2026 2:09:55 PM,"29,671.0",15,,119502731,"PALANQUILLA 130X130MM AZA 1021 3,2M (N)",79,"33,369.6","2,145.2","1,553.4",88.92,95.3,"68,857,602.0",47627,167890,"72,727,844.0","3,219,845.9","1,024,672.1",94.68
,,43047613,"PLANA 19X7,3MM 6M COMERCIAL (N)",3/31/2026 4:04:57 PM,3/31/2026 6:04:10 PM,"31,918.0",31,,119507251,"PALANQUILLA 135X135MM DESARROLLO 2,7M (N",88,"33,739.2","1,541.0",280.2,94.60,96.7,"68,857,602.0",47627,167890,"72,727,844.0","3,219,845.9","1,024,672.1",94.68
,,43047614,REDONDO LISO 1/2' 6M SAE 1020 (N),3/31/2026 7:35:48 PM,3/31/2026 9:27:44 PM,"37,383.0",37,,119507251,"PALANQUILLA 135X135MM DESARROLLO 2,7M (N",102,"39,106.8","1,426.6",297.2,95.59,96,"68,857,602.0",47627,167890,"72,727,844.0","3,219,845.9","1,024,672.1",94.68
,,43047615,REDONDO LISO 12MM 6M SAE 1020 (N),3/31/2026 11:14:26 PM,4/1/2026 2:24:44 AM,"18,890.0",19,,119507252,"PALANQUILLA 135X135MM DESARROLLO 3,2M (N",71,"27,221.4","6,843.7","1,487.8",69.39,95.9,"68,857,602.0",47627,167890,"72,727,844.0","3,219,845.9","1,024,672.1",94.68
,,43047713,PLANA 32X3MM 6M A270ES (N),4/1/2026 11:32:39 AM,4/1/2026 3:06:49 PM,"57,965.0",60,,119507251,"PALANQUILLA 135X135MM DESARROLLO 2,7M (N",156,"59,810.4","1,542.9",302.5,96.91,96.6,"68,857,602.0",47627,167890,"72,727,844.0","3,219,845.9","1,024,672.1",94.68
,,43047741,PLANA 32X3MM 6M A270ES (N),4/1/2026 3:24:58 PM,4/1/2026 5:41:43 PM,"23,694.0",24,,102513114,"PALANQUILLA 130X130MM AZA 1011 2,9M (N)",69,"26,413.2","2,273.4",445.8,89.71,96.6,"68,857,602.0",47627,167890,"72,727,844.0","3,219,845.9","1,024,672.1",94.68
,,43047712,REDONDO LISO 12MM 6M SAE 1020 (N),4/1/2026 9:05:48 PM,4/1/2026 8:20:15 PM,"122,809.0",122,,119507251,"PALANQUILLA 135X135MM DESARROLLO 2,7M (N",299,"114,636.6","3,705.1",805.5,107.13,95.9,"68,857,602.0",47627,167890,"72,727,844.0","3,219,845.9","1,024,672.1",94.68
,,43047717,PLANA 32X10MM 6M A270ES (N),4/1/2026 11:22:08 PM,4/2/2026 3:15:20 AM,"48,423.0",49,,119507252,"PALANQUILLA 135X135MM DESARROLLO 3,2M (N",117,"53,164.8","3,829.9",911.9,91.08,96.3,"68,857,602.0",47627,167890,"72,727,844.0","3,219,845.9","1,024,672.1",94.68
,,43047718,PLANA 32X8MM 6M A270ES (N),4/2/2026 4:23:58 AM,4/2/2026 5:36:42 AM,"31,842.0",35,,119507252,"PALANQUILLA 135X135MM DESARROLLO 3,2M (N",74,"33,625.6","1,625.4",158.2,94.70,96.4,"68,857,602.0",47627,167890,"72,727,844.0","3,219,845.9","1,024,672.1",94.68
,,43047719,PLANA 38X5MM 6M A270ES (N),4/2/2026 7:33:52 AM,4/2/2026 1:04:39 PM,"101,118.0",98,,119507252,"PALANQUILLA 135X135MM DESARROLLO 3,2M (N",224,"101,785.6","2,152.1",489.1,99.34,96.5,"68,857,602.0",47627,167890,"72,727,844.0","3,219,845.9","1,024,672.1",94.68
,,43047850,B HORMIGON 18MM 6M A630-420H (N),4/17/2026 2:24:16 PM,4/21/2026 6:05:37 PM,"28,090.0",28,,102524188,"PALANQUILLA 130X130MM AZA 1541 3,4M (N)",36,"16,156.8",0.0,0.0,173.86,96,"68,857,602.0",47627,167890,"72,727,844.0","3,219,845.9","1,024,672.1",94.68
,,43047859,B HORMIGON 28MM 7M A630-420H (N),4/18/2026 7:24:47 AM,4/18/2026 1:25:21 PM,"133,381.0",92,,102513121,"PALANQUILLA 130X130MM AZA 1541 3,2M (N)",371,"156,710.4","13,531.1","9,798.3",85.11,96,"68,857,602.0",47627,167890,"72,727,844.0","3,219,845.9","1,024,672.1",94.68
,,43047863,B HORMIGON 28MM 12M A630-420H (N),4/18/2026 2:55:16 PM,4/20/2026 6:25:05 AM,"301,362.0",193,,102513121,"PALANQUILLA 130X130MM AZA 1541 3,2M (N)",816,"344,678.4","25,343.9","18,352.5",87.43,96,"68,857,602.0",47627,167890,"72,727,844.0","3,219,845.9","1,024,672.1",94.68
,,43047862,B HORMIGON 28MM 10M A630-420H (N),4/20/2026 8:03:06 AM,4/20/2026 12:50:44 PM,"74,756.0",51,,102524188,"PALANQUILLA 130X130MM AZA 1541 3,4M (N)",182,"81,681.6","4,977.3","3,604.3",91.52,96,"68,857,602.0",47627,167890,"72,727,844.0","3,219,845.9","1,024,672.1",94.68
,,43047861,B HORMIGON 28MM 9M A630-420H (N),4/20/2026 1:21:33 PM,4/20/2026 4:07:38 PM,"53,377.0",35,,102524188,"PALANQUILLA 130X130MM AZA 1541 3,4M (N)",138,"61,934.4","4,963.3","3,594.1",86.18,94,"68,857,602.0",47627,167890,"72,727,844.0","3,219,845.9","1,024,672.1",94.68
,,43047871,B HORMIGON R 28MM 12M A630-420H (N),4/20/2026 5:10:20 PM,4/21/2026 12:47:23 AM,"44,099.0",31,,102513121,"PALANQUILLA 130X130MM AZA 1541 3,2M (N)",132,"55,756.8","6,761.5","4,896.3",79.09,97,"68,857,602.0",47627,167890,"72,727,844.0","3,219,845.9","1,024,672.1",94.68
,,43047894,B HORMIGON 28MM 7M A630-420HS (N),4/21/2026 1:30:58 AM,4/21/2026 2:10:06 AM,"22,172.0",16,,119506260,"PALANQUILLA 130X130MM AZA 1629 3,2M (N)",55,"23,232.0",614.8,445.2,95.44,97,"68,857,602.0",47627,167890,"72,727,844.0","3,219,845.9","1,024,672.1",94.68
,,43047872,B HORMIGON 25MM 12M A630-420H (N),4/21/2026 4:30:35 AM,4/21/2026 11:15:21 AM,"151,443.0",99,,102526100,"PALANQUILLA 130X130MM AZA 1541 3,3M (N)",365,"158,994.0","6,759.9",791.1,95.25,95,"68,857,602.0",47627,167890,"72,727,844.0","3,219,845.9","1,024,672.1",94.68
,,43047873,B HORMIGON 25MM 11M A630-420H (N),4/21/2026 11:39:13 AM,4/21/2026 1:09:54 PM,"40,600.0",27,,102526100,"PALANQUILLA 130X130MM AZA 1541 3,3M (N)",100,"43,560.0","1,716.8","1,243.2",93.20,95,"68,857,602.0",47627,167890,"72,727,844.0","3,219,845.9","1,024,672.1",94.68
,,43047874,B HORMIGON 25MM 10M A630-420H (N),4/21/2026 1:35:00 PM,4/21/2026 3:52:17 PM,"51,964.0",35,,102526100,"PALANQUILLA 130X130MM AZA 1541 3,3M (N)",128,"55,756.8","2,199.8","1,593.0",93.20,95,"68,857,602.0",47627,167890,"72,727,844.0","3,219,845.9","1,024,672.1",94.68
,,43047875,B HORMIGON 25MM 9M A630-420H (N),4/21/2026 4:19:26 PM,4/21/2026 5:06:32 PM,"20,937.0",14,,102513137,PALANQUILLA 130X130MM AZA 1541 3M (N),56,"22,176.0","1,109.2",129.8,94.41,95,"68,857,602.0",47627,167890,"72,727,844.0","3,219,845.9","1,024,672.1",94.68
,,43047877,B HORMIGON 25MM 12M A630-420HS (N),4/21/2026 5:44:00 PM,4/21/2026 11:49:52 PM,"36,661.0",23,,119506261,"PALANQUILLA 130X130MM AZA 1629 3,3M (N)",91,"39,639.6","1,727.6","1,251.0",92.49,95,"68,857,602.0",47627,167890,"72,727,844.0","3,219,845.9","1,024,672.1",94.68
,,43047878,B HORMIGON R 25MM 12M A630-420HS(N),4/22/2026 12:09:53 AM,4/22/2026 2:05:17 AM,"54,152.0",37,,119506261,"PALANQUILLA 130X130MM AZA 1629 3,3M (N)",132,"57,499.2","2,996.5",350.7,94.18,97,"68,857,602.0",47627,167890,"72,727,844.0","3,219,845.9","1,024,672.1",94.68
,,43047879,"BARRA TRASPASO CARGA 25MM 6,2M A630-420H",4/22/2026 3:16:42 AM,4/22/2026 3:57:52 AM,"21,756.0",22,,119502582,"PALANQUILLA 130X130MM AZA 1050 3,4M (N) ",50,"22,440.0",,,96.95,97,"68,857,602.0",47627,167890,"72,727,844.0","3,219,845.9","1,024,672.1",94.68
,,43047882,PLANA 50X6MM 6M A270ES (N),4/22/2026 5:40:33 AM,4/22/2026 12:48:43 PM,"82,474.0",80,,102525180,"PALANQUILLA 130X130MM AZA 1011 3,4M (N)",211,"94,696.8","10,713.8","1,509.0",87.09,96,"68,857,602.0",47627,167890,"72,727,844.0","3,219,845.9","1,024,672.1",94.68
,,43047881,B HORMIGON R 32MM 12M A630-420HS (N),4/22/2026 2:54:28 PM,4/23/2026 2:30:27 AM,"113,657.0",76,,119506258,"PALANQUILLA 130X130MM AZA 1629 3,0M (N)",310,"122,760.0","5,279.7","3,823.3",92.58,97,"68,857,602.0",47627,167890,"72,727,844.0","3,219,845.9","1,024,672.1",94.68
,,43047884,B HORMIGON 18MM 12M A630-420H (N),4/23/2026 4:52:06 AM,4/23/2026 3:03:58 PM,"243,374.0",156,,102524188,"PALANQUILLA 130X130MM AZA 1541 3,4M (N)",571,"256,264.8","10,588.9","2,301.9",94.97,96,"68,857,602.0",47627,167890,"72,727,844.0","3,219,845.9","1,024,672.1",94.68
,,43047886,B HORMIGON 18MM 8M A630-420H (N),4/23/2026 3:56:42 PM,4/23/2026 4:47:51 PM,"27,312.0",17,,102524188,"PALANQUILLA 130X130MM AZA 1541 3,4M (N)",64,"28,723.2","1,029.8",381.4,95.09,96,"68,857,602.0",47627,167890,"72,727,844.0","3,219,845.9","1,024,672.1",94.68
,,43047887,B HORMIGON 18MM 7M A630-420H (N),4/23/2026 5:07:32 PM,4/23/2026 5:48:18 PM,"21,744.0",15,,102524188,"PALANQUILLA 130X130MM AZA 1541 3,4M (N)",51,"22,888.8",542.3,602.5,95.00,95.9,"68,857,602.0",47627,167890,"72,727,844.0","3,219,845.9","1,024,672.1",94.68
,,43047888,REDONDO LISO 19MM 6M SAE 1020 (N),4/23/2026 11:15:43 PM,4/24/2026 2:24:21 AM,"78,665.0",75,,102524143,"PALANQUILLA 130X130MM SAE 1020 3,4M (N)",188,"84,374.4","4,519.9","1,189.5",93.23,95.2,"68,857,602.0",47627,167890,"72,727,844.0","3,219,845.9","1,024,672.1",94.68
,,43047890,REDONDO LISO 3/4' 6M SAE 1020 (N),4/24/2026 2:38:05 AM,4/24/2026 4:50:51 AM,"55,206.0",53,,102524143,"PALANQUILLA 130X130MM SAE 1020 3,4M (N)",132,"59,241.6","3,074.7",960.9,93.19,95.2,"68,857,602.0",47627,167890,"72,727,844.0","3,219,845.9","1,024,672.1",94.68
,,43047889,REDONDO LISO 3/4' 6M ASTM A 36 (N),4/24/2026 5:05:59 AM,4/24/2026 6:49:34 AM,"46,225.0",44,,102526111,"PALANQUILLA 130X130MM AZA 1008 3,4M (N)",110,"49,368.0","2,945.4",197.6,93.63,95.2,"68,857,602.0",47627,167890,"72,727,844.0","3,219,845.9","1,024,672.1",94.68
,,43047891,REDONDO LISO 7/8' 6M SAE 1020 (N),4/24/2026 8:10:21 AM,4/24/2026 2:55:22 PM,"144,186.0",138,,102524143,"PALANQUILLA 130X130MM SAE 1020 3,4M (N)",340,"152,592.0","7,300.0","1,106.1",94.49,95,"68,857,602.0",47627,167890,"72,727,844.0","3,219,845.9","1,024,672.1",94.68
,,43047930,"BARRA TRASPASO CARGA 22MM 6,2M A630-420H",4/24/2026 11:58:59 AM,4/24/2026 12:08:46 PM,"8,962.0",9,,119502582,"PALANQUILLA 130X130MM AZA 1050 3,4M (N) ",22,"9,873.6",,,90.77,97,"68,857,602.0",47627,167890,"72,727,844.0","3,219,845.9","1,024,672.1",94.68
,,43047964,REDONDO LISO 7/8' 6M SAE 1020 (N),4/24/2026 3:17:46 PM,4/24/2026 5:34:00 PM,"54,332.0",51,,102513162,"PALANQUILLA 130X130MM SAE 1020 2,9M (N)",150,"57,420.0",,"3,088.0",94.62,95,"68,857,602.0",47627,167890,"72,727,844.0","3,219,845.9","1,024,672.1",94.68
,,43047892,SAFEROCK 22MM 6M A280,4/24/2026 11:21:55 PM,4/25/2026 1:47:26 AM,"58,429.0",59,,119502731,"PALANQUILLA 130X130MM AZA 1021 3,2M (N)",148,"62,515.2","2,370.0","1,716.2",93.46,95.9,"68,857,602.0",47627,167890,"72,727,844.0","3,219,845.9","1,024,672.1",94.68
,,43047931,B HORMIGON 22MM 12M A630-420H (N),4/25/2026 7:45:45 AM,4/25/2026 11:28:21 PM,"356,592.0",228,,102513132,"PALANQUILLA 130X130MM AZA 1541 3,1M (N)",911,"372,781.2","13,491.0","2,698.2",95.66,97.4,"68,857,602.0",47627,167890,"72,727,844.0","3,219,845.9","1,024,672.1",94.68
,,43047932,B HORMIGON 22MM 11M A630-420H (N),4/26/2026 12:26:02 AM,4/26/2026 3:22:54 AM,"75,717.0",48,,102513132,"PALANQUILLA 130X130MM AZA 1541 3,1M (N)",194,"79,384.8","3,158.4",509.4,95.38,97.4,"68,857,602.0",47627,167890,"72,727,844.0","3,219,845.9","1,024,672.1",94.68
,,43047933,B HORMIGON 22MM 10M A630-420H (N),4/26/2026 3:46:26 AM,4/27/2026 2:15:41 AM,"109,170.0",70,,102526100,"PALANQUILLA 130X130MM AZA 1541 3,3M (N)",264,"114,998.4","5,071.5",756.9,94.93,97.4,"68,857,602.0",47627,167890,"72,727,844.0","3,219,845.9","1,024,672.1",94.68
,,43047934,B HORMIGON 22MM 9M A630-420H (N),4/27/2026 2:34:21 AM,4/27/2026 5:52:59 PM,"170,115.0",115,,102524188,"PALANQUILLA 130X130MM AZA 1541 3,4M (N)",399,"179,071.2","8,180.5",775.7,95.00,97.4,"68,857,602.0",47627,167890,"72,727,844.0","3,219,845.9","1,024,672.1",94.68
,,43047935,B HORMIGON 22MM 8M A630-420H (N),4/27/2026 6:54:53 AM,4/27/2026 8:24:24 AM,"38,878.0",25,,102513137,PALANQUILLA 130X130MM AZA 1541 3M (N),103,"40,788.0","1,762.1",148.0,95.32,97.4,"68,857,602.0",47627,167890,"72,727,844.0","3,219,845.9","1,024,672.1",94.68
,,43047936,B HORMIGON 22MM 7M A630-420H (N),4/27/2026 8:46:26 AM,4/27/2026 9:46:11 AM,"31,038.0",20,,102526100,"PALANQUILLA 130X130MM AZA 1541 3,3M (N)",75,"32,670.0","1,461.0",171.0,95.00,97.4,"68,857,602.0",47627,167890,"72,727,844.0","3,219,845.9","1,024,672.1",94.68
,,43047937,B HORMIGON 22MM 6M A630-420H (N),4/27/2026 10:07:06 AM,4/27/2026 11:30:42 AM,"36,452.0",36,,102513132,"PALANQUILLA 130X130MM AZA 1541 3,1M (N)",93,"38,055.6","1,102.5",501.1,95.79,97.4,"68,857,602.0",47627,167890,"72,727,844.0","3,219,845.9","1,024,672.1",94.68
,,43047938,B HORMIGON 22MM 12M A630-420HS (N),4/27/2026 12:10:29 PM,4/27/2026 2:48:34 PM,"68,971.0",45,,119506259,"PALANQUILLA 130X130MM AZA 1629 3,1M (N)",179,"73,246.8","2,480.0","1,795.8",94.16,97,"68,857,602.0",47627,167890,"72,727,844.0","3,219,845.9","1,024,672.1",94.68
,,43047958,ANGULO SEMI 40X40X3MM A270ES,4/27/2026 11:42:28 PM,4/28/2026 5:38:56 PM,"280,639.0",145,,102525180,"PALANQUILLA 130X130MM AZA 1011 3,4M (N)",664,"298,003.2","13,129.0","4,235.2",94.17,95.7,"68,857,602.0",47627,167890,"72,727,844.0","3,219,845.9","1,024,672.1",94.68
,,43047974,SAFEROCK 22MM 12M A280,4/28/2026 6:30:42 PM,4/29/2026 6:19:39 PM,"95,184.0",48,,119502731,"PALANQUILLA 130X130MM AZA 1021 3,2M (N)",239,"100,953.6","6,584.3","4,767.9",94.28,95.9,"68,857,602.0",47627,167890,"72,727,844.0","3,219,845.9","1,024,672.1",94.68
,,43047959,PLANA 50X12MM 6M A270ES,4/28/2026 11:17:02 PM,4/29/2026 12:26:41 AM,"35,826.0",34,,102525180,"PALANQUILLA 130X130MM AZA 1011 3,4M (N)",86,"38,596.8","2,411.0",359.8,92.82,95.1,"68,857,602.0",47627,167890,"72,727,844.0","3,219,845.9","1,024,672.1",94.68
,,43047960,PLANA 50X10MM 6M A270ES (N),4/29/2026 1:12:14 AM,4/29/2026 6:18:51 AM,"121,702.0",123,,102525180,"PALANQUILLA 130X130MM AZA 1011 3,4M (N)",286,"128,356.8","5,676.1",978.7,94.82,95.4,"68,857,602.0",47627,167890,"72,727,844.0","3,219,845.9","1,024,672.1",94.68
,,43047961,PLANA 63X8MM 6M A270ES (N),4/29/2026 8:59:10 AM,4/29/2026 3:03:50 PM,"115,864.0",111,,102525180,"PALANQUILLA 130X130MM AZA 1011 3,4M (N)",288,"129,254.4","11,195.3","2,195.2",89.64,95.5,"68,857,602.0",47627,167890,"72,727,844.0","3,219,845.9","1,024,672.1",94.68
,,43047962,ANGULO SEMI 50X50X5MM A270ES,4/29/2026 11:32:59 PM,4/30/2026 2:13:34 AM,"57,269.0",28,,102525180,"PALANQUILLA 130X130MM AZA 1011 3,4M (N)",141,"63,280.8","4,877.5","1,134.3",90.50,94.8,"68,857,602.0",47627,167890,"72,727,844.0","3,219,845.9","1,024,672.1",94.68
,,43047963,ANGULO SEMI 50X50X3MM A270ES,4/30/2026 3:46:14 AM,4/30/2026 5:09:06 PM,"220,339.0",117,,102525180,"PALANQUILLA 130X130MM AZA 1011 3,4M (N)",517,"232,029.6","9,774.1","1,916.5",94.96,95.3,"68,857,602.0",47627,167890,"72,727,844.0","3,219,845.9","1,024,672.1",94.68
,,43048033,B HORMIGON 28MM 8M A630-420H (N),4/30/2026 5:51:12 PM,4/30/2026 5:50:16 PM,"4,030.0",3,,102513121,"PALANQUILLA 130X130MM AZA 1541 3,2M (N)",1,422.4,0.0,0.0,954.07,96,"68,857,602.0",47627,167890,"72,727,844.0","3,219,845.9","1,024,672.1",94.68
,,43048034,B HORMIGON 28MM 10M A630-420H (N),4/30/2026 5:53:56 PM,4/30/2026 5:52:57 PM,"5,171.0",3,,102513121,"PALANQUILLA 130X130MM AZA 1541 3,2M (N)",1,422.4,0.0,0.0,"1,224.20",96,"68,857,602.0",47627,167890,"72,727,844.0","3,219,845.9","1,024,672.1",94.68
,,43048066,B HORMIGON 28MM 11M A630-420H (N),4/30/2026 6:44:22 PM,4/30/2026 6:44:24 PM,"13,219.0",9,,102513121,"PALANQUILLA 130X130MM AZA 1541 3,2M (N)",2,844.8,0.0,0.0,"1,564.75",94,"68,857,602.0",47627,167890,"72,727,844.0","3,219,845.9","1,024,672.1",94.68
,,43048067,PLANA 38X10MM 6M A270ES (N),5/2/2026 8:46:19 AM,5/2/2026 11:11:45 AM,"33,168.0",34,,102525180,"PALANQUILLA 130X130MM AZA 1011 3,4M (N)",80,"35,904.0","2,376.0",360.0,92.38,95.8,"68,857,602.0",47627,167890,"72,727,844.0","3,219,845.9","1,024,672.1",94.68
,,43048069,PLANA 50X4 MM 6M A270ES (N),5/2/2026 3:20:51 PM,5/2/2026 4:58:57 PM,"29,176.0",29,,102525180,"PALANQUILLA 130X130MM AZA 1011 3,4M (N)",77,"34,557.6","4,939.8",441.8,84.43,96.2,"68,857,602.0",47627,167890,"72,727,844.0","3,219,845.9","1,024,672.1",94.68
,,43048020,SAFEROCK SEMI 22MM 12M A280,5/2/2026 6:20:11 PM,5/4/2026 4:47:56 AM,"102,398.0",49,,119502731,"PALANQUILLA 130X130MM AZA 1021 3,2M (N)",253,"106,867.2","3,792.1",677.2,95.82,95.9,"68,857,602.0",47627,167890,"72,727,844.0","3,219,845.9","1,024,672.1",94.68
,,43048021,SAFEROCK 22MM 12M A420,5/4/2026 5:14:53 AM,5/4/2026 2:08:26 PM,"113,342.0",55,,102513099,"PALANQUILLA 130X130MM AZA 1542 3,2M (N)",286,"120,806.4","5,643.8","1,820.6",93.82,95.9,"68,857,602.0",47627,167890,"72,727,844.0","3,219,845.9","1,024,672.1",94.68
,,43048078,SAFEROCK 22MM 12M A420,5/4/2026 9:05:48 AM,5/4/2026 5:33:52 PM,"80,482.0",47,,102524193,"PALANQUILLA 130X130MM AZA 1542 3,4M (N)",199,"89,311.2","6,675.7","2,153.5",90.11,95.9,"68,857,602.0",47627,167890,"72,727,844.0","3,219,845.9","1,024,672.1",94.68
,,43048025,ANGULO SEMI 80X80X10MM A270ES,5/5/2026 12:19:26 AM,5/5/2026 1:40:11 AM,"31,019.0",15,,102525180,"PALANQUILLA 130X130MM AZA 1011 3,4M (N)",74,"33,211.2","1,838.6",353.6,93.40,94.1,"68,857,602.0",47627,167890,"72,727,844.0","3,219,845.9","1,024,672.1",94.68
,,43048027,ANGULO SEMI 80X80X8MM A270ES,5/5/2026 2:53:12 AM,5/5/2026 3:40:21 AM,"23,177.0",12,,102525180,"PALANQUILLA 130X130MM AZA 1011 3,4M (N)",58,"26,030.4","2,385.6",467.8,89.04,93.4,"68,857,602.0",47627,167890,"72,727,844.0","3,219,845.9","1,024,672.1",94.68
,,43048026,ANGULO SEMI 80X80X8MM 12m A270ES,5/5/2026 4:09:10 AM,5/5/2026 4:51:29 AM,"24,256.0",11,,102525180,"PALANQUILLA 130X130MM AZA 1011 3,4M (N)",56,"25,132.8",813.8,63.0,96.51,93.4,"68,857,602.0",47627,167890,"72,727,844.0","3,219,845.9","1,024,672.1",94.68
,,43048028,ANGULO SEMI 80X80X6MM A270ES,5/5/2026 7:13:43 AM,5/5/2026 5:50:06 PM,"175,227.0",82,,102525180,"PALANQUILLA 130X130MM AZA 1011 3,4M (N)",415,"186,252.0","9,217.6","1,807.4",94.08,94.9,"68,857,602.0",47627,167890,"72,727,844.0","3,219,845.9","1,024,672.1",94.68
,,43048111,ANG SEMI 80X80X6MM 12M ASTM A572 T2 (N),5/5/2026 1:08:16 PM,5/5/2026 1:19:34 PM,"10,547.0",5,,119505172,"PALANQUILLA 130X130MM AZA 1613 3,4M (N)",25,"11,220.0",574.0,99.0,94.00,97,"68,857,602.0",47627,167890,"72,727,844.0","3,219,845.9","1,024,672.1",94.68
,,43048029,ANGULO SEMI 65X65X8MM A270ES,5/5/2026 11:30:00 PM,5/6/2026 12:50:19 AM,"35,402.0",18,,102525180,"PALANQUILLA 130X130MM AZA 1011 3,4M (N)",85,"38,148.0","2,379.9",366.1,92.80,95.4,"68,857,602.0",47627,167890,"72,727,844.0","3,219,845.9","1,024,672.1",94.68
,,43048030,ANGULO SEMI 65X65X6MM A270ES,5/6/2026 1:50:48 AM,5/6/2026 4:29:35 AM,"64,417.0",32,,102525180,"PALANQUILLA 130X130MM AZA 1011 3,4M (N)",150,"67,320.0","2,355.3",547.7,95.69,95.1,"68,857,602.0",47627,167890,"72,727,844.0","3,219,845.9","1,024,672.1",94.68
,,43048031,ANGULO SEMI 65X65X5MM A270ES,5/6/2026 8:21:52 AM,5/6/2026 2:55:07 PM,"108,951.0",60,,102525180,"PALANQUILLA 130X130MM AZA 1011 3,4M (N)",268,"120,278.4","9,407.5","1,919.9",90.58,95.1,"68,857,602.0",47627,167890,"72,727,844.0","3,219,845.9","1,024,672.1",94.68
,,43048064,B HORMIGON 36MM 12M A630-420H (N),5/6/2026 11:29:40 PM,5/7/2026 2:09:54 AM,"54,761.0",36,,102513132,"PALANQUILLA 130X130MM AZA 1541 3,1M (N)",143,"58,515.6","2,177.7","1,576.9",93.58,96,"68,857,602.0",47627,167890,"72,727,844.0","3,219,845.9","1,024,672.1",94.68
,,43048145,B HORMIGON 36MM 12M A630-420H (N),5/7/2026 2:37:11 AM,5/7/2026 5:17:35 AM,"58,484.0",38,,102513108,"PALANQUILLA 130X130MM P PRUEBAS 3,1M (N)",153,"62,607.6","2,391.7","1,731.9",93.41,96,"68,857,602.0",47627,167890,"72,727,844.0","3,219,845.9","1,024,672.1",94.68
,,43048044,B HORMIGON 36MM 9M A630-420H (N),5/7/2026 5:45:22 AM,5/7/2026 8:25:41 AM,"55,225.0",39,,102513145,"PALANQUILLA 130X130MM AZA 1541 2,9M (N)",155,"59,334.0","2,383.2","1,725.8",93.07,97,"68,857,602.0",47627,167890,"72,727,844.0","3,219,845.9","1,024,672.1",94.68
,,43048045,B HORMIGON 28MM 8M A630-420H (N),5/7/2026 10:23:09 AM,5/7/2026 2:50:28 PM,"117,790.0",80,,102524188,"PALANQUILLA 130X130MM AZA 1541 3,4M (N)",277,"124,317.6","3,786.0","2,741.6",94.75,96,"68,857,602.0",47627,167890,"72,727,844.0","3,219,845.9","1,024,672.1",94.68
,,43048046,REDONDO LISO 1' 6M ASTM A 36 (N),5/7/2026 5:26:20 PM,5/7/2026 11:17:07 PM,"38,213.0",39,,102525180,"PALANQUILLA 130X130MM AZA 1011 3,4M (N)",94,"42,187.2","4,650.6",596.2,90.58,94.7,"68,857,602.0",47627,167890,"72,727,844.0","3,219,845.9","1,024,672.1",94.68
,,43048047,REDONDO LISO 1' 6M SAE 1020 (N),5/7/2026 11:35:54 PM,5/8/2026 12:12:40 AM,"21,184.0",21,,102524143,"PALANQUILLA 130X130MM SAE 1020 3,4M (N)",50,"22,440.0","1,043.1",212.9,94.40,94.7,"68,857,602.0",47627,167890,"72,727,844.0","3,219,845.9","1,024,672.1",94.68
,,43048051,SAFEROCK 25MM 12M A420,5/8/2026 1:53:01 AM,5/8/2026 3:39:37 AM,"51,445.0",26,,102524193,"PALANQUILLA 130X130MM AZA 1542 3,4M (N)",121,"54,304.8","2,568.5",291.3,94.73,95.3,"68,857,602.0",47627,167890,"72,727,844.0","3,219,845.9","1,024,672.1",94.68
,,43048048,"SAFEROCK 25MM 8,4M A520",5/8/2026 4:09:19 AM,5/8/2026 6:34:27 AM,"63,844.0",35,,102526117,"PALANQUILLA 130X130MM AZA 1644 3,4M (N)",143,"64,178.4",194.0,140.5,99.48,97,"68,857,602.0",47627,167890,"72,727,844.0","3,219,845.9","1,024,672.1",94.68
,,43048050,"SAFEROCK 25MM 11,96M A520",5/8/2026 6:58:08 AM,5/8/2026 7:28:59 AM,"18,492.0",10,,102526117,"PALANQUILLA 130X130MM AZA 1644 3,4M (N)",44,"19,747.2",728.0,527.2,93.64,97,"68,857,602.0",47627,167890,"72,727,844.0","3,219,845.9","1,024,672.1",94.68
,,43048049,SAFEROCK 25MM 10M A420,5/8/2026 7:54:32 AM,5/8/2026 8:32:19 AM,"23,266.0",12,,102524193,"PALANQUILLA 130X130MM AZA 1542 3,4M (N)",55,"24,684.0",822.4,595.6,94.26,95.4,"68,857,602.0",47627,167890,"72,727,844.0","3,219,845.9","1,024,672.1",94.68
,,43048059,B HORMIGON R 25MM 12M A630-420HS(N),5/8/2026 10:54:48 AM,5/8/2026 12:47:43 PM,"52,718.0",37,,119506261,"PALANQUILLA 130X130MM AZA 1629 3,3M (N)",130,"56,628.0","3,500.4",409.6,93.10,97,"68,857,602.0",47627,167890,"72,727,844.0","3,219,845.9","1,024,672.1",94.68
,,43048060,B HORMIGON 25MM 12M A630-420H (N),5/8/2026 1:29:32 PM,5/8/2026 5:32:08 PM,"82,419.0",56,,102526100,"PALANQUILLA 130X130MM AZA 1541 3,3M (N)",210,"91,476.0","8,108.2",948.8,90.10,95,"68,857,602.0",47627,167890,"72,727,844.0","3,219,845.9","1,024,672.1",94.68
,,43048184,B HORMIGON 25MM 7M A630-420H (N),5/8/2026 6:13:51 PM,5/8/2026 6:10:50 PM,"12,378.0",9,,102526100,"PALANQUILLA 130X130MM AZA 1541 3,3M (N)",1,435.6,0.0,0.0,"2,841.60",95,"68,857,602.0",47627,167890,"72,727,844.0","3,219,845.9","1,024,672.1",94.68
,,43048154,B HORMIGON 18MM 12M A630-420H (N),5/8/2026 11:48:08 PM,5/9/2026 2:43:50 PM,"304,284.0",199,,102524188,"PALANQUILLA 130X130MM AZA 1541 3,4M (N)",713,"319,994.4","12,989.3","2,823.8",95.09,96,"68,857,602.0",47627,167890,"72,727,844.0","3,219,845.9","1,024,672.1",94.68
,,43048155,B HORMIGON 18MM 10M A630-420H (N),5/9/2026 3:12:10 PM,5/9/2026 3:46:55 PM,"18,340.0",12,,102524188,"PALANQUILLA 130X130MM AZA 1541 3,4M (N)",44,"19,747.2",953.3,453.9,92.87,96,"68,857,602.0",47627,167890,"72,727,844.0","3,219,845.9","1,024,672.1",94.68
,,43048156,B HORMIGON 18MM 8M A630-420H (N),5/9/2026 4:07:13 PM,5/9/2026 5:44:48 PM,"47,465.0",31,,102524188,"PALANQUILLA 130X130MM AZA 1541 3,4M (N)",110,"49,368.0","1,388.7",514.3,96.15,96,"68,857,602.0",47627,167890,"72,727,844.0","3,219,845.9","1,024,672.1",94.68
,,43048157,B HORMIGON 18MM 7M A630-420H (N),5/9/2026 6:23:03 PM,5/9/2026 7:52:05 PM,"36,840.0",25,,102524188,"PALANQUILLA 130X130MM AZA 1541 3,4M (N)",86,"38,596.8",832.2,924.6,95.45,95.9,"68,857,602.0",47627,167890,"72,727,844.0","3,219,845.9","1,024,672.1",94.68
,,43048175,B HORMIGON 18MM 11M A630-420HS (N),5/9/2026 8:25:01 PM,5/9/2026 9:02:34 PM,"20,593.0",14,,119506262,"PALANQUILLA 130X130MM AZA 1629 3,4M (N",50,"22,440.0","1,086.5",760.5,91.77,95,"68,857,602.0",47627,167890,"72,727,844.0","3,219,845.9","1,024,672.1",94.68
,,43048158,B HORMIGON 18MM 10M A630-420HS (N),5/9/2026 9:19:21 PM,5/9/2026 10:35:02 PM,"34,665.0",24,,119506262,"PALANQUILLA 130X130MM AZA 1629 3,4M (N",83,"37,250.4","1,520.8","1,064.6",93.06,95,"68,857,602.0",47627,167890,"72,727,844.0","3,219,845.9","1,024,672.1",94.68
,,43048159,ANGULO SEMI 30X30X3MM A270ES,5/10/2026 1:41:50 AM,5/11/2026 11:14:24 AM,"231,217.0",111,,102525180,"PALANQUILLA 130X130MM AZA 1011 3,4M (N)",547,"245,493.6","11,936.2","2,340.4",94.18,96,"68,857,602.0",47627,167890,"72,727,844.0","3,219,845.9","1,024,672.1",94.68
,,43048160,PLANA 50X3 MM 6M A270ES (N),5/11/2026 3:29:05 PM,5/12/2026 1:02:24 AM,"37,328.0",33,,102525180,"PALANQUILLA 130X130MM AZA 1011 3,4M (N)",95,"42,636.0","4,437.8",870.2,87.55,96.3,"68,857,602.0",47627,167890,"72,727,844.0","3,219,845.9","1,024,672.1",94.68
,,43048162,CUADRADO 10MM 6M COMERCIAL (N),5/12/2026 4:46:59 AM,5/12/2026 2:49:40 PM,"107,371.0",104,,102513114,"PALANQUILLA 130X130MM AZA 1011 2,9M (N)",299,"114,457.2","6,189.2",897.0,93.81,96.7,"68,857,602.0",47627,167890,"72,727,844.0","3,219,845.9","1,024,672.1",94.68
,,43048200,CUADRADO 10MM 6M COMERCIAL (N),5/12/2026 3:01:53 PM,5/12/2026 3:47:37 PM,"15,366.0",15,,102513113,"PALANQUILLA 130X130MM P PRUEBAS 2,9M (N)",45,"17,226.0","1,624.6",235.4,89.20,96.7,"68,857,602.0",47627,167890,"72,727,844.0","3,219,845.9","1,024,672.1",94.68
,,43048161,PLANA 25X3MM 6M A270ES (N),5/12/2026 11:22:36 PM,5/13/2026 3:14:40 AM,"17,770.0",17,,102513114,"PALANQUILLA 130X130MM AZA 1011 2,9M (N)",62,"23,733.6","4,986.0",977.6,74.87,96.8,"68,857,602.0",47627,167890,"72,727,844.0","3,219,845.9","1,024,672.1",94.68
,,43048163,REDONDO LISO 12MM 6M SAE 1020 (N),5/13/2026 6:05:19 AM,5/13/2026 12:14:27 PM,"70,392.0",71,,102513162,"PALANQUILLA 130X130MM SAE 1020 2,9M (N)",196,"75,028.8","3,808.8",828.0,93.82,95.9,"68,857,602.0",47627,167890,"72,727,844.0","3,219,845.9","1,024,672.1",94.68
,,43048202,REDONDO LISO 1/2' 6M SAE 1045 (N),5/13/2026 1:13:51 PM,5/13/2026 1:54:37 PM,"15,870.0",15,,102513104,"PALANQUILLA 130X130MM SAE 1045 2,9M (N) ",44,"16,843.2",766.1,207.1,94.22,96,"68,857,602.0",47627,167890,"72,727,844.0","3,219,845.9","1,024,672.1",94.68
,,43048164,PLANA 32X3MM 6M A270ES (N),5/13/2026 3:44:57 PM,5/13/2026 5:47:33 PM,"34,358.0",33,,102513114,"PALANQUILLA 130X130MM AZA 1011 2,9M (N)",91,"34,834.8",398.6,78.2,98.63,96.6,"68,857,602.0",47627,167890,"72,727,844.0","3,219,845.9","1,024,672.1",94.68
,,43048218,CUADRADO 12MM 6M COMERCIAL (N),5/13/2026 11:45:20 PM,5/14/2026 12:17:51 AM,"12,588.0",13,,102513114,"PALANQUILLA 130X130MM AZA 1011 2,9M (N)",37,"14,163.6","1,329.4",246.2,88.88,96.6,"68,857,602.0",47627,167890,"72,727,844.0","3,219,845.9","1,024,672.1",94.68
,,43048165,CUADRADO 12MM 6M COMERCIAL (N),5/14/2026 12:37:18 AM,5/14/2026 1:25:36 AM,"22,135.0",21,,102524390,"PALANQUILLA 130X130MM AZA 1008 3,2M (N) ",55,"23,232.0",925.6,171.4,95.28,96.6,"68,857,602.0",47627,167890,"72,727,844.0","3,219,845.9","1,024,672.1",94.68
,,43048167,PLANA 20X8MM 6M A270ES (N),5/14/2026 2:50:58 AM,5/14/2026 4:15:24 AM,"32,816.0",32,,102513096,"PALANQUILLA 130X130MM AZA 1011 3,2M (N)",83,"35,059.2","1,939.8",380.4,93.60,96.6,"68,857,602.0",47627,167890,"72,727,844.0","3,219,845.9","1,024,672.1",94.68
,,43048170,PLANA 38X3MM 6M A270ES (N),5/14/2026 6:24:11 AM,5/14/2026 9:08:29 AM,"20,560.0",19,,102513096,"PALANQUILLA 130X130MM AZA 1011 3,2M (N)",53,"22,387.2","1,527.7",299.5,91.84,96.6,"68,857,602.0",47627,167890,"72,727,844.0","3,219,845.9","1,024,672.1",94.68
,,43048219,PLANA 38X3MM 6M A270ES (N),5/14/2026 9:23:00 AM,5/14/2026 1:56:38 PM,"34,103.0",33,,102524390,"PALANQUILLA 130X130MM AZA 1008 3,2M (N) ",88,"37,171.2","2,674.8",393.4,91.75,96.6,"68,857,602.0",47627,167890,"72,727,844.0","3,219,845.9","1,024,672.1",94.68
,,43048220,PLANA 38X3MM 6M A270ES (N),5/14/2026 2:16:35 PM,5/14/2026 3:19:44 PM,"18,147.0",19,,102513114,"PALANQUILLA 130X130MM AZA 1011 2,9M (N)",50,"19,140.0",830.2,162.8,94.81,96.6,"68,857,602.0",47627,167890,"72,727,844.0","3,219,845.9","1,024,672.1",94.68
,,43048222,ANGULO SEMI 20X20X3MM A270ES,5/14/2026 5:43:39 PM,5/15/2026 12:33:33 AM,"25,152.0",13,,102513114,"PALANQUILLA 130X130MM AZA 1011 2,9M (N)",70,"26,796.0","1,350.4",293.6,93.86,96.3,"68,857,602.0",47627,167890,"72,727,844.0","3,219,845.9","1,024,672.1",94.68
,,43048203,REDONDO LISO 16MM 6M SAE 1020 (N),5/15/2026 2:53:59 AM,5/15/2026 7:16:09 AM,"101,456.0",98,,102524143,"PALANQUILLA 130X130MM SAE 1020 3,4M (N)",240,"107,712.0","5,293.5",962.5,94.19,95.8,"68,857,602.0",47627,167890,"72,727,844.0","3,219,845.9","1,024,672.1",94.68
,,43048204,REDONDO LISO 5/8' 6M SAE 1020 (N),5/15/2026 7:31:08 AM,5/15/2026 8:47:02 AM,"33,478.0",32,,102524143,"PALANQUILLA 130X130MM SAE 1020 3,4M (N)",78,"35,006.4","1,240.0",288.4,95.63,95.9,"68,857,602.0",47627,167890,"72,727,844.0","3,219,845.9","1,024,672.1",94.68
,,43048205,ANGULO SEMI 25X25X3MM A270ES,5/15/2026 10:56:19 AM,5/15/2026 5:46:48 PM,"143,433.0",70,,102525180,"PALANQUILLA 130X130MM AZA 1011 3,4M (N)",324,"145,411.2","2,087.7",409.4,98.64,96.3,"68,857,602.0",47627,167890,"72,727,844.0","3,219,845.9","1,024,672.1",94.68
,,43048208,B HORMIGON 25MM 12M A630-420H (N),5/15/2026 11:16:01 PM,5/16/2026 12:32:57 PM,"291,759.0",195,,102526100,"PALANQUILLA 130X130MM AZA 1541 3,3M (N)",705,"307,098.0","13,732.1","1,606.9",95.01,95,"68,857,602.0",47627,167890,"72,727,844.0","3,219,845.9","1,024,672.1",94.68
,,43048209,B HORMIGON 25MM 8M A630-420H (N),5/16/2026 12:54:32 PM,5/16/2026 3:39:01 PM,"59,739.0",39,,102524188,"PALANQUILLA 130X130MM AZA 1541 3,4M (N)",141,"63,280.8","3,170.8",371.1,94.40,95,"68,857,602.0",47627,167890,"72,727,844.0","3,219,845.9","1,024,672.1",94.68
,,43048210,B HORMIGON 25MM 7M A630-420H (N),5/16/2026 4:04:26 PM,5/16/2026 6:58:44 PM,"74,603.0",51,,102524188,"PALANQUILLA 130X130MM AZA 1541 3,4M (N)",176,"78,988.8","3,926.3",459.5,94.45,95,"68,857,602.0",47627,167890,"72,727,844.0","3,219,845.9","1,024,672.1",94.68
,,43048228,B HORMIGON 28MM 12M A630-420H (N),5/16/2026 9:19:02 PM,5/18/2026 3:28:52 AM,"281,813.0",177,,102513121,"PALANQUILLA 130X130MM AZA 1541 3,2M (N)",701,"296,102.4","8,287.9","6,001.6",95.17,96,"68,857,602.0",47627,167890,"72,727,844.0","3,219,845.9","1,024,672.1",94.68
,,43048229,B HORMIGON 28MM 11M A630-420H (N),5/18/2026 3:56:43 AM,5/18/2026 6:47:09 AM,"36,562.0",25,,102513137,PALANQUILLA 130X130MM AZA 1541 3M (N),99,"39,204.0","1,532.4","1,109.6",93.26,94,"68,857,602.0",47627,167890,"72,727,844.0","3,219,845.9","1,024,672.1",94.68
,,43048230,B HORMIGON 28MM 9M A630-420H (N),5/18/2026 7:25:54 AM,5/18/2026 8:49:25 AM,"41,308.0",28,,102524188,"PALANQUILLA 130X130MM AZA 1541 3,4M (N)",99,"44,431.2","1,811.5","1,311.8",92.97,94,"68,857,602.0",47627,167890,"72,727,844.0","3,219,845.9","1,024,672.1",94.68
,,43048231,B HORMIGON 28MM 8M A630-420H (N),5/18/2026 9:18:05 AM,5/18/2026 9:49:14 AM,"21,169.0",13,,102524188,"PALANQUILLA 130X130MM AZA 1541 3,4M (N)",50,"22,440.0",737.2,533.8,94.34,96,"68,857,602.0",47627,167890,"72,727,844.0","3,219,845.9","1,024,672.1",94.68
,,43048206,PLANA 50X8MM 6M A270ES (N),5/18/2026 12:19:20 PM,5/18/2026 1:33:28 PM,"29,250.0",27,,102525180,"PALANQUILLA 130X130MM AZA 1011 3,4M (N)",74,"33,211.2","3,278.2",683.0,88.07,95.7,"68,857,602.0",47627,167890,"72,727,844.0","3,219,845.9","1,024,672.1",94.68
,,43048207,PLANA 50X5MM 6M A270ES (N),5/18/2026 3:06:43 PM,5/18/2026 5:30:10 PM,"56,998.0",55,,102525180,"PALANQUILLA 130X130MM AZA 1011 3,4M (N)",135,"60,588.0","3,001.5",588.5,94.07,96,"68,857,602.0",47627,167890,"72,727,844.0","3,219,845.9","1,024,672.1",94.68
,,43048232,B HORMIGON 18MM 12M A630-420H (N),5/18/2026 11:05:13 PM,5/19/2026 12:19:25 PM,"295,562.0",189,,102524188,"PALANQUILLA 130X130MM AZA 1541 3,4M (N)",682,"306,081.6","10,147.8","2,206.0",96.56,96,"68,857,602.0",47627,167890,"72,727,844.0","3,219,845.9","1,024,672.1",94.68
,,43048233,B HORMIGON 18MM 10M A630-420H (N),5/19/2026 12:47:29 PM,5/19/2026 2:36:14 PM,"50,425.0",32,,102524188,"PALANQUILLA 130X130MM AZA 1541 3,4M (N)",120,"53,856.0","2,324.2","1,106.8",93.63,96,"68,857,602.0",47627,167890,"72,727,844.0","3,219,845.9","1,024,672.1",94.68
,,43048234,B HORMIGON 18MM 9M A630-420H (N),5/19/2026 3:07:17 PM,5/19/2026 4:38:59 PM,"45,175.0",31,,102524188,"PALANQUILLA 130X130MM AZA 1541 3,4M (N)",103,"46,226.4",767.2,284.2,97.73,95.9,"68,857,602.0",47627,167890,"72,727,844.0","3,219,845.9","1,024,672.1",94.68
,,43048235,B HORMIGON 18MM 8M A630-420H (N),5/19/2026 4:59:44 PM,5/19/2026 11:49:46 PM,"52,366.0",34,,102524188,"PALANQUILLA 130X130MM AZA 1541 3,4M (N)",122,"54,753.6","1,742.3",645.3,95.64,96,"68,857,602.0",47627,167890,"72,727,844.0","3,219,845.9","1,024,672.1",94.68
,,43048236,B HORMIGON 18MM 7M A630-420H (N),5/20/2026 12:09:50 AM,5/20/2026 1:29:02 AM,"38,195.0",26,,102524188,"PALANQUILLA 130X130MM AZA 1541 3,4M (N)",88,"39,494.4",615.5,683.9,96.71,95.9,"68,857,602.0",47627,167890,"72,727,844.0","3,219,845.9","1,024,672.1",94.68
,,43048237,B HORMIGON 18MM 6M A630-420H (N),5/20/2026 1:48:32 AM,5/20/2026 4:04:01 AM,"61,691.0",58,,102524188,"PALANQUILLA 130X130MM AZA 1541 3,4M (N)",142,"63,729.6","1,674.6",364.0,96.80,96,"68,857,602.0",47627,167890,"72,727,844.0","3,219,845.9","1,024,672.1",94.68
,,43048238,"SAFEROCK 22MM 11,96M A520",5/20/2026 6:12:52 AM,5/20/2026 10:22:09 AM,"30,901.0",15,,102513130,"PALANQUILLA 130X130MM AZA 1644 3,2M (N) ",91,"38,438.4","5,735.3","4,153.1",80.39,97,"68,857,602.0",47627,167890,"72,727,844.0","3,219,845.9","1,024,672.1",94.68
,,43048254,SAFEROCK SEMI 22MM 12M A280,5/20/2026 7:41:58 AM,5/21/2026 4:00:26 AM,"324,547.0",149,,119502731,"PALANQUILLA 130X130MM AZA 1021 3,2M (N)",800,"337,920.0","11,346.8","2,026.2",96.04,95.9,"68,857,602.0",47627,167890,"72,727,844.0","3,219,845.9","1,024,672.1",94.68
,,43048022,"SAFEROCK SEMI 22MM 10,5M A280",5/21/2026 4:24:51 AM,5/21/2026 9:14:45 AM,"67,901.0",31,,119502731,"PALANQUILLA 130X130MM AZA 1021 3,2M (N)",168,"70,963.2","2,630.9",431.3,95.68,95.8,"68,857,602.0",47627,167890,"72,727,844.0","3,219,845.9","1,024,672.1",94.68
,,43048297,SAFEROCK 22MM 12M A280,5/21/2026 9:37:11 AM,5/21/2026 12:04:13 PM,"60,535.0",31,,119502731,"PALANQUILLA 130X130MM AZA 1021 3,2M (N)",148,"62,515.2","1,148.5",831.7,96.83,95.9,"68,857,602.0",47627,167890,"72,727,844.0","3,219,845.9","1,024,672.1",94.68
,,43048256,SAFEROCK SEMI 22MM 10M A280,5/21/2026 12:30:08 PM,5/21/2026 1:45:04 PM,"31,196.0",17,,102524194,"PALANQUILLA 130X130MM AZA 1021 3,4M (N)",74,"33,211.2","1,763.3",251.9,93.93,95.3,"68,857,602.0",47627,167890,"72,727,844.0","3,219,845.9","1,024,672.1",94.68
,,43048257,"SAFEROCK SEMI 22MM 9,6M A280",5/21/2026 2:10:02 PM,5/21/2026 6:20:08 PM,"99,387.0",49,,102524194,"PALANQUILLA 130X130MM AZA 1021 3,4M (N)",232,"104,121.6","2,746.1","1,988.5",95.45,95.7,"68,857,602.0",47627,167890,"72,727,844.0","3,219,845.9","1,024,672.1",94.68
,,43048258,ANGULO SEMI 30X30X5MM A270ES,5/21/2026 8:28:39 PM,5/21/2026 9:31:26 PM,"28,471.0",14,,102525180,"PALANQUILLA 130X130MM AZA 1011 3,4M (N)",67,"30,069.6","1,336.5",262.1,94.68,95.8,"68,857,602.0",47627,167890,"72,727,844.0","3,219,845.9","1,024,672.1",94.68
,,43048259,ANGULO SEMI 30X30X3MM A270ES,5/21/2026 10:57:22 PM,5/22/2026 4:59:16 PM,"287,396.0",147,,102525180,"PALANQUILLA 130X130MM AZA 1011 3,4M (N)",669,"300,247.2","11,975.6","2,348.2",95.72,96,"68,857,602.0",47627,167890,"72,727,844.0","3,219,845.9","1,024,672.1",94.68
,,43048260,B HORMIGON 36MM 12M A630-420H (N),5/22/2026 11:38:15 PM,5/23/2026 3:05:02 AM,"91,451.0",60,,102513132,"PALANQUILLA 130X130MM AZA 1541 3,1M (N)",240,"98,208.0","3,919.1","2,837.9",93.12,96,"68,857,602.0",47627,167890,"72,727,844.0","3,219,845.9","1,024,672.1",94.68
,,43048315,B HORMIGON 36MM 7M A630-420H (N),5/23/2026 3:42:57 AM,5/23/2026 5:01:55 AM,"39,126.0",26,,102513132,"PALANQUILLA 130X130MM AZA 1541 3,1M (N)",101,"41,329.2","1,277.9",925.3,94.67,96,"68,857,602.0",47627,167890,"72,727,844.0","3,219,845.9","1,024,672.1",94.68
,,43048263,B HORMIGON 28MM 10M A630-420H (N),5/23/2026 6:22:59 AM,5/28/2026 8:58:26 PM,"182,100.0",117,,102524188,"PALANQUILLA 130X130MM AZA 1541 3,4M (N)",377,"169,197.6","4,016.3","2,908.3",107.63,96,"68,857,602.0",47627,167890,"72,727,844.0","3,219,845.9","1,024,672.1",94.68
,,43048261,B HORMIGON 28MM 12M A630-420H (N),5/23/2026 11:53:23 AM,5/23/2026 9:46:47 PM,"234,775.0",147,,102513121,"PALANQUILLA 130X130MM AZA 1541 3,2M (N)",585,"247,104.0","7,150.8","5,178.2",95.01,96,"68,857,602.0",47627,167890,"72,727,844.0","3,219,845.9","1,024,672.1",94.68
,,43048262,B HORMIGON 28MM 11M A630-420H (N),5/24/2026 12:53:31 AM,5/25/2026 1:02:23 AM,"141,114.0",93,,102513137,PALANQUILLA 130X130MM AZA 1541 3M (N),384,"152,064.0","6,351.0","4,599.0",92.80,94,"68,857,602.0",47627,167890,"72,727,844.0","3,219,845.9","1,024,672.1",94.68
,,43048264,B HORMIGON 28MM 9M A630-420H (N),5/25/2026 1:28:10 AM,5/25/2026 7:02:11 AM,"126,297.0",86,,102524188,"PALANQUILLA 130X130MM AZA 1541 3,4M (N)",297,"133,293.6","4,058.0","2,938.6",94.75,94,"68,857,602.0",47627,167890,"72,727,844.0","3,219,845.9","1,024,672.1",94.68
,,43048316,B HORMIGON 28MM 8M A630-420H (N),5/25/2026 7:28:55 AM,5/25/2026 11:47:20 AM,"104,172.0",69,,102513137,PALANQUILLA 130X130MM AZA 1541 3M (N),277,"109,692.0","3,201.6","2,318.4",94.97,96,"68,857,602.0",47627,167890,"72,727,844.0","3,219,845.9","1,024,672.1",94.68
,,43048317,B HORMIGON 28MM 8M A630-420H (N),5/25/2026 12:04:54 PM,5/25/2026 12:32:46 PM,"19,170.0",12,,102526100,"PALANQUILLA 130X130MM AZA 1541 3,3M (N)",44,"19,166.4",0.0,0.0,100.02,96,"68,857,602.0",47627,167890,"72,727,844.0","3,219,845.9","1,024,672.1",94.68
,,43048265,B HORMIGON 28MM 7M A630-420H (N),5/25/2026 12:59:46 PM,5/25/2026 5:49:45 PM,"116,377.0",73,,102513121,"PALANQUILLA 130X130MM AZA 1541 3,2M (N)",297,"125,452.8","5,264.0","3,811.8",92.77,96,"68,857,602.0",47627,167890,"72,727,844.0","3,219,845.9","1,024,672.1",94.68
,,43048266,ANGULO SEMI 40X40X5MM A270ES,5/26/2026 12:00:31 AM,5/26/2026 1:49:29 AM,"42,737.0",20,,102525180,"PALANQUILLA 130X130MM AZA 1011 3,4M (N)",98,"43,982.4","1,041.2",204.2,97.17,95.4,"68,857,602.0",47627,167890,"72,727,844.0","3,219,845.9","1,024,672.1",94.68
,,43048267,ANGULO SEMI 40X40X4MM A270ES,5/26/2026 2:40:16 AM,5/26/2026 4:15:05 AM,"42,613.0",22,,102525180,"PALANQUILLA 130X130MM AZA 1011 3,4M (N)",100,"44,880.0","1,895.4",371.6,94.95,95.3,"68,857,602.0",47627,167890,"72,727,844.0","3,219,845.9","1,024,672.1",94.68
,,43048268,ANGULO SEMI 40X40X3MM A270ES,5/26/2026 5:49:07 AM,5/26/2026 5:41:10 PM,"199,076.0",114,,102525180,"PALANQUILLA 130X130MM AZA 1011 3,4M (N)",473,"212,282.4","9,985.3","3,221.1",93.78,95.7,"68,857,602.0",47627,167890,"72,727,844.0","3,219,845.9","1,024,672.1",94.68
,,43048318,SAFEROCK 22MM 12M A280,5/26/2026 11:17:06 PM,5/27/2026 8:17:57 AM,"169,189.0",86,,119502731,"PALANQUILLA 130X130MM AZA 1021 3,2M (N)",423,"178,675.2","5,502.0","3,984.2",94.69,95.9,"68,857,602.0",47627,167890,"72,727,844.0","3,219,845.9","1,024,672.1",94.68
,,43048319,PLANA 50X3 MM 6M A270ES (N),5/27/2026 11:09:54 AM,5/27/2026 4:59:25 PM,"23,533.0",22,,102525180,"PALANQUILLA 130X130MM AZA 1011 3,4M (N)",76,"34,108.8","8,842.1","1,733.7",68.99,96.3,"68,857,602.0",47627,167890,"72,727,844.0","3,219,845.9","1,024,672.1",94.68
,,43048320,B HORMIGON 18MM 12M A630-420H (N),5/27/2026 11:07:02 PM,5/28/2026 6:19:57 AM,"158,826.0",104,,102524188,"PALANQUILLA 130X130MM AZA 1541 3,4M (N)",374,"167,851.2","7,413.6","1,611.7",94.62,96,"68,857,602.0",47627,167890,"72,727,844.0","3,219,845.9","1,024,672.1",94.68
,,43048321,B HORMIGON 18MM 11M A630-420H (N),5/28/2026 6:37:11 AM,5/28/2026 7:24:03 AM,"23,699.0",17,,102524188,"PALANQUILLA 130X130MM AZA 1541 3,4M (N)",57,"25,581.6","1,527.4",355.2,92.64,96,"68,857,602.0",47627,167890,"72,727,844.0","3,219,845.9","1,024,672.1",94.68
,,43048322,B HORMIGON 18MM 10M A630-420H (N),5/28/2026 7:45:01 AM,5/28/2026 9:29:12 AM,"49,015.0",33,,102524188,"PALANQUILLA 130X130MM AZA 1541 3,4M (N)",116,"52,060.8","2,063.3",982.5,94.15,96,"68,857,602.0",47627,167890,"72,727,844.0","3,219,845.9","1,024,672.1",94.68
,,43048323,B HORMIGON 18MM 9M A630-420H (N),5/28/2026 10:14:17 AM,5/28/2026 11:11:18 AM,"28,344.0",19,,102524188,"PALANQUILLA 130X130MM AZA 1541 3,4M (N)",67,"30,069.6","1,259.2",466.4,94.26,95.9,"68,857,602.0",47627,167890,"72,727,844.0","3,219,845.9","1,024,672.1",94.68
,,43048324,B HORMIGON 18MM 8M A630-420H (N),5/28/2026 11:31:05 AM,5/28/2026 1:43:12 PM,"60,351.0",40,,102524188,"PALANQUILLA 130X130MM AZA 1541 3,4M (N)",142,"63,729.6","2,465.5",913.1,94.70,96,"68,857,602.0",47627,167890,"72,727,844.0","3,219,845.9","1,024,672.1",94.68
,,43048325,B HORMIGON 18MM 7M A630-420H (N),5/28/2026 2:05:46 PM,5/28/2026 2:33:51 PM,"19,147.0",12,,102524188,"PALANQUILLA 130X130MM AZA 1541 3,4M (N)",44,"19,747.2",284.3,315.9,96.96,95.9,"68,857,602.0",47627,167890,"72,727,844.0","3,219,845.9","1,024,672.1",94.68
,,43048390,B HORMIGON 18MM 7M A630-420H (N),5/28/2026 2:51:42 PM,5/28/2026 4:58:44 PM,"52,190.0",33,,102526100,"PALANQUILLA 130X130MM AZA 1541 3,3M (N)",126,"54,885.6","1,276.9","1,418.7",95.09,95.9,"68,857,602.0",47627,167890,"72,727,844.0","3,219,845.9","1,024,672.1",94.68
,,43048389,B HORMIGON 18MM 10M A630-420H (N),5/28/2026 5:18:00 PM,5/28/2026 5:47:53 PM,"17,261.0",11,,102513132,"PALANQUILLA 130X130MM AZA 1541 3,1M (N)",44,"18,004.8",503.9,239.9,95.87,96,"68,857,602.0",47627,167890,"72,727,844.0","3,219,845.9","1,024,672.1",94.68
,,43048369,PLANA 100X12MM 6M A270ES (N),5/28/2026 11:50:53 PM,5/29/2026 12:54:53 AM,"31,454.0",29,,102525180,"PALANQUILLA 130X130MM AZA 1011 3,4M (N)",74,"33,211.2","1,469.1",288.1,94.71,95.1,"68,857,602.0",47627,167890,"72,727,844.0","3,219,845.9","1,024,672.1",94.68
,,43048406,PLANA 100X10MM 6M A270ES (N),5/29/2026 1:41:06 AM,5/29/2026 2:51:19 AM,"31,382.0",34,,102513096,"PALANQUILLA 130X130MM AZA 1011 3,2M (N)",78,"32,947.2","1,308.6",256.6,95.25,95.5,"68,857,602.0",47627,167890,"72,727,844.0","3,219,845.9","1,024,672.1",94.68
,,43048371,PLANA 100X8MM 6M A270ES (N),5/29/2026 4:30:44 AM,5/29/2026 7:33:47 AM,"73,021.0",74,,102525180,"PALANQUILLA 130X130MM AZA 1011 3,4M (N)",171,"76,744.8","3,213.7",510.1,95.15,95.2,"68,857,602.0",47627,167890,"72,727,844.0","3,219,845.9","1,024,672.1",94.68
,,43048372,PLANA 100X6MM 6M A270ES (N),5/29/2026 9:13:00 AM,5/29/2026 11:17:05 AM,"40,544.0",38,,102525180,"PALANQUILLA 130X130MM AZA 1011 3,4M (N)",96,"43,084.8","2,124.3",416.5,94.10,95.7,"68,857,602.0",47627,167890,"72,727,844.0","3,219,845.9","1,024,672.1",94.68
,,43048373,PLANA 100X5MM 6M A270ES (N),5/29/2026 11:58:51 AM,5/29/2026 5:41:20 PM,"114,878.0",109,,102525180,"PALANQUILLA 130X130MM AZA 1011 3,4M (N)",265,"118,932.0","3,389.4",664.6,96.59,96,"68,857,602.0",47627,167890,"72,727,844.0","3,219,845.9","1,024,672.1",94.68
,,43048374,SAFEROCK 25MM 12M A420,5/29/2026 11:15:06 PM,5/30/2026 7:13:32 AM,"187,027.0",93,,102524193,"PALANQUILLA 130X130MM AZA 1542 3,4M (N)",440,"197,472.0","9,381.2","1,063.8",94.71,95.3,"68,857,602.0",47627,167890,"72,727,844.0","3,219,845.9","1,024,672.1",94.68
,,43048375,"SAFEROCK SEMI 25MM 10,8M A280",5/30/2026 8:06:53 AM,5/30/2026 10:56:04 AM,"51,986.0",26,,102524194,"PALANQUILLA 130X130MM AZA 1021 3,4M (N)",123,"55,202.4","1,865.5","1,350.9",94.17,95.3,"68,857,602.0",47627,167890,"72,727,844.0","3,219,845.9","1,024,672.1",94.68
,,43048376,B HORMIGON 25MM 12M A630-420H (N),5/30/2026 12:19:26 PM,5/31/2026 12:16:08 AM,"287,576.0",192,,102526100,"PALANQUILLA 130X130MM AZA 1541 3,3M (N)",693,"301,870.8","12,797.3","1,497.6",95.26,95,"68,857,602.0",47627,167890,"72,727,844.0","3,219,845.9","1,024,672.1",94.68
,,43048377,B HORMIGON 25MM 11M A630-420H (N),5/31/2026 12:42:57 AM,5/31/2026 2:02:38 AM,"40,920.0",28,,102526100,"PALANQUILLA 130X130MM AZA 1541 3,3M (N)",99,"43,124.4","1,278.6",925.9,94.89,95,"68,857,602.0",47627,167890,"72,727,844.0","3,219,845.9","1,024,672.1",94.68
,,43048378,B HORMIGON 25MM 10M A630-420H (N),5/31/2026 2:23:38 AM,5/31/2026 5:40:00 AM,"88,976.0",60,,102526100,"PALANQUILLA 130X130MM AZA 1541 3,3M (N)",209,"91,040.4","1,568.9","1,136.1",97.73,95,"68,857,602.0",47627,167890,"72,727,844.0","3,219,845.9","1,024,672.1",94.68
,,43048527,B HORMIGON 25MM 9M A630-420H (N),6/1/2026 1:17:34 AM,6/1/2026 4:33:48 AM,"68,819.0",47,,102513137,PALANQUILLA 130X130MM AZA 1541 3M (N),160,"63,360.0","4,940.8",578.2,108.62,95,"68,857,602.0",47627,167890,"72,727,844.0","3,219,845.9","1,024,672.1",94.68
,,43048528,B HORMIGON 25MM 8M A630-420H (N),6/1/2026 5:00:16 AM,6/1/2026 6:15:25 AM,"38,315.0",25,,102524188,"PALANQUILLA 130X130MM AZA 1541 3,4M (N)",90,"40,392.0","1,859.4",217.6,94.86,95,"68,857,602.0",47627,167890,"72,727,844.0","3,219,845.9","1,024,672.1",94.68
,,43048529,PLANA 50X8MM 6M A270ES (N),6/1/2026 1:18:26 PM,6/1/2026 5:42:31 PM,"77,660.0",79,,102525180,"PALANQUILLA 130X130MM AZA 1011 3,4M (N)",184,"82,579.2","4,567.6",951.6,94.04,95.7,"68,857,602.0",47627,167890,"72,727,844.0","3,219,845.9","1,024,672.1",94.68
,,43048544,B HORMIGON 32MM 12M A630-420HS (N),6/1/2026 11:15:06 PM,6/2/2026 7:27:47 AM,"171,585.0",114,,119506258,"PALANQUILLA 130X130MM AZA 1629 3,0M (N)",462,"182,952.0","6,592.9","4,774.1",93.79,96,"68,857,602.0",47627,167890,"72,727,844.0","3,219,845.9","1,024,672.1",94.68
,,43048543,B HORMIGON 32MM 11M A630-420HS (N),6/2/2026 7:52:16 AM,6/2/2026 9:08:22 AM,"36,537.0",22,,119506261,"PALANQUILLA 130X130MM AZA 1629 3,3M (N)",88,"38,332.8","1,041.6",754.2,95.32,96,"68,857,602.0",47627,167890,"72,727,844.0","3,219,845.9","1,024,672.1",94.68
,,43048545,B HORMIGON 32MM 12M A630-420H (N),6/2/2026 10:01:25 AM,6/2/2026 5:43:27 PM,"181,521.0",121,,102513137,PALANQUILLA 130X130MM AZA 1541 3M (N),483,"191,268.0","5,653.3","4,093.7",94.90,96,"68,857,602.0",47627,167890,"72,727,844.0","3,219,845.9","1,024,672.1",94.68
,,43048535,REDONDO LISO 1 3/4' 6M SAE 1045 (N),6/3/2026 1:40:03 AM,6/3/2026 2:17:43 AM,"12,391.0",12,,102513159,"PALANQUILLA 130X130MM SAE 1045 3,2M (N) ",45,"19,008.0","5,209.1","1,407.9",65.19,97,"68,857,602.0",47627,167890,"72,727,844.0","3,219,845.9","1,024,672.1",94.68
,,43048536,REDONDO LISO 1 1/2' 6M SAE 1045 (N),6/3/2026 4:34:40 AM,6/3/2026 6:14:36 AM,"31,883.0",30,,102526114,"PALANQUILLA 130X130MM SAE 1045 3,4M (N)",76,"34,108.8","1,947.6",278.2,93.47,94.3,"68,857,602.0",47627,167890,"72,727,844.0","3,219,845.9","1,024,672.1",94.68
,,43048537,REDONDO LISO 1 1/2' 6M SAE 1020 (N),6/3/2026 6:35:33 AM,6/3/2026 7:51:16 AM,"33,221.0",31,,102524143,"PALANQUILLA 130X130MM SAE 1020 3,4M (N)",77,"34,557.6","1,200.2",136.4,96.13,94.3,"68,857,602.0",47627,167890,"72,727,844.0","3,219,845.9","1,024,672.1",94.68
,,43048538,REDONDO LISO 1 1/4' 6M SAE 1020 (N),6/3/2026 9:33:15 AM,6/3/2026 12:09:56 PM,"65,580.0",64,,102513153,"PALANQUILLA 130X130MM SAE 1020 3,2M (N) ",162,"68,428.8","3,977.5",662.9,95.84,95.1,"68,857,602.0",47627,167890,"72,727,844.0","3,219,845.9","1,024,672.1",94.68
,,43048539,REDONDO LISO 1 1/4' 6M ASTM A 36 (N),6/3/2026 12:33:03 PM,6/3/2026 1:17:48 PM,"22,038.0",23,,102513096,"PALANQUILLA 130X130MM AZA 1011 3,2M (N)",54,"22,809.6",683.9,87.7,96.62,95.1,"68,857,602.0",47627,167890,"72,727,844.0","3,219,845.9","1,024,672.1",94.68
,,43048540,"BARRA TRASPASO CARGA 32MM 6,2M A630-420H",6/3/2026 1:40:54 PM,6/3/2026 2:41:03 PM,"21,589.0",21,,119502582,"PALANQUILLA 130X130MM AZA 1050 3,4M (N) ",55,"24,684.0",,,87.46,97,"68,857,602.0",47627,167890,"72,727,844.0","3,219,845.9","1,024,672.1",94.68
,,43048594,REDONDO LISO 1 1/8' 6M SAE 1020 (N),6/3/2026 4:46:43 PM,6/3/2026 5:51:13 PM,"30,899.0",30,,102524143,"PALANQUILLA 130X130MM SAE 1020 3,4M (N)",74,"33,211.2","1,341.1",971.1,93.04,95.3,"68,857,602.0",47627,167890,"72,727,844.0","3,219,845.9","1,024,672.1",94.68
,,43048548,ANGULO SEMI 50X50X6MM A270ES,6/3/2026 11:43:27 PM,6/4/2026 2:08:08 AM,"60,537.0",27,,102525180,"PALANQUILLA 130X130MM AZA 1011 3,4M (N)",143,"64,178.4","3,044.5",597.0,94.33,94.6,"68,857,602.0",47627,167890,"72,727,844.0","3,219,845.9","1,024,672.1",94.68
,,43048549,ANGULO SEMI 50X50X5MM A270ES,6/4/2026 3:40:40 AM,6/4/2026 7:39:21 AM,"90,761.0",43,,102525180,"PALANQUILLA 130X130MM AZA 1011 3,4M (N)",216,"96,940.8","5,013.8","1,166.0",93.63,94.8,"68,857,602.0",47627,167890,"72,727,844.0","3,219,845.9","1,024,672.1",94.68
,,43048550,ANGULO SEMI 50X50X4MM A270ES,6/4/2026 9:22:26 AM,6/4/2026 5:40:26 PM,"155,618.0",74,,102525180,"PALANQUILLA 130X130MM AZA 1011 3,4M (N)",370,"166,056.0","8,726.9","1,711.1",93.71,94.8,"68,857,602.0",47627,167890,"72,727,844.0","3,219,845.9","1,024,672.1",94.68
,,43048551,ANGULO SEMI 50X50X3MM A270ES,6/5/2026 12:14:59 AM,6/5/2026 4:46:45 PM,"263,497.0",136,,102525180,"PALANQUILLA 130X130MM AZA 1011 3,4M (N)",624,"280,051.2","14,496.7","2,842.5",94.09,95.3,"68,857,602.0",47627,167890,"72,727,844.0","3,219,845.9","1,024,672.1",94.68
,,43048631,SAFEROCK 22MM 12M A420,6/5/2026 11:22:37 PM,6/6/2026 12:47:44 AM,"40,141.0",20,,102524193,"PALANQUILLA 130X130MM AZA 1542 3,4M (N)",99,"44,431.2","3,243.8","1,046.4",90.34,95.9,"68,857,602.0",47627,167890,"72,727,844.0","3,219,845.9","1,024,672.1",94.68
,,43048652,SAFEROCK 22MM 12M A280,6/6/2026 1:13:22 AM,6/6/2026 3:56:57 AM,"68,569.0",32,,119502731,"PALANQUILLA 130X130MM AZA 1021 3,2M (N)",170,"71,808.0","1,878.6","1,360.4",95.49,95.9,"68,857,602.0",47627,167890,"72,727,844.0","3,219,845.9","1,024,672.1",94.68
,,43048554,SAFEROCK SEMI 22MM 12M A280,6/6/2026 4:16:42 AM,6/6/2026 7:06:16 AM,"73,815.0",34,,119502731,"PALANQUILLA 130X130MM AZA 1021 3,2M (N)",182,"76,876.8","2,597.9",463.9,96.02,95.9,"68,857,602.0",47627,167890,"72,727,844.0","3,219,845.9","1,024,672.1",94.68
,,43048555,"SAFEROCK SEMI 22MM 10,5M A280",6/6/2026 7:28:16 AM,6/6/2026 7:57:57 AM,"17,914.0",9,,119502731,"PALANQUILLA 130X130MM AZA 1021 3,2M (N)",44,"18,585.6",577.0,94.6,96.39,95.8,"68,857,602.0",47627,167890,"72,727,844.0","3,219,845.9","1,024,672.1",94.68
,,43048556,SAFEROCK SEMI 22MM 10M A280,6/6/2026 10:13:00 AM,6/6/2026 11:27:14 AM,"30,980.0",17,,102524194,"PALANQUILLA 130X130MM AZA 1021 3,4M (N)",77,"34,557.6","3,130.4",447.2,89.65,95.3,"68,857,602.0",47627,167890,"72,727,844.0","3,219,845.9","1,024,672.1",94.68
,,43048557,"SAFEROCK SEMI 22MM 9,6M A280",6/6/2026 11:47:34 AM,6/6/2026 12:51:03 PM,"32,963.0",16,,102524194,"PALANQUILLA 130X130MM AZA 1021 3,4M (N)",77,"34,557.6",924.9,669.7,95.39,95.7,"68,857,602.0",47627,167890,"72,727,844.0","3,219,845.9","1,024,672.1",94.68
,,43048558,"SAFEROCK 19MM 11,96M A520",6/6/2026 2:34:00 PM,6/6/2026 3:15:16 PM,"18,910.0",10,,102526117,"PALANQUILLA 130X130MM AZA 1644 3,4M (N)",46,"20,644.8","1,006.2",728.6,91.60,97,"68,857,602.0",47627,167890,"72,727,844.0","3,219,845.9","1,024,672.1",94.68
,,43048559,"SAFEROCK 19MM 10,5M A520",6/6/2026 3:37:17 PM,6/6/2026 4:07:09 PM,"19,066.0",11,,102526117,"PALANQUILLA 130X130MM AZA 1644 3,4M (N)",45,"20,196.0",655.4,474.6,94.40,97,"68,857,602.0",47627,167890,"72,727,844.0","3,219,845.9","1,024,672.1",94.68
,,43048578,CUADRADO 16MM 6M COMERCIAL (N),6/6/2026 5:06:21 PM,6/6/2026 5:45:53 PM,"21,155.0",21,,102526111,"PALANQUILLA 130X130MM AZA 1008 3,4M (N)",50,"22,440.0","1,070.8",214.2,94.27,95.5,"68,857,602.0",47627,167890,"72,727,844.0","3,219,845.9","1,024,672.1",94.68
,,43048560,ANGULO SEMI 30X30X3MM A270ES,6/7/2026 11:50:16 PM,6/8/2026 3:41:34 PM,"311,918.0",161,,102525180,"PALANQUILLA 130X130MM AZA 1011 3,4M (N)",729,"327,175.2","12,756.0","2,501.2",95.34,96,"68,857,602.0",47627,167890,"72,727,844.0","3,219,845.9","1,024,672.1",94.68
,,43048573,PLANA 75X12MM 6M A270ES,6/8/2026 11:16:16 PM,6/9/2026 2:02:45 AM,"63,335.0",65,,102525180,"PALANQUILLA 130X130MM AZA 1011 3,4M (N)",151,"67,768.8","3,707.0",726.9,93.46,94.5,"68,857,602.0",47627,167890,"72,727,844.0","3,219,845.9","1,024,672.1",94.68
,,43048574,PLANA 75X10MM 6M A270ES (N),6/9/2026 2:38:21 AM,6/9/2026 4:28:40 AM,"51,289.0",52,,102525180,"PALANQUILLA 130X130MM AZA 1011 3,4M (N)",121,"54,304.8","2,521.4",494.4,94.45,94.7,"68,857,602.0",47627,167890,"72,727,844.0","3,219,845.9","1,024,672.1",94.68
,,43048575,PLANA 75X8MM 6M A270ES (N),6/9/2026 5:18:46 AM,6/9/2026 7:48:45 AM,"50,770.0",54,,102525180,"PALANQUILLA 130X130MM AZA 1011 3,4M (N)",120,"53,856.0","2,580.1",505.9,94.27,95.1,"68,857,602.0",47627,167890,"72,727,844.0","3,219,845.9","1,024,672.1",94.68
,,43048576,PLANA 75X6MM 6M A270ES (N),6/9/2026 9:15:20 AM,6/9/2026 11:34:37 AM,"53,643.0",55,,102525180,"PALANQUILLA 130X130MM AZA 1011 3,4M (N)",131,"58,792.8","4,305.6",844.2,91.24,95.4,"68,857,602.0",47627,167890,"72,727,844.0","3,219,845.9","1,024,672.1",94.68
,,43048577,PLANA 75X5MM 6M A270ES (N),6/9/2026 12:38:40 PM,6/9/2026 5:40:22 PM,"80,574.0",79,,102525180,"PALANQUILLA 130X130MM AZA 1011 3,4M (N)",191,"85,720.8","4,303.1",843.7,94.00,95.6,"68,857,602.0",47627,167890,"72,727,844.0","3,219,845.9","1,024,672.1",94.68
,,43048633,SAFEROCK 22MM 12M A420,6/9/2026 11:42:51 PM,6/10/2026 3:05:53 AM,"80,466.0",41,,102513099,"PALANQUILLA 130X130MM AZA 1542 3,2M (N)",203,"85,747.2","3,993.1","1,288.1",93.84,95.9,"68,857,602.0",47627,167890,"72,727,844.0","3,219,845.9","1,024,672.1",94.68
,,43048634,SAFEROCK SEMI 22MM 12M A280,6/10/2026 3:36:25 AM,6/10/2026 9:40:37 AM,"128,605.0",64,,119502731,"PALANQUILLA 130X130MM AZA 1021 3,2M (N)",321,"135,590.4","5,927.0","1,058.4",94.85,95.9,"68,857,602.0",47627,167890,"72,727,844.0","3,219,845.9","1,024,672.1",94.68
,,43048661,PLANA 38X10MM 6M A270ES (N),6/10/2026 11:22:07 AM,6/10/2026 12:06:14 PM,"20,250.0",21,,102525180,"PALANQUILLA 130X130MM AZA 1011 3,4M (N)",48,"21,542.4","1,122.4",170.1,94.00,95.8,"68,857,602.0",47627,167890,"72,727,844.0","3,219,845.9","1,024,672.1",94.68
,,43048662,PLANA 38X8MM 6M A270ES (N),6/10/2026 12:50:02 PM,6/10/2026 1:36:08 PM,"20,300.0",21,,102525180,"PALANQUILLA 130X130MM AZA 1011 3,4M (N)",48,"21,542.4","1,038.7",203.7,94.23,96,"68,857,602.0",47627,167890,"72,727,844.0","3,219,845.9","1,024,672.1",94.68
,,43048552,"BARRA TRASPASO CARGA 22MM 6,2M A630-420H",6/10/2026 3:04:13 PM,6/10/2026 5:11:03 PM,"46,773.0",44,,119502582,"PALANQUILLA 130X130MM AZA 1050 3,4M (N) ",110,"49,368.0",,,94.74,97,"68,857,602.0",47627,167890,"72,727,844.0","3,219,845.9","1,024,672.1",94.68
,,43048636,REDONDO LISO 7/8' 6M ASTM A 36 (N),6/10/2026 5:24:06 PM,6/10/2026 5:31:24 PM,"8,448.0",8,,102525180,"PALANQUILLA 130X130MM AZA 1011 3,4M (N)",19,"8,527.2",55.9,23.3,99.07,95,"68,857,602.0",47627,167890,"72,727,844.0","3,219,845.9","1,024,672.1",94.68
,,43048637,REDONDO LISO 3/4' 6M ASTM A 36 (N),6/10/2026 11:15:41 PM,6/11/2026 1:54:52 AM,"63,841.0",60,,102525180,"PALANQUILLA 130X130MM AZA 1011 3,4M (N)",152,"68,217.6","4,101.5",275.1,93.58,95.2,"68,857,602.0",47627,167890,"72,727,844.0","3,219,845.9","1,024,672.1",94.68
,,43048638,REDONDO LISO 3/4' 6M SAE 1045 (N),6/11/2026 2:11:42 AM,6/11/2026 3:09:29 AM,"22,745.0",21,,102526114,"PALANQUILLA 130X130MM SAE 1045 3,4M (N)",55,"24,684.0","1,488.1",450.9,92.14,95.2,"68,857,602.0",47627,167890,"72,727,844.0","3,219,845.9","1,024,672.1",94.68
,,43048639,REDONDO LISO 3/4' 6M SAE 1020 (N),6/11/2026 3:22:18 AM,6/11/2026 5:44:26 AM,"66,105.0",62,,102524143,"PALANQUILLA 130X130MM SAE 1020 3,4M (N)",153,"68,666.4","2,096.6",655.2,96.27,95.2,"68,857,602.0",47627,167890,"72,727,844.0","3,219,845.9","1,024,672.1",94.68
,,43048640,REDONDO LISO 19MM 6M SAE 1020 (N),6/11/2026 6:25:15 AM,6/11/2026 9:52:50 AM,"88,639.0",84,,102524143,"PALANQUILLA 130X130MM SAE 1020 3,4M (N)",212,"95,145.6","5,151.1","1,355.5",93.16,95.2,"68,857,602.0",47627,167890,"72,727,844.0","3,219,845.9","1,024,672.1",94.68
,,43048641,REDONDO LISO 18MM 6M SAE 1020 (N),6/11/2026 11:12:28 AM,6/11/2026 12:25:57 PM,"33,716.0",33,,102524143,"PALANQUILLA 130X130MM SAE 1020 3,4M (N)",81,"36,352.8","2,224.8",412.0,92.75,95.3,"68,857,602.0",47627,167890,"72,727,844.0","3,219,845.9","1,024,672.1",94.68
,,43048635,PLANA 50X3 MM 6M A270ES (N),6/11/2026 2:42:02 PM,6/12/2026 10:10:41 AM,"117,918.0",112,,102525180,"PALANQUILLA 130X130MM AZA 1011 3,4M (N)",289,"129,703.2","9,853.2","1,932.0",90.91,96.3,"68,857,602.0",47627,167890,"72,727,844.0","3,219,845.9","1,024,672.1",94.68
,,43048642,PLANA 50X5MM 6M A270ES (N),6/12/2026 12:23:57 PM,6/12/2026 5:35:45 PM,"102,283.0",97,,102525180,"PALANQUILLA 130X130MM AZA 1011 3,4M (N)",241,"108,160.8","4,914.2",963.6,94.57,96,"68,857,602.0",47627,167890,"72,727,844.0","3,219,845.9","1,024,672.1",94.68
,,43048677,B HORMIGON 25MM 11M A630-420HS (N),6/12/2026 11:10:43 PM,6/12/2026 11:51:01 PM,"22,233.0",14,,119506261,"PALANQUILLA 130X130MM AZA 1629 3,3M (N)",55,"23,958.0","1,544.3",180.7,92.80,95,"68,857,602.0",47627,167890,"72,727,844.0","3,219,845.9","1,024,672.1",94.68
,,43048678,B HORMIGON 25MM 10M A630-420HS (N),6/13/2026 12:11:50 AM,6/13/2026 12:54:47 AM,"22,921.0",15,,119506261,"PALANQUILLA 130X130MM AZA 1629 3,3M (N)",55,"23,958.0",601.5,435.5,95.67,96,"68,857,602.0",47627,167890,"72,727,844.0","3,219,845.9","1,024,672.1",94.68
,,43048679,B HORMIGON 25MM 11M A630-420H (N),6/13/2026 1:27:00 AM,6/13/2026 5:19:08 AM,"99,371.0",61,,102526100,"PALANQUILLA 130X130MM AZA 1541 3,3M (N)",243,"105,850.8","3,758.3","2,721.5",93.88,95,"68,857,602.0",47627,167890,"72,727,844.0","3,219,845.9","1,024,672.1",94.68
,,43048680,B HORMIGON 25MM 8M A630-420H (N),6/13/2026 5:42:35 AM,6/13/2026 2:59:57 PM,"140,562.0",90,,102524188,"PALANQUILLA 130X130MM AZA 1541 3,4M (N)",306,"137,332.8","3,255.4",381.0,102.35,95,"68,857,602.0",47627,167890,"72,727,844.0","3,219,845.9","1,024,672.1",94.68
,,43048681,B HORMIGON 25MM 7M A630-420H (N),6/13/2026 3:33:42 PM,6/13/2026 9:22:40 PM,"121,034.0",83,,102526100,"PALANQUILLA 130X130MM AZA 1541 3,3M (N)",297,"129,373.2","7,465.6",873.6,93.55,95,"68,857,602.0",47627,167890,"72,727,844.0","3,219,845.9","1,024,672.1",94.68
,,43048682,"SAFEROCK 25MM 8,4M A520",6/13/2026 10:40:54 PM,6/13/2026 11:22:36 PM,"20,397.0",10,,102526117,"PALANQUILLA 130X130MM AZA 1644 3,4M (N)",50,"22,440.0","1,184.9",858.1,90.90,97,"68,857,602.0",47627,167890,"72,727,844.0","3,219,845.9","1,024,672.1",94.68
,,43048683,"SAFEROCK 25MM 11,96M A520",6/13/2026 11:45:44 PM,6/14/2026 12:19:14 AM,"21,288.0",11,,102526117,"PALANQUILLA 130X130MM AZA 1644 3,4M (N)",50,"22,440.0",668.2,483.8,94.87,97,"68,857,602.0",47627,167890,"72,727,844.0","3,219,845.9","1,024,672.1",94.68
,,43048684,SAFEROCK 25MM 12M A280,6/14/2026 12:43:17 AM,6/14/2026 3:22:07 AM,"32,360.0",17,,119502731,"PALANQUILLA 130X130MM AZA 1021 3,2M (N)",86,"36,326.4","2,300.5","1,665.9",89.08,96.6,"68,857,602.0",47627,167890,"72,727,844.0","3,219,845.9","1,024,672.1",94.68
,,43048685,B HORMIGON 32MM 12M A630-420H (N),6/14/2026 5:15:58 AM,6/15/2026 4:33:36 AM,"107,368.0",73,,102513137,PALANQUILLA 130X130MM AZA 1541 3M (N),286,"113,256.0","3,415.0","2,473.0",94.80,96,"68,857,602.0",47627,167890,"72,727,844.0","3,219,845.9","1,024,672.1",94.68
,,43048686,B HORMIGON 32MM 11M A630-420H (N),6/15/2026 5:01:06 AM,6/15/2026 7:12:45 AM,"49,295.0",30,,102526100,"PALANQUILLA 130X130MM AZA 1541 3,3M (N)",120,"52,272.0","1,726.7","1,250.3",94.30,96,"68,857,602.0",47627,167890,"72,727,844.0","3,219,845.9","1,024,672.1",94.68
,,43048687,B HORMIGON 32MM 10M A630-420H (N),6/15/2026 7:42:04 AM,6/15/2026 10:27:03 AM,"70,920.0",47,,102513132,"PALANQUILLA 130X130MM AZA 1541 3,1M (N)",187,"76,520.4","3,248.2","2,352.2",92.68,96,"68,857,602.0",47627,167890,"72,727,844.0","3,219,845.9","1,024,672.1",94.68
,,43048688,B HORMIGON 36MM 12M A630-420HS (N),6/15/2026 12:27:34 PM,6/15/2026 1:39:44 PM,"32,951.0",22,,119506259,"PALANQUILLA 130X130MM AZA 1629 3,1M (N)",88,"36,009.6","1,774.0","1,284.6",91.51,96,"68,857,602.0",47627,167890,"72,727,844.0","3,219,845.9","1,024,672.1",94.68
,,43048690,B HORMIGON 36MM 9M A630-420HS (N),6/15/2026 2:07:42 PM,6/15/2026 2:43:53 PM,"21,144.0",15,,119506257,"PALANQUILLA 130X130MM AZA 1629 2,9M (N) ",60,"22,968.0","1,632.9",191.1,92.06,97,"68,857,602.0",47627,167890,"72,727,844.0","3,219,845.9","1,024,672.1",94.68
,,43048691,B HORMIGON 36MM 8M A630-420HS (N),6/15/2026 3:20:27 PM,6/15/2026 3:46:54 PM,"20,842.0",14,,119506259,"PALANQUILLA 130X130MM AZA 1629 3,1M (N)",55,"22,506.0",965.1,698.9,92.61,97,"68,857,602.0",47627,167890,"72,727,844.0","3,219,845.9","1,024,672.1",94.68
,,43048692,B HORMIGON 36MM 12M A630-420H (N),6/15/2026 4:37:56 PM,6/15/2026 5:40:55 PM,"34,147.0",23,,102513132,"PALANQUILLA 130X130MM AZA 1541 3,1M (N)",90,"36,828.0","1,555.0","1,126.0",92.72,96,"68,857,602.0",47627,167890,"72,727,844.0","3,219,845.9","1,024,672.1",94.68
,,43048689,ANGULO SEMI 20X20X3MM A270ES,6/15/2026 11:59:23 PM,6/16/2026 8:05:46 AM,"120,003.0",60,,102513096,"PALANQUILLA 130X130MM AZA 1011 3,2M (N)",295,"124,608.0","4,287.2",932.0,96.30,96.3,"68,857,602.0",47627,167890,"72,727,844.0","3,219,845.9","1,024,672.1",94.68
,,43048698,PLANA 38X3MM 6M A270ES (N),6/16/2026 9:45:42 AM,6/16/2026 5:45:41 PM,"107,954.0",104,,102513096,"PALANQUILLA 130X130MM AZA 1011 3,2M (N)",268,"113,203.2","4,388.7",860.5,95.36,96.6,"68,857,602.0",47627,167890,"72,727,844.0","3,219,845.9","1,024,672.1",94.68
,,43048696,PLANA 32X6MM 6M A270ES (N),6/16/2026 10:57:58 PM,6/17/2026 12:22:53 AM,"32,530.0",34,,102513096,"PALANQUILLA 130X130MM AZA 1011 3,2M (N)",81,"34,214.4","1,408.3",276.1,95.08,96.5,"68,857,602.0",47627,167890,"72,727,844.0","3,219,845.9","1,024,672.1",94.68
,,43048697,PLANA 32X5MM 6M A270ES (N),6/17/2026 1:03:40 AM,6/17/2026 6:50:55 AM,"100,242.0",100,,102513096,"PALANQUILLA 130X130MM AZA 1011 3,2M (N)",252,"106,444.8","5,075.0","1,127.8",94.17,96.6,"68,857,602.0",47627,167890,"72,727,844.0","3,219,845.9","1,024,672.1",94.68
,,43048695,PLANA 20X10MM 6M A270ES (N),6/17/2026 8:42:06 AM,6/17/2026 10:35:42 AM,"44,824.0",44,,102513096,"PALANQUILLA 130X130MM AZA 1011 3,2M (N)",100,"42,240.0",0.0,0.0,106.12,96.3,"68,857,602.0",47627,167890,"72,727,844.0","3,219,845.9","1,024,672.1",94.68
,,43048752,CUADRADO 12MM 6M COMERCIAL (N),6/17/2026 12:00:25 PM,6/17/2026 1:00:24 PM,"21,404.0",21,,102513172,"PALANQUILLA 130X130MM P PRUEBAS 3,2M (N)",54,"22,809.6","1,175.2",230.4,93.84,96.6,"68,857,602.0",47627,167890,"72,727,844.0","3,219,845.9","1,024,672.1",94.68
,,43048694,CUADRADO 12MM 6M COMERCIAL (N),6/17/2026 1:15:34 PM,6/17/2026 5:46:11 PM,"102,499.0",96,,102524390,"PALANQUILLA 130X130MM AZA 1008 3,2M (N) ",256,"108,134.4","4,754.9",880.5,94.79,96.6,"68,857,602.0",47627,167890,"72,727,844.0","3,219,845.9","1,024,672.1",94.68
,,43048758,ANGULO SEMI 25X25X3MM A270ES,6/17/2026 11:33:52 PM,6/18/2026 12:07:41 AM,"16,950.0",8,,102524390,"PALANQUILLA 130X130MM AZA 1008 3,2M (N) ",42,"17,740.8",661.2,129.6,95.54,96.3,"68,857,602.0",47627,167890,"72,727,844.0","3,219,845.9","1,024,672.1",94.68
,,43048699,ANGULO SEMI 25X25X3MM A270ES,6/18/2026 12:21:35 AM,6/18/2026 3:28:18 AM,"67,222.0",32,,102525180,"PALANQUILLA 130X130MM AZA 1011 3,4M (N)",155,"69,564.0","1,958.1",383.9,96.63,96.3,"68,857,602.0",47627,167890,"72,727,844.0","3,219,845.9","1,024,672.1",94.68
,,43048700,REDONDO LISO 16MM 6M SAE 1020 (N),6/18/2026 5:47:39 AM,6/18/2026 12:50:47 PM,"145,073.0",141,,102524143,"PALANQUILLA 130X130MM SAE 1020 3,4M (N)",341,"153,040.8","6,742.0","1,225.8",94.79,95.8,"68,857,602.0",47627,167890,"72,727,844.0","3,219,845.9","1,024,672.1",94.68
,,43048702,REDONDO LISO 5/8' 6M SAE 1020 (N),6/18/2026 1:37:06 PM,6/18/2026 2:58:08 PM,"38,070.0",36,,102524143,"PALANQUILLA 130X130MM SAE 1020 3,4M (N)",88,"39,494.4","1,155.7",268.8,96.39,95.9,"68,857,602.0",47627,167890,"72,727,844.0","3,219,845.9","1,024,672.1",94.68
,,43048703,REDONDO LISO 5/8' 6M SAE 1045 (N),6/18/2026 3:10:39 PM,6/18/2026 3:51:45 PM,"21,550.0",21,,102526114,"PALANQUILLA 130X130MM SAE 1045 3,4M (N)",50,"22,440.0",704.6,185.4,96.03,95.9,"68,857,602.0",47627,167890,"72,727,844.0","3,219,845.9","1,024,672.1",94.68
,,43048701,REDONDO LISO 5/8' 6M ASTM A 36 (N),6/18/2026 4:04:52 PM,6/18/2026 5:37:26 PM,"37,749.0",36,,102525180,"PALANQUILLA 130X130MM AZA 1011 3,4M (N)",88,"39,494.4","1,553.4",192.0,95.58,95.9,"68,857,602.0",47627,167890,"72,727,844.0","3,219,845.9","1,024,672.1",94.68
,,43048733,PLANA 25X3MM 6M A270ES (N),6/18/2026 11:15:06 PM,6/19/2026 4:03:49 AM,"59,631.0",56,,102513114,"PALANQUILLA 130X130MM AZA 1011 2,9M (N)",166,"63,544.8","3,272.2",641.6,93.84,96.8,"68,857,602.0",47627,167890,"72,727,844.0","3,219,845.9","1,024,672.1",94.68
,,43048760,"PLANA 1""X1/8"" X 7,315m ASTM A36 (P)",6/19/2026 5:05:28 AM,6/19/2026 5:48:55 PM,"110,903.0",109,,102513114,"PALANQUILLA 130X130MM AZA 1011 2,9M (N)",305,"116,754.0","3,393.6","2,457.4",94.99,97,"68,857,602.0",47627,167890,"72,727,844.0","3,219,845.9","1,024,672.1",94.68
,,43048730,REDONDO LISO 12MM 6M SAE 1020 (N),6/19/2026 11:12:47 PM,6/20/2026 11:50:33 PM,"371,541.0",380,,102513162,"PALANQUILLA 130X130MM SAE 1020 2,9M (N)",1020,"390,456.0","15,537.3","3,377.7",95.16,95.9,"68,857,602.0",47627,167890,"72,727,844.0","3,219,845.9","1,024,672.1",94.68
,,43048731,REDONDO LISO 1/2' 6M SAE 1045 (N),6/21/2026 12:57:44 AM,6/21/2026 2:28:32 AM,"31,926.0",30,,102513104,"PALANQUILLA 130X130MM SAE 1045 2,9M (N) ",88,"33,686.4","1,385.9",374.6,94.77,96,"68,857,602.0",47627,167890,"72,727,844.0","3,219,845.9","1,024,672.1",94.68
,,43048801,REDONDO LISO 1/2' 6M ASTM A 36 (N),6/21/2026 2:43:31 AM,6/21/2026 4:10:33 AM,"25,485.0",24,,102513114,"PALANQUILLA 130X130MM AZA 1011 2,9M (N)",70,"26,796.0","1,096.1",214.9,95.11,96,"68,857,602.0",47627,167890,"72,727,844.0","3,219,845.9","1,024,672.1",94.68
,,43048728,PLANA 18X8MM 6M COMERCIAL (N),6/21/2026 5:04:03 AM,6/21/2026 6:32:10 AM,"32,844.0",35,,102513114,"PALANQUILLA 130X130MM AZA 1011 2,9M (N)",90,"34,452.0","1,348.7",259.4,95.33,96.6,"68,857,602.0",47627,167890,"72,727,844.0","3,219,845.9","1,024,672.1",94.68
,,43048729,PLANA 25X5MM 6M A270ES (N),6/22/2026 1:01:29 AM,6/22/2026 3:17:38 AM,"44,026.0",42,,102513114,"PALANQUILLA 130X130MM AZA 1011 2,9M (N)",120,"45,936.0","1,574.9",335.1,95.84,96.5,"68,857,602.0",47627,167890,"72,727,844.0","3,219,845.9","1,024,672.1",94.68
,,43048727,PLANA 32X3MM 6M A270ES (N),6/22/2026 4:57:21 AM,6/22/2026 5:22:03 PM,"115,692.0",112,,102513114,"PALANQUILLA 130X130MM AZA 1011 2,9M (N)",319,"122,113.2","5,368.5","1,052.7",94.74,96.6,"68,857,602.0",47627,167890,"72,727,844.0","3,219,845.9","1,024,672.1",94.68
,,43048762,ANGULO SEMI 40X40X5MM A270ES,6/22/2026 11:17:47 PM,6/23/2026 1:17:24 AM,"50,458.0",23,,102525180,"PALANQUILLA 130X130MM AZA 1011 3,4M (N)",121,"54,304.8","3,216.2",630.6,92.92,95.4,"68,857,602.0",47627,167890,"72,727,844.0","3,219,845.9","1,024,672.1",94.68
,,43048763,ANGULO SEMI 40X40X4MM A270ES,6/23/2026 2:34:13 AM,6/23/2026 6:07:06 AM,"65,957.0",31,,102525180,"PALANQUILLA 130X130MM AZA 1011 3,4M (N)",157,"70,461.6","3,766.1",738.5,93.61,95.3,"68,857,602.0",47627,167890,"72,727,844.0","3,219,845.9","1,024,672.1",94.68
,,43048764,ANGULO SEMI 40X40X3MM A270ES,6/23/2026 8:12:45 AM,6/23/2026 5:31:31 PM,"187,695.0",95,,102525180,"PALANQUILLA 130X130MM AZA 1011 3,4M (N)",436,"195,676.8","6,035.0","1,946.8",95.92,95.7,"68,857,602.0",47627,167890,"72,727,844.0","3,219,845.9","1,024,672.1",94.68
,,43048765,"SAFEROCK SEMI 22MM 9,6M A280",6/23/2026 11:53:55 PM,6/24/2026 4:00:43 AM,"103,139.0",55,,102524194,"PALANQUILLA 130X130MM AZA 1021 3,4M (N)",242,"108,609.6","3,173.0","2,297.7",94.96,95.7,"68,857,602.0",47627,167890,"72,727,844.0","3,219,845.9","1,024,672.1",94.68
,,43048766,SAFEROCK SEMI 22MM 10M A280,6/24/2026 4:24:07 AM,6/24/2026 7:45:25 AM,"74,081.0",40,,102524194,"PALANQUILLA 130X130MM AZA 1021 3,4M (N)",176,"78,988.8","4,294.3",613.5,93.79,95.3,"68,857,602.0",47627,167890,"72,727,844.0","3,219,845.9","1,024,672.1",94.68
,,43048767,"SAFEROCK SEMI 22MM 10,5M A280",6/24/2026 8:11:28 AM,6/24/2026 9:15:15 AM,"30,998.0",15,,119502731,"PALANQUILLA 130X130MM AZA 1021 3,2M (N)",77,"32,524.8","1,311.8",215.0,95.31,95.8,"68,857,602.0",47627,167890,"72,727,844.0","3,219,845.9","1,024,672.1",94.68
,,43048768,SAFEROCK SEMI 22MM 12M A280,6/24/2026 9:37:20 AM,6/24/2026 5:44:55 PM,"166,162.0",81,,119502731,"PALANQUILLA 130X130MM AZA 1021 3,2M (N)",410,"173,184.0","5,958.1","1,063.9",95.95,95.9,"68,857,602.0",47627,167890,"72,727,844.0","3,219,845.9","1,024,672.1",94.68
,,43048769,SAFEROCK 22MM 12M A280,6/24/2026 10:47:14 PM,6/25/2026 2:45:19 AM,"98,892.0",51,,119502731,"PALANQUILLA 130X130MM AZA 1021 3,2M (N)",242,"102,220.8","1,930.7","1,398.1",96.74,95.9,"68,857,602.0",47627,167890,"72,727,844.0","3,219,845.9","1,024,672.1",94.68
,,43048770,SAFEROCK 22MM 12M A420,6/25/2026 3:39:37 AM,6/25/2026 11:09:14 AM,"161,858.0",82,,102513099,"PALANQUILLA 130X130MM AZA 1542 3,2M (N)",407,"171,916.8","7,605.4","2,453.4",94.15,95.9,"68,857,602.0",47627,167890,"72,727,844.0","3,219,845.9","1,024,672.1",94.68
,,43048771,B HORMIGON 22MM 12M A630-420H (N),6/25/2026 12:11:54 PM,6/26/2026 7:38:28 AM,"332,999.0",215,,102513132,"PALANQUILLA 130X130MM AZA 1541 3,1M (N)",864,"353,548.8","17,124.8","3,425.0",94.19,97.4,"68,857,602.0",47627,167890,"72,727,844.0","3,219,845.9","1,024,672.1",94.68
,,43048823,B HORMIGON 22MM 11M A630-420H (N),6/26/2026 8:00:22 AM,6/26/2026 11:07:19 AM,"81,266.0",52,,102513132,"PALANQUILLA 130X130MM AZA 1541 3,1M (N)",209,"85,522.8","3,665.6",591.2,95.02,97.4,"68,857,602.0",47627,167890,"72,727,844.0","3,219,845.9","1,024,672.1",94.68
,,43048824,B HORMIGON 22MM 10M A630-420H (N),6/26/2026 11:51:21 AM,6/26/2026 4:40:10 PM,"112,321.0",73,,102526100,"PALANQUILLA 130X130MM AZA 1541 3,3M (N)",271,"118,047.6","4,982.9",743.7,95.15,97.4,"68,857,602.0",47627,167890,"72,727,844.0","3,219,845.9","1,024,672.1",94.68
,,43048825,B HORMIGON 22MM 9M A630-420H (N),6/26/2026 4:59:16 PM,6/27/2026 3:59:37 AM,"160,003.0",108,,102524188,"PALANQUILLA 130X130MM AZA 1541 3,4M (N)",375,"168,300.0","7,578.4",718.6,95.07,97.4,"68,857,602.0",47627,167890,"72,727,844.0","3,219,845.9","1,024,672.1",94.68
,,43048826,B HORMIGON 22MM 8M A630-420H (N),6/27/2026 4:26:13 AM,6/27/2026 9:20:11 AM,"99,495.0",68,,102513137,PALANQUILLA 130X130MM AZA 1541 3M (N),264,"104,544.0","4,657.9",391.1,95.17,97.4,"68,857,602.0",47627,167890,"72,727,844.0","3,219,845.9","1,024,672.1",94.68
,,43048827,B HORMIGON 22MM 7M A630-420H (N),6/27/2026 9:41:31 AM,6/29/2026 2:32:42 PM,"157,407.0",103,,102526100,"PALANQUILLA 130X130MM AZA 1541 3,3M (N)",224,"97,574.4","2,838.6",332.2,161.32,97.4,"68,857,602.0",47627,167890,"72,727,844.0","3,219,845.9","1,024,672.1",94.68
,,43048828,B HORMIGON 22MM 6M A630-420H (N),6/27/2026 5:06:27 PM,6/28/2026 12:01:20 AM,"160,198.0",166,,102513132,"PALANQUILLA 130X130MM AZA 1541 3,1M (N)",407,"166,544.4","4,363.2","1,983.3",96.19,97.4,"68,857,602.0",47627,167890,"72,727,844.0","3,219,845.9","1,024,672.1",94.68
,,43048829,B HORMIGON 22MM 11M A630-420HS (N),6/28/2026 12:35:45 AM,6/28/2026 2:43:49 AM,"54,599.0",35,,119506259,"PALANQUILLA 130X130MM AZA 1629 3,1M (N)",141,"57,697.2","1,797.0","1,301.2",94.63,97,"68,857,602.0",47627,167890,"72,727,844.0","3,219,845.9","1,024,672.1",94.68
,,43048830,B HORMIGON 22MM 10M A630-420HS (N),6/28/2026 3:02:32 AM,6/28/2026 6:50:07 AM,"58,365.0",38,,119506261,"PALANQUILLA 130X130MM AZA 1629 3,3M (N)",141,"61,419.6","1,771.7","1,282.9",95.03,97,"68,857,602.0",47627,167890,"72,727,844.0","3,219,845.9","1,024,672.1",94.68
,,43048831,B HORMIGON 18MM 11M A630-420HS (N),6/29/2026 12:54:23 AM,6/29/2026 1:56:53 AM,"27,208.0",18,,119506262,"PALANQUILLA 130X130MM AZA 1629 3,4M (N",66,"29,620.8","1,419.3",993.5,91.85,95,"68,857,602.0",47627,167890,"72,727,844.0","3,219,845.9","1,024,672.1",94.68
,,43048832,B HORMIGON 18MM 10M A630-420HS (N),6/29/2026 2:14:32 AM,6/29/2026 3:10:35 AM,"27,626.0",18,,119506262,"PALANQUILLA 130X130MM AZA 1629 3,4M (N",66,"29,620.8","1,173.4",821.4,93.27,95,"68,857,602.0",47627,167890,"72,727,844.0","3,219,845.9","1,024,672.1",94.68
,,43048882,B HORMIGON 18MM 10M A630-420HS (N),6/29/2026 3:26:12 AM,6/29/2026 3:35:35 AM,"8,321.0",5,,119506260,"PALANQUILLA 130X130MM AZA 1629 3,2M (N)",21,"8,870.4",323.2,226.2,93.81,95,"68,857,602.0",47627,167890,"72,727,844.0","3,219,845.9","1,024,672.1",94.68
,,43048833,B HORMIGON 18MM 12M A630-420H (N),6/29/2026 4:03:15 AM,6/29/2026 7:33:25 PM,"348,997.0",222,,102524188,"PALANQUILLA 130X130MM AZA 1541 3,4M (N)",814,"365,323.2","13,410.8","2,915.4",95.53,96,"68,857,602.0",47627,167890,"72,727,844.0","3,219,845.9","1,024,672.1",94.68
,,43048834,B HORMIGON 18MM 11M A630-420H (N),6/29/2026 7:49:58 PM,6/29/2026 10:45:05 PM,"60,458.0",40,,102524188,"PALANQUILLA 130X130MM AZA 1541 3,4M (N)",143,"64,178.4","3,018.4",702.0,94.20,96,"68,857,602.0",47627,167890,"72,727,844.0","3,219,845.9","1,024,672.1",94.68
,,43048835,B HORMIGON 18MM 10M A630-420H (N),6/29/2026 11:02:06 PM,6/30/2026 4:40:03 AM,"141,751.0",90,,102524188,"PALANQUILLA 130X130MM AZA 1541 3,4M (N)",330,"148,104.0","4,303.6","2,049.4",95.71,96,"68,857,602.0",47627,167890,"72,727,844.0","3,219,845.9","1,024,672.1",94.68
,,43048836,B HORMIGON 18MM 9M A630-420H (N),6/30/2026 5:04:39 AM,6/30/2026 7:20:24 AM,"62,371.0",39,,102524188,"PALANQUILLA 130X130MM AZA 1541 3,4M (N)",146,"65,524.8","2,301.4",852.4,95.19,95.9,"68,857,602.0",47627,167890,"72,727,844.0","3,219,845.9","1,024,672.1",94.68
,,43048837,B HORMIGON 18MM 8M A630-420H (N),6/30/2026 7:50:15 AM,6/30/2026 9:26:46 AM,"49,394.0",32,,102524188,"PALANQUILLA 130X130MM AZA 1541 3,4M (N)",115,"51,612.0","2,409.6",892.4,95.70,96,"68,857,602.0",47627,167890,"72,727,844.0","3,219,845.9","1,024,672.1",94.68
,,43048838,B HORMIGON 18MM 7M A630-420H (N),6/30/2026 10:07:14 AM,6/30/2026 1:31:14 PM,"77,692.0",56,,102524188,"PALANQUILLA 130X130MM AZA 1541 3,4M (N)",180,"80,784.0","1,464.6","1,627.4",96.17,95.9,"68,857,602.0",47627,167890,"72,727,844.0","3,219,845.9","1,024,672.1",94.68
,,43048839,B HORMIGON 18MM 6M A630-420H (N),6/30/2026 1:50:14 PM,6/30/2026 3:12:28 PM,"35,603.0",34,,102524188,"PALANQUILLA 130X130MM AZA 1541 3,4M (N)",83,"37,250.4","1,353.2",294.2,95.58,96,"68,857,602.0",47627,167890,"72,727,844.0","3,219,845.9","1,024,672.1",94.68
,,43048888,B HORMIGON 18MM 11M A630-420HS (N),6/30/2026 3:47:20 PM,6/30/2026 5:22:42 PM,"35,052.0",25,,119506257,"PALANQUILLA 130X130MM AZA 1629 2,9M (N) ",100,"38,280.0","1,898.8","1,329.2",91.57,95,"68,857,602.0",47627,167890,"72,727,844.0","3,219,845.9","1,024,672.1",94.68
,,43048840,ANGULO SEMI 50X50X5MM A270ES,6/30/2026 11:34:17 PM,6/30/2026 11:52:45 PM,"3,300.0",2,,102525180,"PALANQUILLA 130X130MM AZA 1011 3,4M (N)",9,"4,039.2",599.7,139.5,81.70,94.8,"68,857,602.0",47627,167890,"72,727,844.0","3,219,845.9","1,024,672.1",94.68
,,43048978,ANGULO SEMI 50X50X5MM A270ES,7/1/2026 12:51:19 AM,7/1/2026 5:28:35 PM,"322,294.0",175,,102525180,"PALANQUILLA 130X130MM AZA 1011 3,4M (N)",753,"337,946.4","12,699.1","2,953.3",95.37,94.8,"68,857,602.0",47627,167890,"72,727,844.0","3,219,845.9","1,024,672.1",94.68
,,43048979,ANGULO SEMI 50X50X3MM A270ES,7/1/2026 11:47:47 PM,7/2/2026 5:39:29 PM,"339,863.0",192,,102525180,"PALANQUILLA 130X130MM AZA 1011 3,4M (N)",796,"357,244.8","14,532.3","2,849.5",95.13,95.3,"68,857,602.0",47627,167890,"72,727,844.0","3,219,845.9","1,024,672.1",94.68
,,43048859,REDONDO LISO 1' 6M ASTM A 36 (N),7/2/2026 11:38:16 PM,7/3/2026 3:07:06 AM,"91,323.0",89,,102525180,"PALANQUILLA 130X130MM AZA 1011 3,4M (N)",212,"95,145.6","3,388.2",434.4,95.98,94.7,"68,857,602.0",47627,167890,"72,727,844.0","3,219,845.9","1,024,672.1",94.68
,,43048860,REDONDO LISO 1' 6M SAE 1020 (N),7/3/2026 3:35:33 AM,7/3/2026 11:10:47 AM,"173,827.0",169,,102524143,"PALANQUILLA 130X130MM SAE 1020 3,4M (N)",407,"182,661.6","7,337.2","1,497.4",95.16,94.7,"68,857,602.0",47627,167890,"72,727,844.0","3,219,845.9","1,024,672.1",94.68
,,43048861,REDONDO LISO 1' 6M SAE 1045 (N),7/3/2026 11:26:57 AM,7/3/2026 4:14:34 PM,"121,156.0",119,,102526114,"PALANQUILLA 130X130MM SAE 1045 3,4M (N)",285,"127,908.0","5,759.1",992.9,94.72,94.7,"68,857,602.0",47627,167890,"72,727,844.0","3,219,845.9","1,024,672.1",94.68
,,43049063,REDONDO LISO 1' 6M SAE 1020 (N),7/3/2026 4:38:39 PM,7/3/2026 5:43:48 PM,"31,479.0",33,,102513153,"PALANQUILLA 130X130MM SAE 1020 3,2M (N) ",79,"33,369.6","1,570.2",320.4,94.33,94.7,"68,857,602.0",47627,167890,"72,727,844.0","3,219,845.9","1,024,672.1",94.68
,,43048863,B HORMIGON 25MM 12M A630-420H (N),7/3/2026 10:54:23 PM,7/4/2026 1:23:59 PM,"324,108.0",214,,102526100,"PALANQUILLA 130X130MM AZA 1541 3,3M (N)",779,"339,332.4","13,629.5","1,594.9",95.51,95,"68,857,602.0",47627,167890,"72,727,844.0","3,219,845.9","1,024,672.1",94.68
,,43048864,B HORMIGON 25MM 11M A630-420H (N),7/4/2026 1:59:27 PM,7/4/2026 2:46:01 PM,"25,339.0",17,,102526100,"PALANQUILLA 130X130MM AZA 1541 3,3M (N)",61,"26,571.6",714.9,517.7,95.36,95,"68,857,602.0",47627,167890,"72,727,844.0","3,219,845.9","1,024,672.1",94.68
,,43048865,B HORMIGON 25MM 9M A630-420H (N),7/4/2026 3:19:15 PM,7/5/2026 6:39:59 AM,"94,126.0",61,,102513137,PALANQUILLA 130X130MM AZA 1541 3M (N),252,"99,792.0","5,072.4",593.6,94.32,95,"68,857,602.0",47627,167890,"72,727,844.0","3,219,845.9","1,024,672.1",94.68
,,43048862,B HORMIGON 25MM 8M A630-420H (N),7/4/2026 6:09:08 PM,7/4/2026 11:56:19 PM,"130,338.0",87,,102524188,"PALANQUILLA 130X130MM AZA 1541 3,4M (N)",302,"135,537.6","4,654.9",544.7,96.16,95,"68,857,602.0",47627,167890,"72,727,844.0","3,219,845.9","1,024,672.1",94.68
,,43048866,B HORMIGON 25MM 7M A630-420H (N),7/5/2026 12:21:05 AM,7/5/2026 4:27:59 AM,"91,220.0",62,,102524188,"PALANQUILLA 130X130MM AZA 1541 3,4M (N)",212,"95,145.6","3,514.3",411.3,95.87,95,"68,857,602.0",47627,167890,"72,727,844.0","3,219,845.9","1,024,672.1",94.68
,,43048966,B HORMIGON 32MM 12M A630-420HS (N),7/6/2026 1:19:32 AM,7/6/2026 7:28:09 AM,"147,866.0",100,,119506258,"PALANQUILLA 130X130MM AZA 1629 3,0M (N)",399,"158,004.0","5,880.0","4,258.0",93.58,96,"68,857,602.0",47627,167890,"72,727,844.0","3,219,845.9","1,024,672.1",94.68
,,43048965,B HORMIGON 32MM 11M A630-420HS (N),7/6/2026 8:00:11 AM,7/6/2026 8:00:26 AM,"8,848.0",5,,119506261,"PALANQUILLA 130X130MM AZA 1629 3,3M (N)",20,"8,712.0",0.0,0.0,101.56,96,"68,857,602.0",47627,167890,"72,727,844.0","3,219,845.9","1,024,672.1",94.68
,,43048964,B HORMIGON 32MM 7M  A630-420HS (N).,7/6/2026 8:28:21 AM,7/6/2026 9:02:40 AM,"20,975.0",13,,119506260,"PALANQUILLA 130X130MM AZA 1629 3,2M (N)",54,"22,809.6","1,079.2",755.4,91.96,97,"68,857,602.0",47627,167890,"72,727,844.0","3,219,845.9","1,024,672.1",94.68
,,43048967,B HORMIGON 32MM 12M A630-420H (N),7/6/2026 9:52:19 AM,7/6/2026 3:03:19 PM,"122,277.0",83,,102513137,PALANQUILLA 130X130MM AZA 1541 3M (N),330,"130,680.0","4,873.7","3,529.3",93.57,96,"68,857,602.0",47627,167890,"72,727,844.0","3,219,845.9","1,024,672.1",94.68
,,43048984,B HORMIGON 32MM 11M A630-420H (N),7/6/2026 3:33:00 PM,7/6/2026 5:51:33 PM,"52,308.0",31,,102526100,"PALANQUILLA 130X130MM AZA 1541 3,3M (N)",127,"55,321.2","1,747.7","1,265.5",94.55,96,"68,857,602.0",47627,167890,"72,727,844.0","3,219,845.9","1,024,672.1",94.68
,,43049067,ANGULO SEMI 30X30X5MM A270ES,7/6/2026 11:52:46 PM,7/7/2026 4:23:24 AM,"70,022.0",35,,102525180,"PALANQUILLA 130X130MM AZA 1011 3,4M (N)",167,"74,949.6","4,119.8",807.8,93.43,95.8,"68,857,602.0",47627,167890,"72,727,844.0","3,219,845.9","1,024,672.1",94.68
,,43049068,ANGULO SEMI 30X30X3MM A270ES,7/7/2026 5:54:33 AM,7/7/2026 8:20:51 AM,"65,203.0",30,,102525180,"PALANQUILLA 130X130MM AZA 1011 3,4M (N)",151,"67,768.8","2,145.2",420.6,96.21,96,"68,857,602.0",47627,167890,"72,727,844.0","3,219,845.9","1,024,672.1",94.68
,,43048969,PLANA 50X3 MM 6M A270ES (N),7/7/2026 10:18:02 AM,7/7/2026 5:48:17 PM,"52,367.0",53,,102525180,"PALANQUILLA 130X130MM AZA 1011 3,4M (N)",128,"57,446.4","4,246.7",832.7,91.16,96.3,"68,857,602.0",47627,167890,"72,727,844.0","3,219,845.9","1,024,672.1",94.68
,,43048991,ANGULO SEMI 80X80X10MM A270ES,7/8/2026 12:07:24 AM,7/7/2026 11:52:09 PM,"1,541.0",1,,102525180,"PALANQUILLA 130X130MM AZA 1011 3,4M (N)",4,"1,795.2",213.2,41.0,85.84,94.1,"68,857,602.0",47627,167890,"72,727,844.0","3,219,845.9","1,024,672.1",94.68
,,43049087,ANGULO SEMI 80X80X10MM A270ES,7/8/2026 12:14:37 AM,7/8/2026 1:24:33 AM,"34,154.0",16,,102526111,"PALANQUILLA 130X130MM AZA 1008 3,4M (N)",81,"36,352.8","1,844.2",354.7,93.95,94.1,"68,857,602.0",47627,167890,"72,727,844.0","3,219,845.9","1,024,672.1",94.68
,,43048992,ANGULO SEMI 80X80X6MM A270ES,7/8/2026 3:17:00 AM,7/8/2026 5:50:39 PM,"152,727.0",87,,102525180,"PALANQUILLA 130X130MM AZA 1011 3,4M (N)",367,"164,709.6","10,018.2","1,964.4",92.73,94.9,"68,857,602.0",47627,167890,"72,727,844.0","3,219,845.9","1,024,672.1",94.68
,,43048993,ANG SEMI 80X80X6MM 12M ASTM A572 T2 (N),7/8/2026 12:53:15 PM,7/8/2026 2:13:20 PM,"31,381.0",19,,119505172,"PALANQUILLA 130X130MM AZA 1613 3,4M (N)",76,"34,108.8","2,326.7",401.1,92.00,97,"68,857,602.0",47627,167890,"72,727,844.0","3,219,845.9","1,024,672.1",94.68
,,43049118,ANGULO SEMI 80X80X6MM A270ES,7/8/2026 2:34:26 PM,7/8/2026 3:15:27 PM,"18,509.0",12,,102526111,"PALANQUILLA 130X130MM AZA 1008 3,4M (N)",44,"19,747.2","1,044.7",193.5,93.73,94.9,"68,857,602.0",47627,167890,"72,727,844.0","3,219,845.9","1,024,672.1",94.68
,,43048988,PLANA 100X10MM 6M A270ES (N),7/8/2026 11:06:58 PM,7/9/2026 1:10:59 AM,"52,780.0",57,,102513096,"PALANQUILLA 130X130MM AZA 1011 3,2M (N)",132,"55,756.8","2,488.8",488.0,94.66,95.5,"68,857,602.0",47627,167890,"72,727,844.0","3,219,845.9","1,024,672.1",94.68
,,43049094,PLANA 100X8MM 6M A270ES (N),7/9/2026 2:03:43 AM,7/9/2026 3:29:38 AM,"40,171.0",41,,102525180,"PALANQUILLA 130X130MM AZA 1011 3,4M (N)",94,"42,187.2","1,740.0",276.2,95.22,95.2,"68,857,602.0",47627,167890,"72,727,844.0","3,219,845.9","1,024,672.1",94.68
,,43048989,PLANA 100X6MM 6M A270ES (N),7/9/2026 4:47:10 AM,7/9/2026 6:17:42 AM,"41,313.0",43,,102525180,"PALANQUILLA 130X130MM AZA 1011 3,4M (N)",96,"43,084.8","1,481.3",290.5,95.89,95.7,"68,857,602.0",47627,167890,"72,727,844.0","3,219,845.9","1,024,672.1",94.68
,,43048990,PLANA 100X5MM 6M A270ES (N),7/9/2026 6:47:08 AM,7/9/2026 5:43:12 PM,"221,930.0",211,,102525180,"PALANQUILLA 130X130MM AZA 1011 3,4M (N)",517,"232,029.6","8,443.9","1,655.7",95.65,96,"68,857,602.0",47627,167890,"72,727,844.0","3,219,845.9","1,024,672.1",94.68
,,43048985,ANGULO SEMI 65X65X10MM A270ES,7/9/2026 11:56:24 PM,7/10/2026 1:30:40 AM,"37,071.0",18,,102525180,"PALANQUILLA 130X130MM AZA 1011 3,4M (N)",90,"40,392.0","3,052.4",268.6,91.78,94.7,"68,857,602.0",47627,167890,"72,727,844.0","3,219,845.9","1,024,672.1",94.68
,,43048986,ANGULO SEMI 65X65X6MM A270ES,7/10/2026 2:46:50 AM,7/10/2026 8:27:46 AM,"110,912.0",55,,102525180,"PALANQUILLA 130X130MM AZA 1011 3,4M (N)",259,"116,239.2","4,322.1","1,005.1",95.42,95.1,"68,857,602.0",47627,167890,"72,727,844.0","3,219,845.9","1,024,672.1",94.68
,,43048987,ANGULO SEMI 65X65X5MM A270ES,7/10/2026 10:17:51 AM,7/10/2026 1:04:49 PM,"50,387.0",27,,102525180,"PALANQUILLA 130X130MM AZA 1011 3,4M (N)",121,"54,304.8","3,253.8",664.0,92.79,95.1,"68,857,602.0",47627,167890,"72,727,844.0","3,219,845.9","1,024,672.1",94.68
,,43048994,B HORMIGON 36MM 12M A630-420H (N),7/10/2026 5:43:18 PM,7/11/2026 3:15:01 AM,"116,162.0",77,,102513132,"PALANQUILLA 130X130MM AZA 1541 3,1M (N)",307,"125,624.4","5,488.2","3,974.2",92.47,96,"68,857,602.0",47627,167890,"72,727,844.0","3,219,845.9","1,024,672.1",94.68
,,43048995,B HORMIGON 36MM 11M A630-420H (N),7/11/2026 3:46:21 AM,7/11/2026 4:43:38 AM,"31,141.0",22,,102513145,"PALANQUILLA 130X130MM AZA 1541 2,9M (N)",88,"33,686.4","1,476.3","1,069.1",92.44,96,"68,857,602.0",47627,167890,"72,727,844.0","3,219,845.9","1,024,672.1",94.68
,,43048996,B HORMIGON 36MM 7M A630-420H (N),7/11/2026 5:13:37 AM,7/11/2026 6:43:50 AM,"18,551.0",13,,102513132,"PALANQUILLA 130X130MM AZA 1541 3,1M (N)",56,"22,915.2","2,531.2","1,833.0",80.95,96,"68,857,602.0",47627,167890,"72,727,844.0","3,219,845.9","1,024,672.1",94.68
,,43048997,B HORMIGON 36MM 6M A630-420H (N),7/11/2026 7:42:52 AM,7/11/2026 8:36:45 AM,"30,808.0",28,,102524188,"PALANQUILLA 130X130MM AZA 1541 3,4M (N)",73,"32,762.4","1,133.6",820.9,94.03,97,"68,857,602.0",47627,167890,"72,727,844.0","3,219,845.9","1,024,672.1",94.68
,,43049152,B HORMIGON 25MM 12M A630-420H (N),7/11/2026 10:52:51 AM,7/12/2026 1:46:28 AM,"357,856.0",242,,102513121,"PALANQUILLA 130X130MM AZA 1541 3,2M (N)",883,"372,979.2","13,538.9","1,584.3",95.95,95,"68,857,602.0",47627,167890,"72,727,844.0","3,219,845.9","1,024,672.1",94.68
,,43049154,B HORMIGON R 25MM 12M A630-420HS(N),7/12/2026 2:25:44 AM,7/12/2026 3:04:55 AM,"23,537.0",15,,119506262,"PALANQUILLA 130X130MM AZA 1629 3,4M (N",56,"25,132.8",925.6,670.2,93.65,97,"68,857,602.0",47627,167890,"72,727,844.0","3,219,845.9","1,024,672.1",94.68
,,43049141,B HORMIGON 25MM 11M A630-420H (N),7/12/2026 3:45:39 AM,7/14/2026 6:21:36 AM,"134,404.0",91,,102526100,"PALANQUILLA 130X130MM AZA 1541 3,3M (N)",309,"134,600.4","4,079.8","2,954.4",99.85,95,"68,857,602.0",47627,167890,"72,727,844.0","3,219,845.9","1,024,672.1",94.68
,,43049153,B HORMIGON 25MM 10M A630-420H (N),7/13/2026 10:17:11 AM,7/13/2026 6:22:17 AM,"67,051.0",43,,102513121,"PALANQUILLA 130X130MM AZA 1541 3,2M (N)",176,"74,342.4","4,229.0","3,062.4",90.19,95,"68,857,602.0",47627,167890,"72,727,844.0","3,219,845.9","1,024,672.1",94.68
,,43049142,B HORMIGON 25MM 9M A630-420H (N),7/13/2026 12:58:13 PM,7/13/2026 9:56:41 AM,"73,319.0",49,,102513137,PALANQUILLA 130X130MM AZA 1541 3M (N),197,"78,012.0","4,201.4",491.7,93.98,95,"68,857,602.0",47627,167890,"72,727,844.0","3,219,845.9","1,024,672.1",94.68
,,43049143,B HORMIGON 25MM 8M A630-420H (N),7/13/2026 1:30:59 PM,7/13/2026 1:22:52 PM,"83,549.0",57,,102524188,"PALANQUILLA 130X130MM AZA 1541 3,4M (N)",187,"83,925.6","1,560.6",182.6,99.55,95,"68,857,602.0",47627,167890,"72,727,844.0","3,219,845.9","1,024,672.1",94.68
,,43049144,B HORMIGON 25MM 7M A630-420H (N),7/13/2026 1:57:26 PM,7/13/2026 4:37:06 PM,"71,460.0",51,,102524188,"PALANQUILLA 130X130MM AZA 1541 3,4M (N)",167,"74,949.6","3,124.0",365.6,95.34,95,"68,857,602.0",47627,167890,"72,727,844.0","3,219,845.9","1,024,672.1",94.68
,,43049168,B HORMIGON 25MM 7M A630-420H (N),7/13/2026 4:58:03 PM,7/13/2026 5:29:08 PM,"17,689.0",11,,102513121,"PALANQUILLA 130X130MM AZA 1541 3,2M (N)",44,"18,585.6",802.7,93.9,95.18,95,"68,857,602.0",47627,167890,"72,727,844.0","3,219,845.9","1,024,672.1",94.68
,,43049103,PLANA 25X3MM 6M A270ES (N),7/13/2026 11:49:56 PM,7/14/2026 9:15:28 AM,"94,661.0",96,,102513114,"PALANQUILLA 130X130MM AZA 1011 2,9M (N)",264,"101,059.2","5,349.3","1,048.9",93.67,96.8,"68,857,602.0",47627,167890,"72,727,844.0","3,219,845.9","1,024,672.1",94.68
,,43049104,PLANA 20X6MM 6M A270ES (N),7/14/2026 10:50:57 AM,7/14/2026 12:42:06 PM,"33,228.0",31,,102513114,"PALANQUILLA 130X130MM AZA 1011 2,9M (N)",91,"34,834.8","1,324.9",281.9,95.39,96.6,"68,857,602.0",47627,167890,"72,727,844.0","3,219,845.9","1,024,672.1",94.68
,,43049105,PLANA 20X5MM 6M A270ES (N),7/14/2026 1:49:36 PM,7/14/2026 3:32:53 PM,"30,864.0",30,,102513114,"PALANQUILLA 130X130MM AZA 1011 2,9M (N)",84,"32,155.2","1,079.5",211.7,95.98,96.7,"68,857,602.0",47627,167890,"72,727,844.0","3,219,845.9","1,024,672.1",94.68
,,43049171,CUADRADO 10MM 6M COMERCIAL (N),7/14/2026 4:35:33 PM,7/14/2026 5:48:39 PM,"23,364.0",24,,102513113,"PALANQUILLA 130X130MM P PRUEBAS 2,9M (N)",63,"24,116.4",657.2,95.2,96.88,96.7,"68,857,602.0",47627,167890,"72,727,844.0","3,219,845.9","1,024,672.1",94.68
,,43049106,PLANA 32X10MM 6M A270ES (N),7/14/2026 11:13:06 PM,7/15/2026 12:25:51 AM,"31,829.0",30,,102525180,"PALANQUILLA 130X130MM AZA 1011 3,4M (N)",75,"33,660.0","1,530.8",300.2,94.56,96.3,"68,857,602.0",47627,167890,"72,727,844.0","3,219,845.9","1,024,672.1",94.68
,,43049107,PLANA 38X6MM 6M A270ES (N),7/15/2026 1:58:45 AM,7/15/2026 3:25:48 AM,"38,517.0",39,,102525180,"PALANQUILLA 130X130MM AZA 1011 3,4M (N)",90,"40,392.0","1,634.0",320.4,95.36,96.4,"68,857,602.0",47627,167890,"72,727,844.0","3,219,845.9","1,024,672.1",94.68
,,43049108,PLANA 38X5MM 6M A270ES (N),7/15/2026 4:32:42 AM,7/15/2026 5:50:04 PM,"278,754.0",268,,102525180,"PALANQUILLA 130X130MM AZA 1011 3,4M (N)",650,"291,720.0","10,840.4","2,125.6",95.56,96.5,"68,857,602.0",47627,167890,"72,727,844.0","3,219,845.9","1,024,672.1",94.68
,,43049145,SAFEROCK SEMI 22MM 12M A520,7/15/2026 11:08:20 PM,7/16/2026 12:32:02 AM,"30,470.0",14,,102513130,"PALANQUILLA 130X130MM AZA 1644 3,2M (N) ",77,"32,524.8",,,93.68,97,"68,857,602.0",47627,167890,"72,727,844.0","3,219,845.9","1,024,672.1",94.68
,,43049146,SAFEROCK 22MM 12M A420,7/16/2026 12:54:10 AM,7/16/2026 6:53:43 AM,"120,859.0",60,,102513099,"PALANQUILLA 130X130MM AZA 1542 3,2M (N)",305,"128,832.0","6,028.4","1,944.6",93.81,95.9,"68,857,602.0",47627,167890,"72,727,844.0","3,219,845.9","1,024,672.1",94.68
,,43049156,SAFEROCK 22MM 10M A420,7/16/2026 7:16:17 AM,7/16/2026 8:15:46 AM,"32,065.0",17,,102524193,"PALANQUILLA 130X130MM AZA 1542 3,4M (N)",76,"34,108.8","1,185.4",858.4,94.01,95.3,"68,857,602.0",47627,167890,"72,727,844.0","3,219,845.9","1,024,672.1",94.68
,,43049147,SAFEROCK 22MM 12M A280,7/16/2026 8:41:24 AM,7/16/2026 1:00:58 PM,"100,780.0",51,,119502731,"PALANQUILLA 130X130MM AZA 1021 3,2M (N)",254,"107,289.6","3,775.6","2,734.0",93.93,95.9,"68,857,602.0",47627,167890,"72,727,844.0","3,219,845.9","1,024,672.1",94.68
,,43049148,SAFEROCK SEMI 22MM 12M A280,7/16/2026 2:03:05 PM,7/16/2026 6:55:04 PM,"108,486.0",54,,119502731,"PALANQUILLA 130X130MM AZA 1021 3,2M (N)",270,"114,048.0","4,719.3",842.7,95.12,95.9,"68,857,602.0",47627,167890,"72,727,844.0","3,219,845.9","1,024,672.1",94.68
,,43049149,"SAFEROCK SEMI 22MM 10,5M A280",7/16/2026 7:17:52 PM,7/16/2026 10:09:48 PM,"41,564.0",20,,119502731,"PALANQUILLA 130X130MM AZA 1021 3,2M (N)",103,"43,507.2","1,669.5",273.7,95.53,95.8,"68,857,602.0",47627,167890,"72,727,844.0","3,219,845.9","1,024,672.1",94.68
,,43049150,SAFEROCK SEMI 22MM 10M A280,7/16/2026 10:36:16 PM,7/17/2026 4:35:17 AM,"113,662.0",57,,102524194,"PALANQUILLA 130X130MM AZA 1021 3,4M (N)",269,"120,727.2","6,182.0",883.1,94.15,95.3,"68,857,602.0",47627,167890,"72,727,844.0","3,219,845.9","1,024,672.1",94.68
,,43049151,"SAFEROCK SEMI 22MM 9,6M A280",7/17/2026 4:56:32 AM,7/17/2026 12:36:07 PM,"119,980.0",60,,102524194,"PALANQUILLA 130X130MM AZA 1021 3,4M (N)",281,"126,112.8","3,557.0","2,575.8",95.14,95.7,"68,857,602.0",47627,167890,"72,727,844.0","3,219,845.9","1,024,672.1",94.68
,,43049186,B HORMIGON 22MM 10M A630-420H (N),7/17/2026 1:38:01 PM,7/17/2026 4:30:14 PM,"77,598.0",50,,102526100,"PALANQUILLA 130X130MM AZA 1541 3,3M (N)",187,"81,457.2","3,358.0",501.2,95.26,97.4,"68,857,602.0",47627,167890,"72,727,844.0","3,219,845.9","1,024,672.1",94.68
,,43049187,B HORMIGON 22MM 7M A630-420H (N),7/17/2026 4:52:03 PM,7/17/2026 5:43:54 PM,"28,791.0",19,,102526100,"PALANQUILLA 130X130MM AZA 1541 3,3M (N)",69,"30,056.4","1,132.8",132.6,95.79,97.4,"68,857,602.0",47627,167890,"72,727,844.0","3,219,845.9","1,024,672.1",94.68
,,43049215,B HORMIGON 28MM 12M A630-420H (N),7/17/2026 11:02:18 PM,7/18/2026 12:02:21 AM,"28,144.0",18,,102526100,"PALANQUILLA 130X130MM AZA 1541 3,3M (N)",70,"30,492.0","2,002.3","1,449.9",92.30,96,"68,857,602.0",47627,167890,"72,727,844.0","3,219,845.9","1,024,672.1",94.68
,,43049160,B HORMIGON 28MM 12M A630-420H (N),7/18/2026 12:21:42 AM,7/18/2026 10:42:12 PM,"480,700.0",300,,102513121,"PALANQUILLA 130X130MM AZA 1541 3,2M (N)",1198,"506,035.2","14,694.4","10,640.8",94.99,96,"68,857,602.0",47627,167890,"72,727,844.0","3,219,845.9","1,024,672.1",94.68
,,43049161,B HORMIGON 28MM 11M A630-420H (N),7/18/2026 11:09:00 PM,7/20/2026 9:56:51 AM,"102,643.0",68,,102513137,PALANQUILLA 130X130MM AZA 1541 3M (N),275,"108,900.0","3,629.1","2,627.9",94.25,94,"68,857,602.0",47627,167890,"72,727,844.0","3,219,845.9","1,024,672.1",94.68
,,43049162,B HORMIGON 28MM 10M A630-420H (N),7/19/2026 12:56:31 AM,7/19/2026 2:00:58 AM,"35,297.0",22,,102524188,"PALANQUILLA 130X130MM AZA 1541 3,4M (N)",84,"37,699.2","1,393.3","1,008.9",93.63,96,"68,857,602.0",47627,167890,"72,727,844.0","3,219,845.9","1,024,672.1",94.68
,,43049163,B HORMIGON 28MM 9M A630-420H (N),7/19/2026 2:25:02 AM,7/20/2026 2:20:22 AM,"127,646.0",85,,102524188,"PALANQUILLA 130X130MM AZA 1541 3,4M (N)",305,"136,884.0","5,358.0","3,880.0",93.25,94,"68,857,602.0",47627,167890,"72,727,844.0","3,219,845.9","1,024,672.1",94.68
,,43049164,B HORMIGON 28MM 8M A630-420H (N),7/20/2026 3:11:19 AM,7/20/2026 6:47:28 AM,"73,689.0",49,,102524188,"PALANQUILLA 130X130MM AZA 1541 3,4M (N)",172,"77,193.6","2,032.7","1,471.9",95.46,96,"68,857,602.0",47627,167890,"72,727,844.0","3,219,845.9","1,024,672.1",94.68
,,43049096,B HORMIGON 28MM 11M A630-420HS (N),7/20/2026 10:42:51 AM,7/20/2026 11:22:28 AM,"23,249.0",16,,119506258,"PALANQUILLA 130X130MM AZA 1629 3,0M (N)",63,"24,948.0",985.4,713.6,93.19,97,"68,857,602.0",47627,167890,"72,727,844.0","3,219,845.9","1,024,672.1",94.68
,,43049165,B HORMIGON 28MM 7M A630-420H (N),7/20/2026 11:59:46 AM,7/20/2026 5:40:07 PM,"115,829.0",83,,102513121,"PALANQUILLA 130X130MM AZA 1541 3,2M (N)",291,"122,918.4","4,111.9","2,977.5",94.23,96,"68,857,602.0",47627,167890,"72,727,844.0","3,219,845.9","1,024,672.1",94.68
,,43049157,SAFEROCK 25MM 12M A420,7/20/2026 11:41:15 PM,7/21/2026 2:22:58 AM,"71,971.0",39,,102524193,"PALANQUILLA 130X130MM AZA 1542 3,4M (N)",170,"76,296.0","3,884.5",440.5,94.33,95.3,"68,857,602.0",47627,167890,"72,727,844.0","3,219,845.9","1,024,672.1",94.68
,,43049158,SAFEROCK SEMI 25MM 12M A420,7/21/2026 2:45:56 AM,7/21/2026 4:27:19 AM,"46,875.0",25,,102524193,"PALANQUILLA 130X130MM AZA 1542 3,4M (N)",109,"48,919.2","1,665.7",378.6,95.82,95.3,"68,857,602.0",47627,167890,"72,727,844.0","3,219,845.9","1,024,672.1",94.68
,,43049159,SAFEROCK 25MM 10M A420,7/21/2026 4:57:33 AM,7/21/2026 6:10:22 AM,"35,696.0",18,,102524193,"PALANQUILLA 130X130MM AZA 1542 3,4M (N)",85,"38,148.0","1,422.2","1,029.8",93.57,95.4,"68,857,602.0",47627,167890,"72,727,844.0","3,219,845.9","1,024,672.1",94.68
,,43049203,B HORMIGON 25MM 12M A630-420H (N),7/21/2026 6:57:33 AM,7/23/2026 7:29:24 AM,"941,013.0",606,,102526100,"PALANQUILLA 130X130MM AZA 1541 3,3M (N)",2244,"977,486.4","39,904.9","4,669.7",96.27,95,"68,857,602.0",47627,167890,"72,727,844.0","3,219,845.9","1,024,672.1",94.68
,,43049204,B HORMIGON 25MM 11M A630-420H (N),7/23/2026 7:56:18 AM,7/23/2026 11:07:18 PM,"244,485.0",154,,102526100,"PALANQUILLA 130X130MM AZA 1541 3,3M (N)",594,"258,746.4","8,271.6","5,989.8",94.49,95,"68,857,602.0",47627,167890,"72,727,844.0","3,219,845.9","1,024,672.1",94.68
,,43049205,B HORMIGON 25MM 10M A630-420H (N),7/23/2026 11:32:50 PM,7/25/2026 4:14:49 AM,"567,629.0",384,,102526100,"PALANQUILLA 130X130MM AZA 1541 3,3M (N)",1365,"594,594.0","15,639.7","11,325.3",95.46,95,"68,857,602.0",47627,167890,"72,727,844.0","3,219,845.9","1,024,672.1",94.68
,,43049206,B HORMIGON 25MM 9M A630-420H (N),7/25/2026 4:39:53 AM,7/26/2026 5:45:07 AM,"520,446.0",345,,102513137,PALANQUILLA 130X130MM AZA 1541 3M (N),1375,"544,500.0","21,534.1","2,519.9",95.58,95,"68,857,602.0",47627,167890,"72,727,844.0","3,219,845.9","1,024,672.1",94.68
,,43049207,B HORMIGON 25MM 8M A630-420H (N),7/26/2026 6:07:27 AM,7/27/2026 6:30:02 AM,"157,109.0",105,,102524188,"PALANQUILLA 130X130MM AZA 1541 3,4M (N)",360,"161,568.0","4,131.0",483.4,97.24,95,"68,857,602.0",47627,167890,"72,727,844.0","3,219,845.9","1,024,672.1",94.68
,,43049208,B HORMIGON 25MM 7M A630-420H (N),7/27/2026 6:48:25 AM,7/27/2026 9:47:38 AM,"81,705.0",54,,102524188,"PALANQUILLA 130X130MM AZA 1541 3,4M (N)",191,"85,720.8","3,595.1",420.7,95.32,95,"68,857,602.0",47627,167890,"72,727,844.0","3,219,845.9","1,024,672.1",94.68
,,43049209,B HORMIGON 25MM 6M A630-420H (N),7/27/2026 10:12:32 AM,7/27/2026 12:54:47 PM,"57,886.0",57,,102526100,"PALANQUILLA 130X130MM AZA 1541 3,3M (N)",143,"62,290.8","2,554.8","1,850.0",92.93,95,"68,857,602.0",47627,167890,"72,727,844.0","3,219,845.9","1,024,672.1",94.68
,,43049283,B HORMIGON 25MM 9M A630-420H (N),7/27/2026 1:17:51 PM,7/27/2026 5:14:04 PM,"77,666.0",49,,102513137,PALANQUILLA 130X130MM AZA 1541 3M (N),207,"81,972.0","3,854.9",451.1,94.75,95,"68,857,602.0",47627,167890,"72,727,844.0","3,219,845.9","1,024,672.1",94.68
,,43049284,B HORMIGON 25MM 11M A630-420H (N),7/27/2026 5:37:38 PM,7/27/2026 5:48:48 PM,"10,124.0",7,,102513137,PALANQUILLA 130X130MM AZA 1541 3M (N),27,"10,692.0",329.4,238.6,94.69,95,"68,857,602.0",47627,167890,"72,727,844.0","3,219,845.9","1,024,672.1",94.68
,,43049210,B HORMIGON 32MM 12M A630-420H (N),7/28/2026 12:20:49 AM,7/30/2026 3:07:04 AM,"774,143.0",522,,102513137,PALANQUILLA 130X130MM AZA 1541 3M (N),2066,"818,136.0","28,763.4","20,828.6",94.62,96,"68,857,602.0",47627,167890,"72,727,844.0","3,219,845.9","1,024,672.1",94.68
,,43049211,B HORMIGON 32MM 11M A630-420H (N),7/30/2026 3:35:05 AM,7/30/2026 1:57:23 PM,"256,467.0",159,,102526100,"PALANQUILLA 130X130MM AZA 1541 3,3M (N)",620,"270,072.0","7,890.9","5,714.1",94.96,96,"68,857,602.0",47627,167890,"72,727,844.0","3,219,845.9","1,024,672.1",94.68
,,43049243,B HORMIGON 32MM 10M A630-420H (N),7/30/2026 2:23:26 PM,7/31/2026 8:51:44 AM,"318,652.0",211,,102513132,"PALANQUILLA 130X130MM AZA 1541 3,1M (N)",838,"342,909.6","14,790.0","10,710.0",92.93,96,"68,857,602.0",47627,167890,"72,727,844.0","3,219,845.9","1,024,672.1",94.68
,,43049244,B HORMIGON 32MM 9M A630-420H (N),7/31/2026 9:23:09 AM,7/31/2026 2:06:04 PM,"113,350.0",71,,102513121,"PALANQUILLA 130X130MM AZA 1541 3,2M (N)",281,"118,694.4","3,156.6","2,285.8",95.50,96,"68,857,602.0",47627,167890,"72,727,844.0","3,219,845.9","1,024,672.1",94.68
,,43049433,B HORMIGON 32MM 8M A630-420H (N),7/31/2026 2:42:45 PM,7/31/2026 5:47:43 PM,"84,354.0",52,,102513121,"PALANQUILLA 130X130MM AZA 1541 3,2M (N)",212,"89,548.8","3,013.0","2,181.8",94.20,96,"68,857,602.0",47627,167890,"72,727,844.0","3,219,845.9","1,024,672.1",94.68
,,43049166,ANGULO SEMI 40X40X5MM A270ES,7/31/2026 11:53:26 PM,7/31/2026 11:46:27 PM,"3,267.0",2,,102525180,"PALANQUILLA 130X130MM AZA 1011 3,4M (N)",10,"4,488.0","1,020.8",200.2,72.79,95.4,"68,857,602.0",47627,167890,"72,727,844.0","3,219,845.9","1,024,672.1",94.68
,,43049329,ANGULO SEMI 40X40X5MM A270ES,8/1/2026 12:27:41 AM,8/1/2026 4:23:26 AM,"88,258.0",48,,102525180,"PALANQUILLA 130X130MM AZA 1011 3,4M (N)",207,"92,901.6","4,012.3",786.7,95.00,95.4,"68,857,602.0",47627,167890,"72,727,844.0","3,219,845.9","1,024,672.1",94.68
,,43049491,ANGULO SEMI 40X40X3MM A270ES,8/1/2026 5:59:23 AM,8/3/2026 5:53:29 PM,"567,452.0",306,,102525180,"PALANQUILLA 130X130MM AZA 1011 3,4M (N)",1321,"592,864.8","19,214.5","6,198.3",95.71,95.7,"68,857,602.0",47627,167890,"72,727,844.0","3,219,845.9","1,024,672.1",94.68
,,43049331,B HORMIGON 22MM 12M A630-420HS (N),8/3/2026 11:30:42 PM,8/4/2026 2:51:09 AM,"95,008.0",60,,119506259,"PALANQUILLA 130X130MM AZA 1629 3,1M (N)",243,"99,435.6","2,568.0","1,859.6",95.55,97,"68,857,602.0",47627,167890,"72,727,844.0","3,219,845.9","1,024,672.1",94.68
,,43049332,B HORMIGON 22MM 11M A630-420HS (N),8/4/2026 3:20:28 AM,8/4/2026 4:04:23 AM,"25,128.0",16,,119506259,"PALANQUILLA 130X130MM AZA 1629 3,1M (N)",64,"26,188.8",615.3,445.5,95.95,97,"68,857,602.0",47627,167890,"72,727,844.0","3,219,845.9","1,024,672.1",94.68
,,43049333,B HORMIGON 22MM 10M A630-420HS (N),8/4/2026 4:25:02 AM,8/4/2026 5:41:41 AM,"38,050.0",25,,119506261,"PALANQUILLA 130X130MM AZA 1629 3,3M (N)",92,"40,075.2","1,174.6",850.6,94.95,97,"68,857,602.0",47627,167890,"72,727,844.0","3,219,845.9","1,024,672.1",94.68
,,43049336,PLANA RESALTE 50X4 MM 11M A345 ES (N),8/4/2026 11:16:48 AM,8/4/2026 3:32:03 PM,"55,543.0",29,,102524194,"PALANQUILLA 130X130MM AZA 1021 3,4M (N)",132,"59,241.6","2,973.4",725.2,93.76,97,"68,857,602.0",47627,167890,"72,727,844.0","3,219,845.9","1,024,672.1",94.68
,,43049337,PLANA 50X3 MM 6M A270ES (N),8/4/2026 5:10:36 PM,8/4/2026 5:37:01 PM,"6,256.0",6,,102525180,"PALANQUILLA 130X130MM AZA 1011 3,4M (N)",15,"6,732.0",398.0,78.0,92.93,96.3,"68,857,602.0",47627,167890,"72,727,844.0","3,219,845.9","1,024,672.1",94.68
,,43049387,PLANA 50X12MM 6M A270ES,8/4/2026 10:57:04 PM,8/5/2026 12:06:48 AM,"35,439.0",33,,102525180,"PALANQUILLA 130X130MM AZA 1011 3,4M (N)",83,"37,250.4","1,576.2",235.3,95.14,95.1,"68,857,602.0",47627,167890,"72,727,844.0","3,219,845.9","1,024,672.1",94.68
,,43049388,PLANA 50X10MM 6M A270ES (N),8/5/2026 12:58:36 AM,8/5/2026 6:57:28 AM,"140,085.0",136,,102525180,"PALANQUILLA 130X130MM AZA 1011 3,4M (N)",324,"145,411.2","4,542.9",783.3,96.34,95.4,"68,857,602.0",47627,167890,"72,727,844.0","3,219,845.9","1,024,672.1",94.68
,,43049534,PLANA 63X12MM 6M A270ES,8/5/2026 9:14:26 AM,8/5/2026 10:20:01 AM,"34,358.0",35,,102525180,"PALANQUILLA 130X130MM AZA 1011 3,4M (N)",82,"36,801.6","2,186.4",257.2,93.36,94.8,"68,857,602.0",47627,167890,"72,727,844.0","3,219,845.9","1,024,672.1",94.68
,,43049389,PLANA 63X10MM 6M A270 (N),8/5/2026 11:06:20 AM,8/5/2026 12:02:16 PM,"31,958.0",33,,102525180,"PALANQUILLA 130X130MM AZA 1011 3,4M (N)",75,"33,660.0","1,423.0",279.0,94.94,95.2,"68,857,602.0",47627,167890,"72,727,844.0","3,219,845.9","1,024,672.1",94.68
,,43049390,PLANA 63X6MM 6M A270ES (N),8/5/2026 2:35:09 PM,8/5/2026 5:43:41 PM,"16,442.0",17,,102525180,"PALANQUILLA 130X130MM AZA 1011 3,4M (N)",49,"21,991.2","4,639.5",909.7,74.77,95.7,"68,857,602.0",47627,167890,"72,727,844.0","3,219,845.9","1,024,672.1",94.68
,,43049335,B HORMIGON 22MM 6M A630-420H (N),8/5/2026 9:15:19 PM,8/5/2026 9:43:09 PM,"59,206.0",65,,102513132,"PALANQUILLA 130X130MM AZA 1541 3,1M (N)",117,"47,876.4",0.0,0.0,123.66,97.4,"68,857,602.0",47627,167890,"72,727,844.0","3,219,845.9","1,024,672.1",94.68
,,43049391,PLANA 50X6MM 6M A270ES (N),8/5/2026 10:56:38 PM,8/6/2026 1:52:38 AM,"38,756.0",37,,102525180,"PALANQUILLA 130X130MM AZA 1011 3,4M (N)",94,"42,187.2","3,293.7",463.9,91.87,96,"68,857,602.0",47627,167890,"72,727,844.0","3,219,845.9","1,024,672.1",94.68
,,43049392,PLANA 50X5MM 6M A270ES (N),8/6/2026 2:29:13 AM,8/6/2026 7:30:22 AM,"89,300.0",87,,102525180,"PALANQUILLA 130X130MM AZA 1011 3,4M (N)",214,"96,043.2","5,637.8","1,105.4",92.98,96,"68,857,602.0",47627,167890,"72,727,844.0","3,219,845.9","1,024,672.1",94.68
,,43049561,PLANA 50X5MM 6M A270ES (N),8/6/2026 8:06:21 AM,8/6/2026 9:38:28 AM,"34,442.0",33,,102513096,"PALANQUILLA 130X130MM AZA 1011 3,2M (N)",86,"36,326.4","1,553.8",330.6,94.81,96,"68,857,602.0",47627,167890,"72,727,844.0","3,219,845.9","1,024,672.1",94.68
,,43049398,B HORMIGON 32MM 12M A630-420HS (N),8/6/2026 12:31:15 PM,8/7/2026 3:39:59 AM,"224,803.0",151,,119506258,"PALANQUILLA 130X130MM AZA 1629 3,0M (N)",588,"232,848.0","6,774.4","4,905.6",96.54,96,"68,857,602.0",47627,167890,"72,727,844.0","3,219,845.9","1,024,672.1",94.68
,,43049399,B HORMIGON 32MM 11M A630-420HS (N),8/7/2026 4:09:27 AM,8/7/2026 6:43:25 AM,"70,225.0",48,,119506261,"PALANQUILLA 130X130MM AZA 1629 3,3M (N)",172,"74,923.2","2,725.0","1,973.2",93.73,96,"68,857,602.0",47627,167890,"72,727,844.0","3,219,845.9","1,024,672.1",94.68
,,43049393,B HORMIGON 32MM 12M A630-420H (N),8/7/2026 8:52:58 AM,8/7/2026 1:45:56 PM,"120,174.0",80,,102513137,PALANQUILLA 130X130MM AZA 1541 3M (N),319,"126,324.0","3,567.0","2,583.0",95.13,96,"68,857,602.0",47627,167890,"72,727,844.0","3,219,845.9","1,024,672.1",94.68
,,43049394,B HORMIGON 32MM 9M A630-420H (N),8/7/2026 2:10:24 PM,8/7/2026 3:22:50 PM,"36,104.0",23,,102513121,"PALANQUILLA 130X130MM AZA 1541 3,2M (N)",91,"38,438.4","1,354.0",980.5,93.93,96,"68,857,602.0",47627,167890,"72,727,844.0","3,219,845.9","1,024,672.1",94.68
,,43049395,B HORMIGON 32MM 8M A630-420H (N),8/7/2026 3:58:27 PM,8/7/2026 5:04:38 PM,"29,431.0",20,,102513121,"PALANQUILLA 130X130MM AZA 1541 3,2M (N)",75,"31,680.0","1,304.4",944.6,92.90,96,"68,857,602.0",47627,167890,"72,727,844.0","3,219,845.9","1,024,672.1",94.68
,,43049396,B HORMIGON 32MM 7M A630-420H (N),8/7/2026 5:31:32 PM,8/7/2026 5:51:24 PM,"17,072.0",11,,102513121,"PALANQUILLA 130X130MM AZA 1541 3,2M (N)",40,"16,896.0",102.1,73.9,101.04,96,"68,857,602.0",47627,167890,"72,727,844.0","3,219,845.9","1,024,672.1",94.68
,,43049604,B HORMIGON 32MM 9M A630-420HS (N),8/7/2026 9:00:32 PM,8/7/2026 8:34:59 PM,"21,721.0",14,,119506260,"PALANQUILLA 130X130MM AZA 1629 3,2M (N)",1,422.4,0.0,0.0,"5,142.28",97,"68,857,602.0",47627,167890,"72,727,844.0","3,219,845.9","1,024,672.1",94.68
,,43049400,B HORMIGON 28MM 12M A630-420H (N),8/7/2026 11:39:04 PM,8/8/2026 9:48:32 AM,"239,372.0",149,,102513121,"PALANQUILLA 130X130MM AZA 1541 3,2M (N)",584,"246,681.6","5,880.0","4,258.0",97.04,96,"68,857,602.0",47627,167890,"72,727,844.0","3,219,845.9","1,024,672.1",94.68
,,43049401,B HORMIGON 28MM 11M A630-420H (N),8/8/2026 10:13:54 AM,8/8/2026 3:53:42 PM,"135,984.0",91,,102513137,PALANQUILLA 130X130MM AZA 1541 3M (N),363,"143,748.0","4,503.1","3,260.9",94.60,94,"68,857,602.0",47627,167890,"72,727,844.0","3,219,845.9","1,024,672.1",94.68
,,43049402,B HORMIGON 28MM 10M A630-420H (N),8/8/2026 4:40:21 PM,8/10/2026 2:33:19 AM,"105,341.0",69,,102524188,"PALANQUILLA 130X130MM AZA 1541 3,4M (N)",246,"110,404.8","2,937.0","2,126.8",95.41,96,"68,857,602.0",47627,167890,"72,727,844.0","3,219,845.9","1,024,672.1",94.68
,,43049403,B HORMIGON 28MM 9M A630-420H (N),8/10/2026 2:56:56 AM,8/10/2026 6:06:21 AM,"86,610.0",56,,102524188,"PALANQUILLA 130X130MM AZA 1541 3,4M (N)",202,"90,657.6","2,347.6","1,700.0",95.54,94,"68,857,602.0",47627,167890,"72,727,844.0","3,219,845.9","1,024,672.1",94.68
,,43049404,B HORMIGON 28MM 8M A630-420H (N),8/10/2026 6:33:29 AM,8/10/2026 11:35:27 AM,"124,254.0",83,,102524188,"PALANQUILLA 130X130MM AZA 1541 3,4M (N)",290,"130,152.0","3,420.8","2,477.2",95.47,96,"68,857,602.0",47627,167890,"72,727,844.0","3,219,845.9","1,024,672.1",94.68
,,43049405,B HORMIGON 28MM 7M A630-420H (N),8/10/2026 12:03:20 PM,8/10/2026 4:15:35 PM,"110,450.0",73,,102513121,"PALANQUILLA 130X130MM AZA 1541 3,2M (N)",275,"116,160.0","3,311.8","2,398.2",95.08,96,"68,857,602.0",47627,167890,"72,727,844.0","3,219,845.9","1,024,672.1",94.68
,,43049589,B HORMIGON 25MM 12M A630-420H (N),8/10/2026 11:36:27 PM,8/11/2026 2:28:09 PM,"359,242.0",236,,102526100,"PALANQUILLA 130X130MM AZA 1541 3,3M (N)",861,"375,051.6","14,153.4","1,656.3",95.78,95,"68,857,602.0",47627,167890,"72,727,844.0","3,219,845.9","1,024,672.1",94.68
,,43049607,B HORMIGON 25MM 11M A630-420H (N),8/11/2026 2:56:55 PM,8/11/2026 5:49:45 PM,"81,186.0",51,,102526100,"PALANQUILLA 130X130MM AZA 1541 3,3M (N)",198,"86,248.8","2,936.4","2,126.4",94.13,95,"68,857,602.0",47627,167890,"72,727,844.0","3,219,845.9","1,024,672.1",94.68
,,43049407,ANGULO SEMI 65X65X8MM A270ES,8/11/2026 11:25:17 PM,8/12/2026 1:05:23 AM,"40,542.0",24,,102525180,"PALANQUILLA 130X130MM AZA 1011 3,4M (N)",96,"43,084.8","2,203.8",339.0,94.10,95.4,"68,857,602.0",47627,167890,"72,727,844.0","3,219,845.9","1,024,672.1",94.68
,,43049408,ANGULO SEMI 65X65X6MM A270ES,8/12/2026 2:06:20 AM,8/12/2026 4:08:55 AM,"45,766.0",25,,102525180,"PALANQUILLA 130X130MM AZA 1011 3,4M (N)",107,"48,021.6","1,830.0",425.6,95.30,95.1,"68,857,602.0",47627,167890,"72,727,844.0","3,219,845.9","1,024,672.1",94.68
,,43049409,ANGULO SEMI 65X65X5MM A270ES,8/12/2026 5:48:42 AM,8/12/2026 5:26:10 PM,"193,749.0",106,,102525180,"PALANQUILLA 130X130MM AZA 1011 3,4M (N)",459,"205,999.2","10,173.9","2,076.3",94.05,95.1,"68,857,602.0",47627,167890,"72,727,844.0","3,219,845.9","1,024,672.1",94.68
,,43049590,B HORMIGON 18MM 10M A630-420HS (N),8/12/2026 10:50:55 PM,8/12/2026 11:48:36 PM,"29,325.0",19,,119506262,"PALANQUILLA 130X130MM AZA 1629 3,4M (N",70,"31,416.0","1,230.0",861.0,93.34,95,"68,857,602.0",47627,167890,"72,727,844.0","3,219,845.9","1,024,672.1",94.68
,,43049638,B HORMIGON 18MM 7M A630-420HS (N),8/13/2026 12:04:50 AM,8/13/2026 12:46:00 AM,"22,231.0",16,,119506262,"PALANQUILLA 130X130MM AZA 1629 3,4M (N",52,"23,337.6",909.0,197.6,95.26,97,"68,857,602.0",47627,167890,"72,727,844.0","3,219,845.9","1,024,672.1",94.68
,,43049639,B HORMIGON 18MM 12M A630-420H (N),8/13/2026 1:21:21 AM,8/13/2026 3:02:41 AM,"47,688.0",31,,102524188,"PALANQUILLA 130X130MM AZA 1541 3,4M (N)",112,"50,265.6","2,117.3",460.3,94.87,96,"68,857,602.0",47627,167890,"72,727,844.0","3,219,845.9","1,024,672.1",94.68
,,43049591,B HORMIGON 18MM 11M A630-420H (N),8/13/2026 3:20:39 AM,8/13/2026 5:07:52 AM,"51,850.0",34,,102524188,"PALANQUILLA 130X130MM AZA 1541 3,4M (N)",121,"54,304.8","1,991.6",463.2,95.48,96,"68,857,602.0",47627,167890,"72,727,844.0","3,219,845.9","1,024,672.1",94.68
,,43049592,B HORMIGON 18MM 10M A630-420H (N),8/13/2026 5:24:35 AM,8/13/2026 11:27:18 AM,"98,575.0",64,,102524188,"PALANQUILLA 130X130MM AZA 1541 3,4M (N)",229,"102,775.2","2,845.3","1,354.9",95.91,96,"68,857,602.0",47627,167890,"72,727,844.0","3,219,845.9","1,024,672.1",94.68
,,43049593,B HORMIGON 18MM 7M A630-420H (N),8/13/2026 11:50:13 AM,8/13/2026 1:25:24 PM,"46,625.0",32,,102524188,"PALANQUILLA 130X130MM AZA 1541 3,4M (N)",101,"45,328.8",731.8,813.2,102.86,95.9,"68,857,602.0",47627,167890,"72,727,844.0","3,219,845.9","1,024,672.1",94.68
,,43049594,SAFEROCK 22MM 12M A420,8/13/2026 4:12:10 PM,8/13/2026 11:27:14 PM,"54,818.0",28,,102513099,"PALANQUILLA 130X130MM AZA 1542 3,2M (N)",139,"58,713.6","2,945.5",950.1,93.37,95.9,"68,857,602.0",47627,167890,"72,727,844.0","3,219,845.9","1,024,672.1",94.68
,,43049685,SAFEROCK 22MM 12M A420,8/13/2026 11:55:03 PM,8/14/2026 12:51:17 AM,"24,686.0",14,,102524193,"PALANQUILLA 130X130MM AZA 1542 3,4M (N)",61,"27,376.8","2,034.5",656.3,90.17,95.9,"68,857,602.0",47627,167890,"72,727,844.0","3,219,845.9","1,024,672.1",94.68
,,43049596,SAFEROCK SEMI 22MM 12M A280,8/14/2026 1:14:57 AM,8/14/2026 6:28:25 AM,"120,129.0",52,,119502731,"PALANQUILLA 130X130MM AZA 1021 3,2M (N)",297,"125,452.8","4,517.2",806.6,95.76,95.9,"68,857,602.0",47627,167890,"72,727,844.0","3,219,845.9","1,024,672.1",94.68
,,43049597,"SAFEROCK SEMI 22MM 10,5M A280",8/14/2026 6:54:13 AM,8/14/2026 8:16:42 AM,"40,542.0",20,,119502731,"PALANQUILLA 130X130MM AZA 1021 3,2M (N)",100,"42,240.0","1,458.9",239.2,95.98,95.8,"68,857,602.0",47627,167890,"72,727,844.0","3,219,845.9","1,024,672.1",94.68
,,43049640,"SAFEROCK 22MM 10,5M A520",8/14/2026 8:45:06 AM,8/14/2026 9:38:10 AM,"28,541.0",15,,102513130,"PALANQUILLA 130X130MM AZA 1644 3,2M (N) ",73,"30,835.2","1,674.2",620.1,92.56,97,"68,857,602.0",47627,167890,"72,727,844.0","3,219,845.9","1,024,672.1",94.68
,,43049598,SAFEROCK SEMI 22MM 10M A280,8/14/2026 10:01:49 AM,8/14/2026 1:54:57 PM,"101,464.0",56,,102524194,"PALANQUILLA 130X130MM AZA 1021 3,4M (N)",239,"107,263.2","5,074.3",724.9,94.59,95.3,"68,857,602.0",47627,167890,"72,727,844.0","3,219,845.9","1,024,672.1",94.68
,,43049698,SAFEROCK 22MM 12M A280,8/14/2026 2:41:44 PM,8/14/2026 5:42:15 PM,"73,372.0",36,,119502731,"PALANQUILLA 130X130MM AZA 1021 3,2M (N)",184,"77,721.6","2,522.8","1,826.8",94.40,95.9,"68,857,602.0",47627,167890,"72,727,844.0","3,219,845.9","1,024,672.1",94.68
,,43049708,"SAFEROCK SEMI 25MM 10,8M A280",8/15/2026 12:03:11 AM,8/15/2026 12:29:52 AM,"18,324.0",9,,102524194,"PALANQUILLA 130X130MM AZA 1021 3,4M (N)",44,"19,747.2",825.5,597.7,92.79,95.3,"68,857,602.0",47627,167890,"72,727,844.0","3,219,845.9","1,024,672.1",94.68
,,43049586,SAFEROCK 25MM 12M A420,8/15/2026 12:56:01 AM,8/15/2026 1:50:19 AM,"31,019.0",15,,102524193,"PALANQUILLA 130X130MM AZA 1542 3,4M (N)",72,"32,313.6","1,162.7",131.9,95.99,95.3,"68,857,602.0",47627,167890,"72,727,844.0","3,219,845.9","1,024,672.1",94.68
,,43049587,SAFEROCK SEMI 25MM 12M A420,8/15/2026 2:11:07 AM,8/15/2026 3:04:42 AM,"31,214.0",14,,102524193,"PALANQUILLA 130X130MM AZA 1542 3,4M (N)",72,"32,313.6",896.0,203.6,96.60,95.3,"68,857,602.0",47627,167890,"72,727,844.0","3,219,845.9","1,024,672.1",94.68
,,43049588,SAFEROCK SEMI 25MM 10M A420,8/15/2026 7:41:38 AM,8/15/2026 7:42:09 AM,"28,183.0",15,,102524193,"PALANQUILLA 130X130MM AZA 1542 3,4M (N)",4,"1,795.2",0.0,0.0,"1,569.91",95.4,"68,857,602.0",47627,167890,"72,727,844.0","3,219,845.9","1,024,672.1",94.68
,,43049585,"SAFEROCK 25MM 8,4M A520",8/15/2026 8:23:30 AM,8/15/2026 8:10:38 AM,"26,831.0",16,,102526117,"PALANQUILLA 130X130MM AZA 1644 3,4M (N)",66,"29,620.8","1,618.1","1,171.7",90.58,97,"68,857,602.0",47627,167890,"72,727,844.0","3,219,845.9","1,024,672.1",94.68
,,43049612,B HORMIGON 25MM 6M A630-420H (N),8/15/2026 12:05:41 PM,8/15/2026 1:19:02 PM,"36,319.0",37,,102526100,"PALANQUILLA 130X130MM AZA 1541 3,3M (N)",88,"38,332.8","1,168.0",845.8,94.75,95,"68,857,602.0",47627,167890,"72,727,844.0","3,219,845.9","1,024,672.1",94.68
,,43049611,B HORMIGON 25MM 7M A630-420H (N),8/15/2026 1:45:20 PM,8/17/2026 2:24:45 AM,"137,605.0",91,,102524188,"PALANQUILLA 130X130MM AZA 1541 3,4M (N)",324,"145,411.2","6,988.4",817.8,94.63,95,"68,857,602.0",47627,167890,"72,727,844.0","3,219,845.9","1,024,672.1",94.68
,,43049608,B HORMIGON 25MM 11M A630-420H (N),8/17/2026 2:44:37 AM,8/17/2026 6:52:18 AM,"101,987.0",68,,102526100,"PALANQUILLA 130X130MM AZA 1541 3,3M (N)",250,"108,900.0","5,334.4","3,862.8",93.65,95,"68,857,602.0",47627,167890,"72,727,844.0","3,219,845.9","1,024,672.1",94.68
,,43049609,B HORMIGON 25MM 10M A630-420H (N),8/17/2026 7:12:41 AM,8/17/2026 9:19:21 AM,"45,399.0",30,,102526100,"PALANQUILLA 130X130MM AZA 1541 3,3M (N)",111,"48,351.6","1,712.5","1,240.1",93.89,95,"68,857,602.0",47627,167890,"72,727,844.0","3,219,845.9","1,024,672.1",94.68
,,43049610,B HORMIGON 25MM 8M A630-420H (N),8/17/2026 9:21:55 AM,8/17/2026 10:59:55 AM,"52,172.0",33,,102524188,"PALANQUILLA 130X130MM AZA 1541 3,4M (N)",118,"52,958.4",704.0,82.4,98.52,95,"68,857,602.0",47627,167890,"72,727,844.0","3,219,845.9","1,024,672.1",94.68
,,43049641,B HORMIGON 25MM 7M A630-420HS (N),8/17/2026 11:32:55 AM,8/17/2026 12:29:23 PM,"29,466.0",20,,119506262,"PALANQUILLA 130X130MM AZA 1629 3,4M (N",69,"30,967.2",870.7,630.5,95.15,97,"68,857,602.0",47627,167890,"72,727,844.0","3,219,845.9","1,024,672.1",94.68
,,43049613,HEXAGONO 1' 8M SAE 1045 (N),8/17/2026 1:55:34 PM,8/17/2026 4:05:04 PM,"62,552.0",31,,102526114,"PALANQUILLA 130X130MM SAE 1045 3,4M (N)",148,"66,422.4","3,301.2",569.2,94.17,94.2,"68,857,602.0",47627,167890,"72,727,844.0","3,219,845.9","1,024,672.1",94.68
,,43049614,HEXAGONO SEMI 1' 8M SAE 1045 (N),8/17/2026 4:28:44 PM,8/17/2026 5:41:53 PM,"41,240.0",21,,102526114,"PALANQUILLA 130X130MM SAE 1045 3,4M (N)",96,"43,084.8","1,581.3",263.5,95.72,94.2,"68,857,602.0",47627,167890,"72,727,844.0","3,219,845.9","1,024,672.1",94.68
,,43049669,PLANA 25X3MM 6M A270ES (N),8/18/2026 12:24:19 AM,8/19/2026 10:36:16 AM,"130,016.0",126,,102513114,"PALANQUILLA 130X130MM AZA 1011 2,9M (N)",356,"136,276.8","5,234.4","1,026.4",95.41,96.8,"68,857,602.0",47627,167890,"72,727,844.0","3,219,845.9","1,024,672.1",94.68
,,43049668,"PLANA 1""X1/8"" X 7,315m ASTM A36 (P)",8/18/2026 11:14:55 AM,8/19/2026 6:42:04 AM,"107,918.0",106,,102513114,"PALANQUILLA 130X130MM AZA 1011 2,9M (N)",300,"114,840.0","4,014.8","2,907.2",93.97,97,"68,857,602.0",47627,167890,"72,727,844.0","3,219,845.9","1,024,672.1",94.68
,,43049670,REDONDO LISO 1/2' 6M SAE 1020 (N),8/19/2026 12:53:32 PM,8/19/2026 2:20:31 PM,"31,901.0",30,,102513162,"PALANQUILLA 130X130MM SAE 1020 2,9M (N)",88,"33,686.4","1,477.6",307.8,94.70,96,"68,857,602.0",47627,167890,"72,727,844.0","3,219,845.9","1,024,672.1",94.68
,,43049671,PLANA 32X3MM 6M A270ES (N),8/19/2026 3:41:49 PM,8/19/2026 5:44:55 PM,"26,065.0",25,,102513114,"PALANQUILLA 130X130MM AZA 1011 2,9M (N)",72,"27,561.6","1,251.3",245.4,94.57,96.6,"68,857,602.0",47627,167890,"72,727,844.0","3,219,845.9","1,024,672.1",94.68
,,43049772,ANGULO SEMI 20X20X3MM A270ES,8/20/2026 12:21:02 AM,8/20/2026 1:23:06 AM,"20,676.0",10,,102513114,"PALANQUILLA 130X130MM AZA 1011 2,9M (N)",55,"21,054.0",310.5,67.5,98.20,96.3,"68,857,602.0",47627,167890,"72,727,844.0","3,219,845.9","1,024,672.1",94.68
,,43049738,ANGULO SEMI 20X20X3MM A270ES,8/20/2026 1:44:22 AM,8/20/2026 6:03:16 PM,"75,009.0",38,,102524390,"PALANQUILLA 130X130MM AZA 1008 3,2M (N) ",143,"60,403.2","2,523.3",548.5,124.18,96.3,"68,857,602.0",47627,167890,"72,727,844.0","3,219,845.9","1,024,672.1",94.68
,,43049674,"PLANA ASERRADA 32X4,85MM 6M A270ES (N)",8/20/2026 10:32:18 AM,8/20/2026 3:02:57 PM,"61,929.0",62,,102513096,"PALANQUILLA 130X130MM AZA 1011 3,2M (N)",156,"65,894.4","3,315.3",650.1,93.98,96.5,"68,857,602.0",47627,167890,"72,727,844.0","3,219,845.9","1,024,672.1",94.68
,,43049675,PLANA 38X3MM 6M A270ES (N),8/20/2026 4:42:23 PM,8/20/2026 5:46:24 PM,"14,086.0",15,,102513096,"PALANQUILLA 130X130MM AZA 1011 3,2M (N)",35,"14,784.0",583.6,114.4,95.28,96.6,"68,857,602.0",47627,167890,"72,727,844.0","3,219,845.9","1,024,672.1",94.68
,,43049710,SAFEROCK 25MM 10M A420,8/20/2026 6:35:58 PM,8/20/2026 6:03:39 PM,"30,009.0",16,,102526087,PALANQUILLA 130X130MM AZA 1542 3.3M (N) ,1,435.6,0.0,0.0,"6,889.12",95.4,"68,857,602.0",47627,167890,"72,727,844.0","3,219,845.9","1,024,672.1",94.68
,,43049776,PLANA 25X10MM 6M A270ES (N),8/20/2026 11:09:17 PM,8/20/2026 11:58:02 PM,"21,192.0",22,,102513096,"PALANQUILLA 130X130MM AZA 1011 3,2M (N)",53,"22,387.2",999.3,195.9,94.66,96.5,"68,857,602.0",47627,167890,"72,727,844.0","3,219,845.9","1,024,672.1",94.68
,,43049677,PLANA 25X10MM 6M A270ES (N),8/21/2026 12:11:44 AM,8/21/2026 12:30:37 AM,"9,464.0",9,,102525180,"PALANQUILLA 130X130MM AZA 1011 3,4M (N)",22,"9,873.6",342.5,67.2,95.85,96.5,"68,857,602.0",47627,167890,"72,727,844.0","3,219,845.9","1,024,672.1",94.68
,,43049676,REDONDO LISO 16MM 6M SAE 1020 (N),8/21/2026 1:17:32 AM,8/21/2026 5:53:28 AM,"105,158.0",102,,102524143,"PALANQUILLA 130X130MM SAE 1020 3,4M (N)",246,"110,404.8","4,439.6",807.2,95.25,95.8,"68,857,602.0",47627,167890,"72,727,844.0","3,219,845.9","1,024,672.1",94.68
,,43049739,ANGULO SEMI 25X25X3MM A270ES,8/21/2026 8:02:21 AM,8/21/2026 5:53:17 PM,"151,691.0",74,,102526111,"PALANQUILLA 130X130MM AZA 1008 3,4M (N)",351,"157,528.8","4,447.8","1,390.0",96.29,96.3,"68,857,602.0",47627,167890,"72,727,844.0","3,219,845.9","1,024,672.1",94.68
,,43049779,ANGULO SEMI 25X25X3MM A270ES,8/21/2026 3:28:16 PM,8/21/2026 3:50:59 PM,"14,123.0",7,,102524390,"PALANQUILLA 130X130MM AZA 1008 3,2M (N) ",32,"13,516.8",0.0,0.0,104.48,96.3,"68,857,602.0",47627,167890,"72,727,844.0","3,219,845.9","1,024,672.1",94.68
,,43049615,"BARRA TRASPASO CARGA 25MM 6,2M A630-420H",8/21/2026 11:19:56 PM,8/22/2026 12:47:33 AM,"32,529.0",35,,119502582,"PALANQUILLA 130X130MM AZA 1050 3,4M (N) ",77,"34,557.6",,,94.13,97,"68,857,602.0",47627,167890,"72,727,844.0","3,219,845.9","1,024,672.1",94.68
,,43049740,B HORMIGON 25MM 12M A630-420H (N),8/22/2026 1:52:00 AM,8/24/2026 1:17:51 AM,"402,508.0",260,,102526100,"PALANQUILLA 130X130MM AZA 1541 3,3M (N)",970,"422,532.0","17,926.2","2,097.8",95.26,95,"68,857,602.0",47627,167890,"72,727,844.0","3,219,845.9","1,024,672.1",94.68
,,43049741,B HORMIGON 25MM 11M A630-420H (N),8/24/2026 1:44:01 AM,8/24/2026 5:46:54 AM,"100,090.0",62,,102526100,"PALANQUILLA 130X130MM AZA 1541 3,3M (N)",245,"106,722.0","3,846.6","2,785.4",93.79,95,"68,857,602.0",47627,167890,"72,727,844.0","3,219,845.9","1,024,672.1",94.68
,,43049742,B HORMIGON 25MM 10M A630-420H (N),8/24/2026 6:20:31 AM,8/24/2026 9:24:02 AM,"82,345.0",52,,102526100,"PALANQUILLA 130X130MM AZA 1541 3,3M (N)",199,"86,684.4","2,516.9","1,822.5",94.99,95,"68,857,602.0",47627,167890,"72,727,844.0","3,219,845.9","1,024,672.1",94.68
,,43049743,B HORMIGON 25MM 8M A630-420H (N),8/24/2026 9:57:21 AM,8/24/2026 1:07:53 PM,"89,597.0",59,,102524188,"PALANQUILLA 130X130MM AZA 1541 3,4M (N)",209,"93,799.2","3,762.0",440.2,95.52,95,"68,857,602.0",47627,167890,"72,727,844.0","3,219,845.9","1,024,672.1",94.68
,,43049744,B HORMIGON 25MM 7M A630-420H (N),8/24/2026 1:28:10 PM,8/24/2026 4:20:01 PM,"80,972.0",58,,102524188,"PALANQUILLA 130X130MM AZA 1541 3,4M (N)",189,"84,823.2","3,447.7",403.5,95.46,95,"68,857,602.0",47627,167890,"72,727,844.0","3,219,845.9","1,024,672.1",94.68
,,43049745,B HORMIGON 25MM 6M A630-420H (N),8/24/2026 4:52:11 PM,8/24/2026 5:45:07 PM,"31,130.0",28,,102526100,"PALANQUILLA 130X130MM AZA 1541 3,3M (N)",75,"32,670.0",893.2,646.8,95.29,95,"68,857,602.0",47627,167890,"72,727,844.0","3,219,845.9","1,024,672.1",94.68
,,43049746,B HORMIGON 28MM 12M A630-420H (N),8/24/2026 11:49:55 PM,8/25/2026 4:56:53 AM,"144,623.0",92,,102513121,"PALANQUILLA 130X130MM AZA 1541 3,2M (N)",358,"151,219.2","3,825.8","2,770.4",95.64,96,"68,857,602.0",47627,167890,"72,727,844.0","3,219,845.9","1,024,672.1",94.68
,,43049747,B HORMIGON 28MM 11M A630-420H (N),8/25/2026 5:27:56 AM,8/25/2026 8:42:59 AM,"77,488.0",52,,102513137,PALANQUILLA 130X130MM AZA 1541 3M (N),208,"82,368.0","2,830.4","2,049.6",94.08,94,"68,857,602.0",47627,167890,"72,727,844.0","3,219,845.9","1,024,672.1",94.68
,,43049748,B HORMIGON 28MM 10M A630-420H (N),8/25/2026 9:03:29 AM,8/25/2026 12:06:46 PM,"74,542.0",50,,102524188,"PALANQUILLA 130X130MM AZA 1541 3,4M (N)",176,"78,988.8","2,579.1","1,867.7",94.37,96,"68,857,602.0",47627,167890,"72,727,844.0","3,219,845.9","1,024,672.1",94.68
,,43049749,B HORMIGON 28MM 9M A630-420H (N),8/25/2026 12:30:50 PM,8/25/2026 1:52:46 PM,"41,623.0",28,,102524188,"PALANQUILLA 130X130MM AZA 1541 3,4M (N)",96,"43,084.8",847.8,614.0,96.61,94,"68,857,602.0",47627,167890,"72,727,844.0","3,219,845.9","1,024,672.1",94.68
,,43049750,B HORMIGON 28MM 8M A630-420H (N),8/25/2026 2:15:34 PM,8/25/2026 3:32:34 PM,"40,491.0",28,,102524188,"PALANQUILLA 130X130MM AZA 1541 3,4M (N)",97,"43,533.6","1,764.7","1,277.9",93.01,96,"68,857,602.0",47627,167890,"72,727,844.0","3,219,845.9","1,024,672.1",94.68
,,43049751,B HORMIGON 28MM 7M A630-420H (N),8/25/2026 3:58:35 PM,8/25/2026 5:43:26 PM,"51,127.0",33,,102513121,"PALANQUILLA 130X130MM AZA 1541 3,2M (N)",128,"54,067.2","1,705.3","1,234.9",94.56,96,"68,857,602.0",47627,167890,"72,727,844.0","3,219,845.9","1,024,672.1",94.68
,,43049757,B HORMIGON 18MM 9M A630-420H (N),8/25/2026 10:56:58 PM,8/26/2026 4:39:34 AM,"117,129.0",74,,102524188,"PALANQUILLA 130X130MM AZA 1541 3,4M (N)",274,"122,971.2","4,263.2","1,579.0",95.25,95.9,"68,857,602.0",47627,167890,"72,727,844.0","3,219,845.9","1,024,672.1",94.68
,,43049758,B HORMIGON 18MM 8M A630-420H (N),8/26/2026 5:04:09 AM,8/26/2026 9:33:35 AM,"101,359.0",67,,102524188,"PALANQUILLA 130X130MM AZA 1541 3,4M (N)",235,"105,468.0","2,998.5","1,110.5",96.10,96,"68,857,602.0",47627,167890,"72,727,844.0","3,219,845.9","1,024,672.1",94.68
,,43049831,B HORMIGON 18MM 7M A630-420H (N),8/26/2026 9:55:04 AM,8/26/2026 9:55:35 AM,"9,295.0",8,,119502582,"PALANQUILLA 130X130MM AZA 1050 3,4M (N) ",10,"4,488.0",,,207.11,95.9,"68,857,602.0",47627,167890,"72,727,844.0","3,219,845.9","1,024,672.1",94.68
,,43049832,B HORMIGON 18MM 7M A630-420H (N),8/26/2026 10:12:29 AM,8/26/2026 10:46:00 AM,"19,155.0",14,,119502584,"PALANQUILLA 130x130MM AZA 1050 3,2M (N) ",48,"20,275.2",530.6,589.6,94.48,95.9,"68,857,602.0",47627,167890,"72,727,844.0","3,219,845.9","1,024,672.1",94.68
,,43049759,B HORMIGON 18MM 7M A630-420H (N),8/26/2026 11:01:42 AM,8/26/2026 1:29:39 PM,"49,110.0",35,,102524188,"PALANQUILLA 130X130MM AZA 1541 3,4M (N)",115,"51,612.0","1,185.2","1,316.8",95.15,95.9,"68,857,602.0",47627,167890,"72,727,844.0","3,219,845.9","1,024,672.1",94.68
,,43049760,B HORMIGON 18MM 6M A630-420H (N),8/26/2026 1:51:52 PM,8/27/2026 1:29:02 AM,"179,027.0",171,,102524188,"PALANQUILLA 130X130MM AZA 1541 3,4M (N)",419,"188,047.2","7,409.5","1,610.7",95.20,96,"68,857,602.0",47627,167890,"72,727,844.0","3,219,845.9","1,024,672.1",94.68
,,43049756,B HORMIGON 18MM 10M A630-420H (N),8/27/2026 1:49:07 AM,8/27/2026 2:49:49 AM,"30,950.0",21,,102524188,"PALANQUILLA 130X130MM AZA 1541 3,4M (N)",74,"33,211.2","1,531.8",729.4,93.19,96,"68,857,602.0",47627,167890,"72,727,844.0","3,219,845.9","1,024,672.1",94.68
,,43049755,B HORMIGON 18MM 11M A630-420H (N),8/27/2026 3:29:10 AM,8/27/2026 1:06:47 PM,"232,159.0",151,,102524188,"PALANQUILLA 130X130MM AZA 1541 3,4M (N)",554,"248,635.2","13,367.5","3,108.7",93.37,96,"68,857,602.0",47627,167890,"72,727,844.0","3,219,845.9","1,024,672.1",94.68
,,43049754,B HORMIGON 18MM 12M A630-420H (N),8/27/2026 1:34:21 PM,8/31/2026 8:18:20 AM,"1,238,139.0",790,,102524188,"PALANQUILLA 130X130MM AZA 1541 3,4M (N)",2894,"1,298,827.2","49,851.0","10,837.2",95.33,96,"68,857,602.0",47627,167890,"72,727,844.0","3,219,845.9","1,024,672.1",94.68
,,43049887,B HORMIGON 18MM 12M A630-420H (N),8/31/2026 8:49:37 AM,8/31/2026 5:44:59 PM,"200,519.0",128,,102513137,PALANQUILLA 130X130MM AZA 1541 3M (N),527,"208,692.0","6,713.5","1,459.5",96.08,96,"68,857,602.0",47627,167890,"72,727,844.0","3,219,845.9","1,024,672.1",94.68
,,43049985,PLANA 50X3 MM 6M A270ES (N),9/1/2026 1:12:45 AM,9/1/2026 5:43:42 PM,"172,041.0",172,,102525180,"PALANQUILLA 130X130MM AZA 1011 3,4M (N)",409,"183,559.2","9,630.0","1,888.2",93.73,96.3,"68,857,602.0",47627,167890,"72,727,844.0","3,219,845.9","1,024,672.1",94.68
,,43049890,ANGULO SEMI 50X50X4MM A270ES,9/1/2026 11:39:49 PM,9/2/2026 11:56:54 AM,"188,962.0",104,,102525180,"PALANQUILLA 130X130MM AZA 1011 3,4M (N)",460,"206,448.0","14,619.5","2,866.6",91.53,94.8,"68,857,602.0",47627,167890,"72,727,844.0","3,219,845.9","1,024,672.1",94.68
,,43049891,ANGULO SEMI 50X50X3MM A270ES,9/2/2026 2:48:43 PM,9/2/2026 5:44:22 PM,"49,750.0",27,,102525180,"PALANQUILLA 130X130MM AZA 1011 3,4M (N)",121,"54,304.8","3,808.1",746.7,91.61,95.3,"68,857,602.0",47627,167890,"72,727,844.0","3,219,845.9","1,024,672.1",94.68
,,43049892,B HORMIGON 36MM 12M A630-420H (N),9/2/2026 11:10:25 PM,9/3/2026 12:02:06 AM,"30,155.0",20,,102513132,"PALANQUILLA 130X130MM AZA 1541 3,1M (N)",80,"32,736.0","1,497.0","1,084.0",92.12,96,"68,857,602.0",47627,167890,"72,727,844.0","3,219,845.9","1,024,672.1",94.68
,,43049893,B HORMIGON 36MM 10M A630-420H (N),9/3/2026 12:35:59 AM,9/3/2026 1:38:23 AM,"32,792.0",22,,102513121,"PALANQUILLA 130X130MM AZA 1541 3,2M (N)",84,"35,481.6","1,560.0","1,129.6",92.42,96,"68,857,602.0",47627,167890,"72,727,844.0","3,219,845.9","1,024,672.1",94.68
,,43049894,B HORMIGON 36MM 6M A630-420H (N),9/3/2026 2:05:15 AM,9/3/2026 4:22:27 AM,"65,420.0",68,,102524188,"PALANQUILLA 130X130MM AZA 1541 3,4M (N)",155,"69,564.0","2,403.5","1,740.5",94.04,97,"68,857,602.0",47627,167890,"72,727,844.0","3,219,845.9","1,024,672.1",94.68
,,43049895,B HORMIGON 32MM 12M A630-420HS (N),9/3/2026 5:53:32 AM,9/3/2026 6:39:03 AM,"22,372.0",15,,119506258,"PALANQUILLA 130X130MM AZA 1629 3,0M (N)",60,"23,760.0",805.0,583.0,94.16,96,"68,857,602.0",47627,167890,"72,727,844.0","3,219,845.9","1,024,672.1",94.68
,,43049896,B HORMIGON 32MM 10M A630-420HS (N),9/3/2026 7:08:32 AM,9/3/2026 10:15:20 AM,"81,088.0",53,,119506259,"PALANQUILLA 130X130MM AZA 1629 3,1M (N)",213,"87,159.6","3,521.5","2,550.1",93.03,96,"68,857,602.0",47627,167890,"72,727,844.0","3,219,845.9","1,024,672.1",94.68
,,43049897,B HORMIGON 32MM 6M A630-420H (N),9/3/2026 11:13:48 AM,9/3/2026 12:30:05 PM,"41,019.0",44,,102526100,"PALANQUILLA 130X130MM AZA 1541 3,3M (N)",100,"43,560.0","1,473.8","1,067.2",94.17,96,"68,857,602.0",47627,167890,"72,727,844.0","3,219,845.9","1,024,672.1",94.68
,,43049899,B HORMIGON 32MM 11M A630-420H (N),9/3/2026 1:04:23 PM,9/3/2026 3:51:01 PM,"58,095.0",35,,102526100,"PALANQUILLA 130X130MM AZA 1541 3,3M (N)",142,"61,855.2","2,180.9","1,579.3",93.92,96,"68,857,602.0",47627,167890,"72,727,844.0","3,219,845.9","1,024,672.1",94.68
,,43049900,B HORMIGON 32MM 10M A630-420H (N),9/3/2026 4:16:05 PM,9/4/2026 2:14:59 AM,"119,180.0",79,,102513132,"PALANQUILLA 130X130MM AZA 1541 3,1M (N)",310,"126,852.0","4,449.8","3,222.2",93.95,96,"68,857,602.0",47627,167890,"72,727,844.0","3,219,845.9","1,024,672.1",94.68
,,43049901,B HORMIGON 32MM 9M A630-420H (N),9/4/2026 2:39:26 AM,9/4/2026 4:33:40 AM,"52,602.0",34,,102513121,"PALANQUILLA 130X130MM AZA 1541 3,2M (N)",114,"48,153.6",986.2,714.2,109.24,96,"68,857,602.0",47627,167890,"72,727,844.0","3,219,845.9","1,024,672.1",94.68
,,43049903,B HORMIGON 32MM 7M A630-420H (N),9/4/2026 5:04:37 AM,9/4/2026 8:31:15 AM,"91,541.0",58,,102513121,"PALANQUILLA 130X130MM AZA 1541 3,2M (N)",231,"97,574.4","3,499.4","2,534.0",93.82,96,"68,857,602.0",47627,167890,"72,727,844.0","3,219,845.9","1,024,672.1",94.68
,,43049898,B HORMIGON 32MM 12M A630-420H (N),9/4/2026 9:04:27 AM,9/4/2026 10:53:43 AM,"48,503.0",33,,102513137,PALANQUILLA 130X130MM AZA 1541 3M (N),132,"52,272.0","2,186.0","1,583.0",92.79,96,"68,857,602.0",47627,167890,"72,727,844.0","3,219,845.9","1,024,672.1",94.68
,,43049902,B HORMIGON 28MM 12M A630-420HS (N),9/4/2026 12:14:53 PM,9/4/2026 1:23:02 PM,"32,715.0",21,,119506260,"PALANQUILLA 130X130MM AZA 1629 3,2M (N)",84,"35,481.6","1,604.6","1,162.0",92.20,96,"68,857,602.0",47627,167890,"72,727,844.0","3,219,845.9","1,024,672.1",94.68
,,43049904,B HORMIGON 28MM 12M A630-420H (N),9/4/2026 1:57:40 PM,9/5/2026 12:48:19 AM,"158,000.0",99,,102513121,"PALANQUILLA 130X130MM AZA 1541 3,2M (N)",395,"166,848.0","5,131.9","3,716.2",94.70,96,"68,857,602.0",47627,167890,"72,727,844.0","3,219,845.9","1,024,672.1",94.68
,,43049905,B HORMIGON 28MM 11M A630-420H (N),9/5/2026 1:18:21 AM,9/5/2026 3:45:38 AM,"57,807.0",38,,102513137,PALANQUILLA 130X130MM AZA 1541 3M (N),152,"60,192.0","1,383.3","1,001.7",96.04,94,"68,857,602.0",47627,167890,"72,727,844.0","3,219,845.9","1,024,672.1",94.68
,,43049906,B HORMIGON 28MM 9M A630-420H (N),9/5/2026 4:12:39 AM,9/5/2026 8:08:35 AM,"105,855.0",67,,102524188,"PALANQUILLA 130X130MM AZA 1541 3,4M (N)",251,"112,648.8","3,940.4","2,853.4",93.97,94,"68,857,602.0",47627,167890,"72,727,844.0","3,219,845.9","1,024,672.1",94.68
,,43049907,B HORMIGON 28MM 8M A630-420H (N),9/5/2026 8:32:27 AM,9/5/2026 9:35:47 AM,"32,878.0",24,,102524188,"PALANQUILLA 130X130MM AZA 1541 3,4M (N)",77,"34,557.6",974.2,705.4,95.14,96,"68,857,602.0",47627,167890,"72,727,844.0","3,219,845.9","1,024,672.1",94.68
,,43049908,B HORMIGON 28MM 7M A630-420H (N),9/5/2026 10:03:29 AM,9/5/2026 12:16:53 PM,"60,092.0",43,,102513121,"PALANQUILLA 130X130MM AZA 1541 3,2M (N)",150,"63,360.0","1,895.4","1,372.6",94.84,96,"68,857,602.0",47627,167890,"72,727,844.0","3,219,845.9","1,024,672.1",94.68
,,43050100,B HORMIGON 28MM 6M A630-420H (N),9/5/2026 12:45:09 PM,9/5/2026 1:43:00 PM,"30,975.0",32,,102513121,"PALANQUILLA 130X130MM AZA 1541 3,2M (N)",76,"32,102.4",653.9,473.5,96.49,96,"68,857,602.0",47627,167890,"72,727,844.0","3,219,845.9","1,024,672.1",94.68
,,43049910,B HORMIGON 25MM 12M A630-420H (N),9/7/2026 1:23:28 AM,9/8/2026 1:32:14 AM,"571,781.0",376,,102526100,"PALANQUILLA 130X130MM AZA 1541 3,3M (N)",1377,"599,821.2","25,102.7","2,937.6",95.33,95,"68,857,602.0",47627,167890,"72,727,844.0","3,219,845.9","1,024,672.1",94.68
,,43049911,B HORMIGON 25MM 11M A630-420H (N),9/8/2026 1:52:05 AM,9/8/2026 4:57:54 AM,"78,831.0",53,,102526100,"PALANQUILLA 130X130MM AZA 1541 3,3M (N)",191,"83,199.6","2,533.8","1,834.8",94.75,95,"68,857,602.0",47627,167890,"72,727,844.0","3,219,845.9","1,024,672.1",94.68
,,43049912,B HORMIGON 25MM 10M A630-420H (N),9/8/2026 5:37:16 AM,9/8/2026 10:11:21 AM,"85,473.0",57,,102526100,"PALANQUILLA 130X130MM AZA 1541 3,3M (N)",206,"89,733.6","2,471.1","1,789.5",95.25,95,"68,857,602.0",47627,167890,"72,727,844.0","3,219,845.9","1,024,672.1",94.68
,,43049913,B HORMIGON 25MM 8M A630-420H (N),9/8/2026 10:37:38 AM,9/8/2026 2:38:30 PM,"114,737.0",79,,102524188,"PALANQUILLA 130X130MM AZA 1541 3,4M (N)",264,"118,483.2","3,353.7",392.5,96.84,95,"68,857,602.0",47627,167890,"72,727,844.0","3,219,845.9","1,024,672.1",94.68
,,43049914,SAFEROCK SEMI 25MM 12M A420,9/8/2026 4:24:57 PM,9/8/2026 5:49:52 PM,"37,345.0",18,,102524193,"PALANQUILLA 130X130MM AZA 1542 3,4M (N)",87,"39,045.6","1,385.7",314.9,95.64,95.3,"68,857,602.0",47627,167890,"72,727,844.0","3,219,845.9","1,024,672.1",94.68
,,43050117,SAFEROCK SEMI 25MM 12M A420,9/8/2026 6:21:28 PM,9/8/2026 6:22:41 PM,"5,150.0",2,,119502414,"PALANQUILLA 130X130MM DESARROLLO 3,4M (N",12,"5,385.6",192.0,43.6,95.63,95.3,"68,857,602.0",47627,167890,"72,727,844.0","3,219,845.9","1,024,672.1",94.68
,,43049992,"SAFEROCK SEMI 25MM 10,5M A420",9/8/2026 6:47:23 PM,9/8/2026 10:01:04 PM,"78,084.0",37,,102524193,"PALANQUILLA 130X130MM AZA 1542 3,4M (N)",188,"84,374.4","5,829.1",461.3,92.54,95,"68,857,602.0",47627,167890,"72,727,844.0","3,219,845.9","1,024,672.1",94.68
,,43049993,HEXAGONO 1' 8M SAE 1045 (N),9/8/2026 11:16:38 PM,9/9/2026 1:17:07 AM,"55,298.0",27,,102526114,"PALANQUILLA 130X130MM SAE 1045 3,4M (N)",132,"59,241.6","3,363.7",579.9,93.34,94.2,"68,857,602.0",47627,167890,"72,727,844.0","3,219,845.9","1,024,672.1",94.68
,,43049994,PLANA 50X6MM 6M A270ES (N),9/9/2026 2:40:22 AM,9/9/2026 3:48:12 AM,"31,437.0",31,,102525180,"PALANQUILLA 130X130MM AZA 1011 3,4M (N)",74,"33,211.2","1,555.2",219.0,94.66,96,"68,857,602.0",47627,167890,"72,727,844.0","3,219,845.9","1,024,672.1",94.68
,,43049995,PLANA 50X5MM 6M A270ES (N),9/9/2026 4:40:26 AM,9/9/2026 8:13:15 AM,"77,203.0",76,,102525180,"PALANQUILLA 130X130MM AZA 1011 3,4M (N)",181,"81,232.8","3,369.2",660.6,95.04,96,"68,857,602.0",47627,167890,"72,727,844.0","3,219,845.9","1,024,672.1",94.68
,,43050122,ANGULO SEMI 30X30X3MM A270ES,9/9/2026 5:57:32 PM,9/10/2026 2:08:13 AM,"195,584.0",102,,102526111,"PALANQUILLA 130X130MM AZA 1008 3,4M (N)",453,"203,306.4","6,448.1","1,791.1",96.20,96,"68,857,602.0",47627,167890,"72,727,844.0","3,219,845.9","1,024,672.1",94.68
,,43050004,SAFEROCK 22MM 12M A420,9/10/2026 3:27:02 AM,9/10/2026 7:26:01 AM,"96,927.0",50,,102513099,"PALANQUILLA 130X130MM AZA 1542 3,2M (N)",242,"102,220.8","4,002.6","1,291.2",94.82,95.9,"68,857,602.0",47627,167890,"72,727,844.0","3,219,845.9","1,024,672.1",94.68
,,43050152,SAFEROCK 22MM 12M A280,9/10/2026 8:13:05 AM,9/10/2026 10:28:17 AM,"61,746.0",33,,119502731,"PALANQUILLA 130X130MM AZA 1021 3,2M (N)",155,"65,472.0","2,161.1","1,564.9",94.31,95.9,"68,857,602.0",47627,167890,"72,727,844.0","3,219,845.9","1,024,672.1",94.68
,,43050006,SAFEROCK SEMI 22MM 10M A280,9/10/2026 10:51:01 AM,9/10/2026 1:18:40 PM,"62,648.0",34,,102524194,"PALANQUILLA 130X130MM AZA 1021 3,4M (N)",148,"66,422.4","3,302.6",471.8,94.32,95.3,"68,857,602.0",47627,167890,"72,727,844.0","3,219,845.9","1,024,672.1",94.68
,,43050007,"SAFEROCK SEMI 22MM 9,6M A280",9/10/2026 2:14:59 PM,9/10/2026 4:01:17 PM,"56,984.0",31,,102524194,"PALANQUILLA 130X130MM AZA 1021 3,4M (N)",132,"59,241.6","1,309.4",948.2,96.19,95.7,"68,857,602.0",47627,167890,"72,727,844.0","3,219,845.9","1,024,672.1",94.68
,,43050008,"SAFEROCK SEMI 22MM 9,6M A420",9/10/2026 4:23:38 PM,9/10/2026 7:41:53 PM,"90,265.0",50,,102524193,"PALANQUILLA 130X130MM AZA 1542 3,4M (N)",209,"93,799.2","2,049.8","1,484.4",96.23,95.7,"68,857,602.0",47627,167890,"72,727,844.0","3,219,845.9","1,024,672.1",94.68
,,43050009,REDONDO LISO 7/8' 6M ASTM A 36 (N),9/10/2026 8:55:17 PM,9/10/2026 10:22:45 PM,"38,518.0",37,,102525180,"PALANQUILLA 130X130MM AZA 1011 3,4M (N)",90,"40,392.0","1,322.8",551.2,95.36,95,"68,857,602.0",47627,167890,"72,727,844.0","3,219,845.9","1,024,672.1",94.68
,,43050010,REDONDO LISO 7/8' 6M SAE 1045 (N),9/10/2026 10:42:56 PM,9/11/2026 12:19:36 AM,"40,563.0",39,,102526114,"PALANQUILLA 130X130MM SAE 1045 3,4M (N)",96,"43,084.8","1,194.5","1,327.3",94.15,95,"68,857,602.0",47627,167890,"72,727,844.0","3,219,845.9","1,024,672.1",94.68
,,43050011,REDONDO LISO 7/8' 6M SAE 1020 (N),9/11/2026 12:36:27 AM,9/11/2026 4:24:48 AM,"102,940.0",97,,102524143,"PALANQUILLA 130X130MM SAE 1020 3,4M (N)",241,"108,160.8","4,533.9",687.0,95.17,95,"68,857,602.0",47627,167890,"72,727,844.0","3,219,845.9","1,024,672.1",94.68
,,43050012,REDONDO LISO 19MM 6M SAE 1020 (N),9/11/2026 5:40:59 AM,9/11/2026 10:55:09 AM,"140,465.0",133,,102524143,"PALANQUILLA 130X130MM SAE 1020 3,4M (N)",330,"148,104.0","6,047.5","1,591.5",94.84,95.2,"68,857,602.0",47627,167890,"72,727,844.0","3,219,845.9","1,024,672.1",94.68
,,43050013,REDONDO LISO 3/4' 6M SAE 1020 (N),9/14/2026 12:56:49 AM,9/14/2026 1:50:41 AM,"24,176.0",23,,102524143,"PALANQUILLA 130X130MM SAE 1020 3,4M (N)",58,"26,030.4","1,412.9",441.5,92.88,95.2,"68,857,602.0",47627,167890,"72,727,844.0","3,219,845.9","1,024,672.1",94.68
,,43050165,REDONDO LISO 3/4' 6M SAE 1020 (N),9/14/2026 2:04:57 AM,9/14/2026 2:16:58 AM,"10,239.0",11,,102513153,"PALANQUILLA 130X130MM SAE 1020 3,2M (N) ",22,"9,292.8",0.0,0.0,110.18,95.2,"68,857,602.0",47627,167890,"72,727,844.0","3,219,845.9","1,024,672.1",94.68
,,43050014,REDONDO LISO 3/4' 6M ASTM A 36 (N),9/14/2026 2:29:02 AM,9/14/2026 8:51:32 AM,"168,893.0",166,,102525180,"PALANQUILLA 130X130MM AZA 1011 3,4M (N)",395,"177,276.0","7,856.1",526.9,95.27,95.2,"68,857,602.0",47627,167890,"72,727,844.0","3,219,845.9","1,024,672.1",94.68
,,43049996,REDONDO LISO 1 3/4' 6M SAE 1045 (N),9/14/2026 1:58:15 PM,9/14/2026 3:48:07 PM,"37,605.0",37,,102513159,"PALANQUILLA 130X130MM SAE 1045 3,2M (N) ",108,"45,619.2","6,309.1","1,705.2",82.43,97,"68,857,602.0",47627,167890,"72,727,844.0","3,219,845.9","1,024,672.1",94.68
,,43049997,REDONDO LISO 1 3/4' 6M SAE 1020 (N),9/14/2026 4:19:43 PM,9/14/2026 5:20:00 PM,"29,278.0",28,,102513153,"PALANQUILLA 130X130MM SAE 1020 3,2M (N) ",80,"33,792.0","2,618.1","1,895.9",86.64,95.5,"68,857,602.0",47627,167890,"72,727,844.0","3,219,845.9","1,024,672.1",94.68
,,43049998,REDONDO LISO 1 1/2' 6M SAE 1020 (N),9/14/2026 9:09:59 PM,9/15/2026 2:27:14 AM,"66,551.0",63,,102524143,"PALANQUILLA 130X130MM SAE 1020 3,4M (N)",160,"71,808.0","4,720.6",536.4,92.68,94.3,"68,857,602.0",47627,167890,"72,727,844.0","3,219,845.9","1,024,672.1",94.68
,,43049999,REDONDO LISO 1 1/2' 6M ASTM A 36 (N),9/15/2026 2:44:58 AM,9/15/2026 3:46:04 AM,"31,153.0",31,,102525180,"PALANQUILLA 130X130MM AZA 1011 3,4M (N)",74,"33,211.2","1,759.9",298.3,93.80,94.3,"68,857,602.0",47627,167890,"72,727,844.0","3,219,845.9","1,024,672.1",94.68
,,43050000,REDONDO LISO 1 1/2' 6M SAE 1045 (N),9/15/2026 4:03:52 AM,9/15/2026 5:14:08 AM,"31,045.0",30,,102526114,"PALANQUILLA 130X130MM SAE 1045 3,4M (N)",74,"33,211.2","1,895.4",270.8,93.48,94.3,"68,857,602.0",47627,167890,"72,727,844.0","3,219,845.9","1,024,672.1",94.68
,,43050002,REDONDO LISO 1 1/4' 6M SAE 1020 (N),9/15/2026 7:28:23 AM,9/15/2026 8:26:44 AM,"28,155.0",28,,102513153,"PALANQUILLA 130X130MM SAE 1020 3,2M (N) ",73,"30,835.2","2,297.3",382.9,91.31,95.1,"68,857,602.0",47627,167890,"72,727,844.0","3,219,845.9","1,024,672.1",94.68
,,43050123,ANGULO SEMI 40X40X5MM A270ES,9/15/2026 7:13:23 PM,9/15/2026 9:33:48 PM,"60,864.0",30,,102525180,"PALANQUILLA 130X130MM AZA 1011 3,4M (N)",144,"64,627.2","3,146.3",616.9,94.18,95.4,"68,857,602.0",47627,167890,"72,727,844.0","3,219,845.9","1,024,672.1",94.68
,,43050124,ANGULO SEMI 40X40X4MM A270ES,9/15/2026 11:38:42 PM,9/16/2026 5:26:49 AM,"101,080.0",55,,102525180,"PALANQUILLA 130X130MM AZA 1011 3,4M (N)",241,"108,160.8","5,920.0","1,160.8",93.45,95.3,"68,857,602.0",47627,167890,"72,727,844.0","3,219,845.9","1,024,672.1",94.68
,,43050197,ANGULO SEMI 40X40X3MM A270ES,9/16/2026 7:57:15 AM,9/16/2026 3:40:39 PM,"119,340.0",68,,102526111,"PALANQUILLA 130X130MM AZA 1008 3,4M (N)",277,"124,317.6","3,763.6","1,214.0",96.00,95.7,"68,857,602.0",47627,167890,"72,727,844.0","3,219,845.9","1,024,672.1",94.68
,,43050126,B HORMIGON 18MM 11M A630-420H (N),9/16/2026 6:55:14 PM,9/16/2026 9:31:40 PM,"68,506.0",45,,102524188,"PALANQUILLA 130X130MM AZA 1541 3,4M (N)",162,"72,705.6","3,407.2",792.4,94.22,96,"68,857,602.0",47627,167890,"72,727,844.0","3,219,845.9","1,024,672.1",94.68
,,43050127,B HORMIGON 18MM 10M A630-420H (N),9/16/2026 9:51:33 PM,9/17/2026 12:41:47 AM,"65,970.0",43,,102524188,"PALANQUILLA 130X130MM AZA 1541 3,4M (N)",154,"69,115.2","2,130.6","1,014.6",95.45,96,"68,857,602.0",47627,167890,"72,727,844.0","3,219,845.9","1,024,672.1",94.68
,,43050128,B HORMIGON 18MM 9M A630-420H (N),9/17/2026 1:01:09 AM,9/17/2026 3:07:54 AM,"60,059.0",40,,102524188,"PALANQUILLA 130X130MM AZA 1541 3,4M (N)",140,"62,832.0","2,023.5",749.5,95.59,95.9,"68,857,602.0",47627,167890,"72,727,844.0","3,219,845.9","1,024,672.1",94.68
,,43050129,B HORMIGON 18MM 8M A630-420H (N),9/17/2026 3:31:45 AM,9/17/2026 7:34:05 AM,"91,214.0",60,,102524188,"PALANQUILLA 130X130MM AZA 1541 3,4M (N)",212,"95,145.6","2,869.0","1,062.6",95.87,96,"68,857,602.0",47627,167890,"72,727,844.0","3,219,845.9","1,024,672.1",94.68
,,43050130,B HORMIGON 18MM 7M A630-420H (N),9/17/2026 7:51:04 AM,9/17/2026 11:13:34 AM,"80,651.0",57,,102524188,"PALANQUILLA 130X130MM AZA 1541 3,4M (N)",188,"84,374.4","2,764.0","3,071.2",95.59,95.9,"68,857,602.0",47627,167890,"72,727,844.0","3,219,845.9","1,024,672.1",94.68
,,43050131,B HORMIGON 18MM 6M A630-420H (N),9/17/2026 11:31:34 AM,9/17/2026 11:57:39 AM,"14,972.0",15,,102524188,"PALANQUILLA 130X130MM AZA 1541 3,4M (N)",34,"15,259.2",235.9,51.3,98.12,96,"68,857,602.0",47627,167890,"72,727,844.0","3,219,845.9","1,024,672.1",94.68
,,43050170,PLANA 32X3MM 6M A270ES (N),9/21/2026 10:03:32 AM,9/21/2026 11:00:30 PM,"159,519.0",160,,102513114,"PALANQUILLA 130X130MM AZA 1011 2,9M (N)",440,"168,432.0","7,451.9","1,461.2",94.71,96.6,"68,857,602.0",47627,167890,"72,727,844.0","3,219,845.9","1,024,672.1",94.68
,,43050172,"PLANA ASERRADA 25X4,85MM 6M A270ES (N)",9/22/2026 2:11:22 AM,9/22/2026 3:42:21 AM,"32,091.0",31,,102513114,"PALANQUILLA 130X130MM AZA 1011 2,9M (N)",90,"34,452.0","1,946.8",414.2,93.15,96.7,"68,857,602.0",47627,167890,"72,727,844.0","3,219,845.9","1,024,672.1",94.68
,,43050171,"PLANA 1""X3/16"" X 6,1m ASTM A36 (P)",9/22/2026 5:04:35 AM,9/22/2026 10:11:39 AM,"84,914.0",82,,102513114,"PALANQUILLA 130X130MM AZA 1011 2,9M (N)",230,"88,044.0","1,815.4","1,314.6",96.44,97,"68,857,602.0",47627,167890,"72,727,844.0","3,219,845.9","1,024,672.1",94.68
,,43050173,PLANA 25X5MM 6M A270ES (N),9/22/2026 10:28:23 AM,9/22/2026 12:23:35 PM,"40,716.0",40,,102513114,"PALANQUILLA 130X130MM AZA 1011 2,9M (N)",111,"42,490.8","1,463.4",311.4,95.82,96.5,"68,857,602.0",47627,167890,"72,727,844.0","3,219,845.9","1,024,672.1",94.68

Orden_prod1,Material_prod1,Fecha_inicio1,Fecha_final1,qty_prod1,Num_pal1,Item_cons1,Material_cons1,Lam_pal2,qty_cons1,KG_DESPUNTE_201,KG_LAMINILLA_301,Ren_cal3,Rend_Met1,qty_prod4,Num_pal4,Lam_pal3,qty_cons4,KG_DESPUNTE_204,KG_LAMINILLA_304,Suma8
43046145,B HORMIGON 18MM 12M A630-420H (N),1/2/2026 9:10:51 AM,1/2/2026 10:32:47 AM,"43,702.0",30,102526100,"PALANQUILLA 130X130MM AZA 1541 3,3M (N)",109,"47,480.4","3,103.7",674.7,92.04,96,"68,857,602.0",47627,167890,"72,727,844.0","3,219,845.9","1,024,672.1",94.68
43046081,B HORMIGON 18MM 12M A630-420H (N),1/2/2026 10:50:13 AM,1/2/2026 4:16:05 PM,"125,108.0",81,102524188,"PALANQUILLA 130X130MM AZA 1541 3,4M (N)",297,"133,293.6","6,723.9","1,461.7",93.86,96,"68,857,602.0",47627,167890,"72,727,844.0","3,219,845.9","1,024,672.1",94.68
43046082,B HORMIGON 18MM 11M A630-420H (N),1/2/2026 4:36:06 PM,1/3/2026 3:14:52 AM,"227,051.0",149,102524188,"PALANQUILLA 130X130MM AZA 1541 3,4M (N)",530,"237,864.0","8,836.6","2,055.0",95.45,96,"68,857,602.0",47627,167890,"72,727,844.0","3,219,845.9","1,024,672.1",94.68
43046144,B HORMIGON 18MM 10M A630-420H (N),1/3/2026 3:36:44 AM,1/3/2026 5:09:42 AM,"42,168.0",27,102524188,"PALANQUILLA 130X130MM AZA 1541 3,4M (N)",100,"44,880.0","1,837.2",874.8,93.96,96,"68,857,602.0",47627,167890,"72,727,844.0","3,219,845.9","1,024,672.1",94.68
43046083,B HORMIGON 18MM 9M A630-420H (N),1/3/2026 5:30:51 AM,1/3/2026 7:36:47 AM,"55,745.0",37,102524188,"PALANQUILLA 130X130MM AZA 1541 3,4M (N)",132,"59,241.6","2,551.6",945.0,94.10,95.9,"68,857,602.0",47627,167890,"72,727,844.0","3,219,845.9","1,024,672.1",94.68
43046084,B HORMIGON 18MM 8M A630-420H (N),1/3/2026 8:30:27 AM,1/3/2026 9:19:19 AM,"22,669.0",15,102524188,"PALANQUILLA 130X130MM AZA 1541 3,4M (N)",54,"24,235.2","1,175.2",435.2,93.54,96,"68,857,602.0",47627,167890,"72,727,844.0","3,219,845.9","1,024,672.1",94.68
43046085,B HORMIGON 18MM 7M A630-420H (N),1/3/2026 9:47:05 AM,1/3/2026 10:55:51 AM,"31,676.0",24,102524188,"PALANQUILLA 130X130MM AZA 1541 3,4M (N)",75,"33,660.0",939.8,"1,044.2",94.11,95.9,"68,857,602.0",47627,167890,"72,727,844.0","3,219,845.9","1,024,672.1",94.68
43046086,B HORMIGON 18MM 6M A630-420H (N),1/3/2026 11:14:11 AM,1/3/2026 2:33:43 PM,"80,445.0",77,102524188,"PALANQUILLA 130X130MM AZA 1541 3,4M (N)",189,"84,823.2","3,596.4",781.8,94.84,96,"68,857,602.0",47627,167890,"72,727,844.0","3,219,845.9","1,024,672.1",94.68
43046087,B HORMIGON 18MM 12M A630-420HS (N),1/3/2026 3:39:51 PM,1/5/2026 6:09:25 AM,"134,976.0",87,119506262,"PALANQUILLA 130X130MM AZA 1629 3,4M (N",320,"143,616.0","5,082.4","3,557.7",93.98,95,"68,857,602.0",47627,167890,"72,727,844.0","3,219,845.9","1,024,672.1",94.68
43046088,B HORMIGON 18MM 11M A630-420HS (N),1/5/2026 6:38:35 AM,1/5/2026 7:40:39 AM,"29,326.0",20,119506262,"PALANQUILLA 130X130MM AZA 1629 3,4M (N",64,"28,723.2",575.9,403.1,102.10,95,"68,857,602.0",47627,167890,"72,727,844.0","3,219,845.9","1,024,672.1",94.68
43046089,B HORMIGON 32MM 12M A630-420H (N),1/5/2026 11:09:43 AM,1/6/2026 12:45:23 AM,"198,647.0",134,102513137,PALANQUILLA 130X130MM AZA 1541 3M (N),541,"214,236.0","9,041.6","6,547.4",92.72,96,"68,857,602.0",47627,167890,"72,727,844.0","3,219,845.9","1,024,672.1",94.68
43046092,SAFEROCK 25MM 12M A420,1/6/2026 2:48:56 AM,1/6/2026 5:38:11 AM,"72,482.0",37,102524193,"PALANQUILLA 130X130MM AZA 1542 3,4M (N)",175,"78,540.0","5,441.0",617.0,92.29,95.3,"68,857,602.0",47627,167890,"72,727,844.0","3,219,845.9","1,024,672.1",94.68
43046094,"SAFEROCK SEMI 25MM 10,5M A280",1/6/2026 6:13:42 AM,1/6/2026 4:07:51 PM,"77,144.0",38,102524194,"PALANQUILLA 130X130MM AZA 1021 3,4M (N)",181,"81,232.8","3,384.1","2,450.5",94.97,95,"68,857,602.0",47627,167890,"72,727,844.0","3,219,845.9","1,024,672.1",94.68
43046091,"SAFEROCK 25MM 11,96M A520",1/6/2026 8:12:16 AM,1/6/2026 10:14:58 AM,"55,630.0",26,102526117,"PALANQUILLA 130X130MM AZA 1644 3,4M (N)",132,"59,241.6","2,094.7","1,516.9",93.90,97,"68,857,602.0",47627,167890,"72,727,844.0","3,219,845.9","1,024,672.1",94.68
43046095,"SAFEROCK 25MM 8,4M A520",1/6/2026 10:49:12 AM,1/6/2026 11:55:12 AM,"33,919.0",17,102526117,"PALANQUILLA 130X130MM AZA 1644 3,4M (N)",82,"36,801.6","1,671.9","1,210.7",92.17,97,"68,857,602.0",47627,167890,"72,727,844.0","3,219,845.9","1,024,672.1",94.68
43046090,SAFEROCK 25MM 12M A520D,1/6/2026 12:49:12 PM,1/6/2026 1:31:03 PM,"23,250.0",12,119507026,"PALANQUILLA 130X130MM AZA 1631 3,4M (N)",55,"24,684.0",831.7,602.3,94.19,97,"68,857,602.0",47627,167890,"72,727,844.0","3,219,845.9","1,024,672.1",94.68
43046096,ANG SEMI 75X75X6MM 12M ASTM A572 T2 (N),1/6/2026 9:32:34 PM,1/6/2026 10:15:48 PM,"21,894.0",11,119505172,"PALANQUILLA 130X130MM AZA 1613 3,4M (N)",57,"25,581.6","3,145.3",542.3,85.58,97,"68,857,602.0",47627,167890,"72,727,844.0","3,219,845.9","1,024,672.1",94.68
43046097,ANGULO SEMI 80X80X8MM A270ES,1/7/2026 12:27:08 AM,1/7/2026 3:23:46 AM,"60,255.0",33,102525180,"PALANQUILLA 130X130MM AZA 1011 3,4M (N)",146,"65,524.8","4,867.2",954.4,91.96,93.4,"68,857,602.0",47627,167890,"72,727,844.0","3,219,845.9","1,024,672.1",94.68
43046098,ANGULO SEMI 80X80X6MM A270ES,1/7/2026 6:58:25 AM,1/7/2026 9:27:42 AM,"28,006.0",16,102525180,"PALANQUILLA 130X130MM AZA 1011 3,4M (N)",80,"35,904.0","6,603.3","1,294.8",78.00,94.9,"68,857,602.0",47627,167890,"72,727,844.0","3,219,845.9","1,024,672.1",94.68
43046237,PLANA 25X3MM 6M A270ES (N),1/7/2026 6:14:57 PM,1/8/2026 1:56:21 AM,"60,365.0",62,102513114,"PALANQUILLA 130X130MM AZA 1011 2,9M (N)",172,"65,841.6","4,578.8",897.8,91.68,96.8,"68,857,602.0",47627,167890,"72,727,844.0","3,219,845.9","1,024,672.1",94.68
43046238,CUADRADO 10MM 6M COMERCIAL (N),1/8/2026 3:54:14 AM,1/8/2026 9:02:44 AM,"78,534.0",75,102513114,"PALANQUILLA 130X130MM AZA 1011 2,9M (N)",220,"84,216.0","5,418.7",785.3,93.25,96.7,"68,857,602.0",47627,167890,"72,727,844.0","3,219,845.9","1,024,672.1",94.68
43046240,PLANA 20X5MM 6M A270ES (N),1/8/2026 10:16:57 AM,1/8/2026 12:48:31 PM,"31,293.0",33,102513114,"PALANQUILLA 130X130MM AZA 1011 2,9M (N)",87,"33,303.6","1,681.0",329.6,93.96,96.7,"68,857,602.0",47627,167890,"72,727,844.0","3,219,845.9","1,024,672.1",94.68
43046241,ANGULO SEMI 20X20X3MM A270ES,1/8/2026 4:54:56 PM,1/9/2026 1:25:28 AM,"102,257.0",52,102513096,"PALANQUILLA 130X130MM AZA 1011 3,2M (N)",252,"106,444.8","3,577.5",777.7,96.07,96.3,"68,857,602.0",47627,167890,"72,727,844.0","3,219,845.9","1,024,672.1",94.68
43046244,PLANA 38X3MM 6M A270ES (N),1/9/2026 7:13:36 AM,1/9/2026 11:48:38 AM,"75,178.0",71,102513096,"PALANQUILLA 130X130MM AZA 1011 3,2M (N)",187,"78,988.8","3,186.1",624.7,95.18,96.6,"68,857,602.0",47627,167890,"72,727,844.0","3,219,845.9","1,024,672.1",94.68
43046245,PLANA 32X5MM 6M A270ES (N),1/9/2026 2:14:55 PM,1/9/2026 3:17:19 PM,"30,541.0",28,102513096,"PALANQUILLA 130X130MM AZA 1011 3,2M (N)",77,"32,524.8","1,623.1",360.7,93.90,96.6,"68,857,602.0",47627,167890,"72,727,844.0","3,219,845.9","1,024,672.1",94.68
43046246,ANGULO SEMI 25X25X5MM A270ES,1/9/2026 6:33:33 PM,1/9/2026 9:16:01 PM,"30,817.0",14,102525180,"PALANQUILLA 130X130MM AZA 1011 3,4M (N)",77,"34,557.6","3,173.8",566.8,89.18,96.1,"68,857,602.0",47627,167890,"72,727,844.0","3,219,845.9","1,024,672.1",94.68
43046272,ANGULO SEMI 25X25X3MM A270ES,1/9/2026 11:02:28 PM,1/10/2026 5:43:07 AM,"128,307.0",65,102526111,"PALANQUILLA 130X130MM AZA 1008 3,4M (N)",300,"134,640.0","4,825.1","1,507.9",95.30,96.3,"68,857,602.0",47627,167890,"72,727,844.0","3,219,845.9","1,024,672.1",94.68
43046248,REDONDO LISO 5/8' 6M SAE 1020 (N),1/10/2026 7:19:36 AM,1/10/2026 8:08:59 AM,"20,226.0",20,102524143,"PALANQUILLA 130X130MM SAE 1020 3,4M (N)",50,"22,440.0","1,796.3",417.7,90.13,95.9,"68,857,602.0",47627,167890,"72,727,844.0","3,219,845.9","1,024,672.1",94.68
43046249,REDONDO LISO 16MM 6M SAE 1020 (N),1/10/2026 8:20:11 AM,1/10/2026 9:20:26 AM,"26,674.0",26,102524143,"PALANQUILLA 130X130MM SAE 1020 3,4M (N)",63,"28,274.4","1,354.2",246.2,94.34,95.8,"68,857,602.0",47627,167890,"72,727,844.0","3,219,845.9","1,024,672.1",94.68
43046250,B HORMIGON 16MM 6M A630-420H (N),1/10/2026 10:39:47 AM,1/12/2026 7:11:41 AM,"169,988.0",165,102524188,"PALANQUILLA 130X130MM AZA 1541 3,4M (N)",396,"177,724.8","4,487.3","3,249.5",95.65,96.5,"68,857,602.0",47627,167890,"72,727,844.0","3,219,845.9","1,024,672.1",94.68
43046273,B HORMIGON 16MM 6M A630-420H (N),1/12/2026 7:23:31 AM,1/12/2026 9:36:41 AM,"56,350.0",54,102526114,"PALANQUILLA 130X130MM SAE 1045 3,4M (N)",132,"59,241.6","1,677.1","1,214.5",95.12,96.5,"68,857,602.0",47627,167890,"72,727,844.0","3,219,845.9","1,024,672.1",94.68
43046301,CUADRADO 14MM 6M COMERCIAL (N),1/12/2026 11:03:01 AM,1/12/2026 12:21:05 PM,"32,676.0",32,102526111,"PALANQUILLA 130X130MM AZA 1008 3,4M (N)",78,"35,006.4",665.8,"1,664.6",93.34,96.6,"68,857,602.0",47627,167890,"72,727,844.0","3,219,845.9","1,024,672.1",94.68
43046317,PLANA 38X5MM 6M A270ES (N),1/12/2026 4:46:47 PM,1/13/2026 12:05:08 AM,"122,391.0",121,102525180,"PALANQUILLA 130X130MM AZA 1011 3,4M (N)",277,"124,317.6","1,972.1",386.7,98.45,96.5,"68,857,602.0",47627,167890,"72,727,844.0","3,219,845.9","1,024,672.1",94.68
43046303,PLANA 38X5MM 6M A270ES (N),1/13/2026 12:19:03 AM,1/13/2026 12:43:21 AM,"13,017.0",13,102526111,"PALANQUILLA 130X130MM AZA 1008 3,4M (N)",32,"14,361.6","1,095.6",249.0,90.64,96.5,"68,857,602.0",47627,167890,"72,727,844.0","3,219,845.9","1,024,672.1",94.68
43046325,ANGULO SEMI 30X30X3MM A270ES,1/13/2026 5:09:48 AM,1/13/2026 7:23:09 PM,"180,909.0",99,102526111,"PALANQUILLA 130X130MM AZA 1008 3,4M (N)",442,"198,369.6","13,664.8","3,795.8",91.20,96,"68,857,602.0",47627,167890,"72,727,844.0","3,219,845.9","1,024,672.1",94.68
43046327,PLANA 50X3 MM 6M A270ES (N),1/13/2026 9:26:51 PM,1/14/2026 8:46:51 AM,"104,709.0",109,102526111,"PALANQUILLA 130X130MM AZA 1008 3,4M (N)",256,"114,892.8","9,192.1","1,392.7",91.14,96.3,"68,857,602.0",47627,167890,"72,727,844.0","3,219,845.9","1,024,672.1",94.68
43046344,ANGULO SEMI 40X40X4MM A270ES,1/14/2026 5:59:01 PM,1/14/2026 9:27:16 PM,"30,247.0",17,102526111,"PALANQUILLA 130X130MM AZA 1008 3,4M (N)",74,"33,211.2","2,508.2",456.0,91.07,95.3,"68,857,602.0",47627,167890,"72,727,844.0","3,219,845.9","1,024,672.1",94.68
43046345,ANGULO SEMI 40X40X3MM A270ES,1/14/2026 11:24:14 PM,1/15/2026 2:45:04 PM,"190,119.0",102,102526111,"PALANQUILLA 130X130MM AZA 1008 3,4M (N)",457,"205,101.6","11,328.3","3,654.3",92.70,95.7,"68,857,602.0",47627,167890,"72,727,844.0","3,219,845.9","1,024,672.1",94.68
43046350,ANGULO SEMI 40X40X3MM 6M A36 (AL),1/15/2026 3:05:46 PM,1/15/2026 3:47:29 PM,"17,970.0",9,102513096,"PALANQUILLA 130X130MM AZA 1011 3,2M (N)",46,"19,430.4","1,221.0",239.4,92.48,97,"68,857,602.0",47627,167890,"72,727,844.0","3,219,845.9","1,024,672.1",94.68
43046333,ANGULO SEMI 50X50X4MM A270ES,1/15/2026 6:48:34 PM,1/15/2026 8:54:30 PM,"43,862.0",22,102526111,"PALANQUILLA 130X130MM AZA 1008 3,4M (N)",107,"48,021.6","3,359.7",799.9,91.34,94.8,"68,857,602.0",47627,167890,"72,727,844.0","3,219,845.9","1,024,672.1",94.68
43046336,ANGULO SEMI 50X50X3MM A270ES,1/15/2026 11:04:08 PM,1/16/2026 1:52:01 PM,"221,125.0",134,102526111,"PALANQUILLA 130X130MM AZA 1008 3,4M (N)",533,"239,210.4","15,034.4","3,341.0",92.44,95.3,"68,857,602.0",47627,167890,"72,727,844.0","3,219,845.9","1,024,672.1",94.68
43046383,B HORMIGON 25MM 12M A630-420H (N),1/16/2026 5:03:57 PM,1/16/2026 7:27:46 PM,"62,928.0",43,102526100,"PALANQUILLA 130X130MM AZA 1541 3,3M (N)",154,"67,082.4","3,719.2",435.2,93.81,95,"68,857,602.0",47627,167890,"72,727,844.0","3,219,845.9","1,024,672.1",94.68
43046385,B HORMIGON 25MM 10M A630-420H (N),1/16/2026 7:51:21 PM,1/17/2026 3:38:02 AM,"182,827.0",121,102526100,"PALANQUILLA 130X130MM AZA 1541 3,3M (N)",440,"191,664.0","5,125.5","3,711.6",95.39,95,"68,857,602.0",47627,167890,"72,727,844.0","3,219,845.9","1,024,672.1",94.68
43046386,B HORMIGON 25MM 10M A630-420H (N),1/17/2026 3:57:51 AM,1/17/2026 4:42:28 AM,"23,015.0",15,102524188,"PALANQUILLA 130X130MM AZA 1541 3,4M (N)",55,"24,684.0",968.0,701.0,93.24,95,"68,857,602.0",47627,167890,"72,727,844.0","3,219,845.9","1,024,672.1",94.68
43046387,B HORMIGON 25MM 9M A630-420H (N),1/17/2026 5:15:12 AM,1/17/2026 7:40:31 AM,"57,330.0",39,102513137,PALANQUILLA 130X130MM AZA 1541 3M (N),154,"60,984.0","3,271.2",382.8,94.01,95,"68,857,602.0",47627,167890,"72,727,844.0","3,219,845.9","1,024,672.1",94.68
43046393,B HORMIGON 25MM 7M A630-420H (N),1/17/2026 8:13:05 AM,1/17/2026 12:12:40 PM,"82,831.0",57,102513121,"PALANQUILLA 130X130MM AZA 1541 3,2M (N)",209,"88,281.6","4,879.6",571.0,93.83,95,"68,857,602.0",47627,167890,"72,727,844.0","3,219,845.9","1,024,672.1",94.68
43046420,B HORMIGON 25MM 8M A630-420H (N),1/19/2026 1:12:13 AM,1/19/2026 2:20:19 AM,"24,872.0",17,102524188,"PALANQUILLA 130X130MM AZA 1541 3,4M (N)",60,"26,928.0","1,840.6",215.4,92.36,95,"68,857,602.0",47627,167890,"72,727,844.0","3,219,845.9","1,024,672.1",94.68
43046421,B HORMIGON 25MM 9M A630-420H (N),1/19/2026 2:51:02 AM,1/19/2026 4:00:11 AM,"33,662.0",21,102524188,"PALANQUILLA 130X130MM AZA 1541 3,4M (N)",81,"36,352.8","2,408.9",281.9,92.60,95,"68,857,602.0",47627,167890,"72,727,844.0","3,219,845.9","1,024,672.1",94.68
43046390,B HORMIGON 25MM 6M A630-420H (N),1/19/2026 4:23:30 AM,1/19/2026 5:42:43 AM,"38,630.0",38,102524188,"PALANQUILLA 130X130MM AZA 1541 3,4M (N)",92,"41,289.6","1,542.6","1,117.0",93.56,95,"68,857,602.0",47627,167890,"72,727,844.0","3,219,845.9","1,024,672.1",94.68
43046394,B HORMIGON 25MM 12M A630-420HS (N),1/19/2026 6:17:36 AM,1/19/2026 7:11:11 AM,"27,516.0",18,119506262,"PALANQUILLA 130X130MM AZA 1629 3,4M (N",66,"29,620.8","1,220.8",884.0,92.89,95,"68,857,602.0",47627,167890,"72,727,844.0","3,219,845.9","1,024,672.1",94.68
43046396,B HORMIGON 25MM 11M A630-420HS (N),1/19/2026 7:34:02 AM,1/19/2026 8:18:13 AM,"24,036.0",16,119506262,"PALANQUILLA 130X130MM AZA 1629 3,4M (N",56,"25,132.8",981.9,114.9,95.64,95,"68,857,602.0",47627,167890,"72,727,844.0","3,219,845.9","1,024,672.1",94.68
43046398,B HORMIGON 25MM 9M A630-420HS (N),1/19/2026 8:38:04 AM,1/19/2026 10:06:29 AM,"40,747.0",26,119506262,"PALANQUILLA 130X130MM AZA 1629 3,4M (N",97,"43,533.6","1,616.2","1,170.4",93.60,95,"68,857,602.0",47627,167890,"72,727,844.0","3,219,845.9","1,024,672.1",94.68
43046400,PLANA 50X6MM 6M A270ES (N),1/19/2026 12:26:16 PM,1/19/2026 3:51:14 PM,"72,553.0",70,102525180,"PALANQUILLA 130X130MM AZA 1011 3,4M (N)",172,"77,193.6","4,308.6",606.8,93.99,96,"68,857,602.0",47627,167890,"72,727,844.0","3,219,845.9","1,024,672.1",94.68
43046424,PLANA 75X12MM 6M A270ES,1/19/2026 6:45:39 PM,1/19/2026 9:44:54 PM,"25,145.0",27,102525180,"PALANQUILLA 130X130MM AZA 1011 3,4M (N)",73,"32,762.4","6,368.7","1,248.8",76.75,94.5,"68,857,602.0",47627,167890,"72,727,844.0","3,219,845.9","1,024,672.1",94.68
43046425,PLANA 75X10MM 6M A270ES (N),1/19/2026 10:50:57 PM,1/20/2026 1:33:51 AM,"73,055.0",68,102525180,"PALANQUILLA 130X130MM AZA 1011 3,4M (N)",174,"78,091.2","4,210.6",825.6,93.55,94.7,"68,857,602.0",47627,167890,"72,727,844.0","3,219,845.9","1,024,672.1",94.68
43046426,PLANA 75X8MM 6M A270ES (N),1/20/2026 2:28:15 AM,1/20/2026 4:38:38 AM,"60,035.0",64,102525180,"PALANQUILLA 130X130MM AZA 1011 3,4M (N)",143,"64,178.4","3,464.2",679.3,93.54,95.1,"68,857,602.0",47627,167890,"72,727,844.0","3,219,845.9","1,024,672.1",94.68
43046427,PLANA 75X6MM 6M A270ES (N),1/20/2026 6:26:30 AM,1/20/2026 8:23:08 AM,"30,556.0",32,102525180,"PALANQUILLA 130X130MM AZA 1011 3,4M (N)",67,"30,069.6",0.0,0.0,101.62,95.4,"68,857,602.0",47627,167890,"72,727,844.0","3,219,845.9","1,024,672.1",94.68
43046428,PLANA 75X5MM 6M A270ES (N),1/20/2026 9:22:02 AM,1/20/2026 11:22:30 AM,"44,066.0",42,102525180,"PALANQUILLA 130X130MM AZA 1011 3,4M (N)",112,"50,265.6","5,183.3","1,016.3",87.67,95.6,"68,857,602.0",47627,167890,"72,727,844.0","3,219,845.9","1,024,672.1",94.68
43046434,ANGULO SEMI 65X65X10MM A270ES,1/20/2026 2:17:28 PM,1/20/2026 3:39:09 PM,"31,232.0",14,102525180,"PALANQUILLA 130X130MM AZA 1011 3,4M (N)",75,"33,660.0","2,231.6",196.4,92.79,94.7,"68,857,602.0",47627,167890,"72,727,844.0","3,219,845.9","1,024,672.1",94.68
43046435,ANGULO SEMI 65X65X6MM A270ES,1/20/2026 5:31:21 PM,1/20/2026 8:43:59 PM,"70,432.0",33,102525180,"PALANQUILLA 130X130MM AZA 1011 3,4M (N)",168,"75,398.4","4,187.9",973.9,93.41,95.1,"68,857,602.0",47627,167890,"72,727,844.0","3,219,845.9","1,024,672.1",94.68
43046436,ANGULO SEMI 65X65X6MM A270ES,1/20/2026 9:12:55 PM,1/20/2026 10:06:43 PM,"26,112.0",12,102525180,"PALANQUILLA 130X130MM AZA 1011 3,4M (N)",61,"27,376.8","1,026.2",238.6,95.38,95.1,"68,857,602.0",47627,167890,"72,727,844.0","3,219,845.9","1,024,672.1",94.68
43046438,ANGULO SEMI 65X65X5MM A270ES,1/20/2026 11:19:09 PM,1/21/2026 7:58:29 AM,"137,217.0",82,102525180,"PALANQUILLA 130X130MM AZA 1011 3,4M (N)",328,"147,206.4","8,296.3","1,693.1",93.21,95.1,"68,857,602.0",47627,167890,"72,727,844.0","3,219,845.9","1,024,672.1",94.68
43046437,ANG SEMI 65X65X5MM 12M ASTM A572 T2 (N),1/21/2026 1:53:49 AM,1/21/2026 2:45:15 AM,"23,239.0",14,119505172,"PALANQUILLA 130X130MM AZA 1613 3,4M (N)",56,"25,132.8","1,615.3",278.5,92.46,97,"68,857,602.0",47627,167890,"72,727,844.0","3,219,845.9","1,024,672.1",94.68
43046443,"SAFEROCK SEMI 22MM 10,8M A280",1/21/2026 5:57:21 PM,1/21/2026 7:07:16 PM,"27,349.0",14,102524194,"PALANQUILLA 130X130MM AZA 1021 3,4M (N)",66,"29,620.8","2,013.6",258.2,92.33,96,"68,857,602.0",47627,167890,"72,727,844.0","3,219,845.9","1,024,672.1",94.68
43046481,SAFEROCK 22MM 12M A280,1/21/2026 8:03:57 PM,1/22/2026 3:42:54 AM,"163,929.0",82,119502731,"PALANQUILLA 130X130MM AZA 1021 3,2M (N)",417,"176,140.8","7,082.9","5,129.0",93.07,95.9,"68,857,602.0",47627,167890,"72,727,844.0","3,219,845.9","1,024,672.1",94.68
43046439,SAFEROCK 22MM 6M A280,1/22/2026 4:05:31 AM,1/22/2026 4:50:55 AM,"23,202.0",24,119502731,"PALANQUILLA 130X130MM AZA 1021 3,2M (N)",46,"19,430.4",0.0,0.0,119.41,95.9,"68,857,602.0",47627,167890,"72,727,844.0","3,219,845.9","1,024,672.1",94.68
43046442,SAFEROCK SEMI 22MM 12M A280,1/22/2026 5:14:44 AM,1/22/2026 7:32:05 AM,"52,097.0",27,119502731,"PALANQUILLA 130X130MM AZA 1021 3,2M (N)",130,"54,912.0","2,388.5",426.5,94.87,95.9,"68,857,602.0",47627,167890,"72,727,844.0","3,219,845.9","1,024,672.1",94.68
43046487,SAFEROCK 22MM 10.5M A280,1/22/2026 8:24:56 AM,1/22/2026 8:49:51 AM,"23,187.0",13,119502731,"PALANQUILLA 130X130MM AZA 1021 3,2M (N)",38,"16,051.2",0.0,0.0,144.46,97,"68,857,602.0",47627,167890,"72,727,844.0","3,219,845.9","1,024,672.1",94.68
43046489,"SAFEROCK SEMI 22MM 10,5M A280",1/22/2026 9:29:21 AM,1/22/2026 11:42:12 AM,"49,093.0",24,119502731,"PALANQUILLA 130X130MM AZA 1021 3,2M (N)",114,"48,153.6",0.0,0.0,101.95,95.8,"68,857,602.0",47627,167890,"72,727,844.0","3,219,845.9","1,024,672.1",94.68
43046446,SAFEROCK SEMI 22MM 10M A280,1/22/2026 12:06:07 PM,1/22/2026 1:46:10 PM,"46,669.0",23,102524194,"PALANQUILLA 130X130MM AZA 1021 3,4M (N)",110,"49,368.0","2,361.6",337.4,94.53,95.3,"68,857,602.0",47627,167890,"72,727,844.0","3,219,845.9","1,024,672.1",94.68
43046447,"SAFEROCK SEMI 22MM 9,6M A280",1/22/2026 2:06:56 PM,1/22/2026 9:02:03 PM,"135,071.0",66,102524194,"PALANQUILLA 130X130MM AZA 1021 3,4M (N)",317,"142,269.6","4,175.2","3,023.4",94.94,95.7,"68,857,602.0",47627,167890,"72,727,844.0","3,219,845.9","1,024,672.1",94.68
43046433,"SAFEROCK SEMI 22MM 10,5M A280D",1/23/2026 12:39:06 AM,1/23/2026 8:08:57 AM,"144,360.0",72,119505172,"PALANQUILLA 130X130MM AZA 1613 3,4M (N)",369,"165,607.2","18,254.6","2,992.6",87.17,97,"68,857,602.0",47627,167890,"72,727,844.0","3,219,845.9","1,024,672.1",94.68
43046449,"SAFEROCK 19MM 11,96M A520",1/23/2026 2:14:14 PM,1/23/2026 3:51:43 PM,"28,084.0",14,102526117,"PALANQUILLA 130X130MM AZA 1644 3,4M (N)",69,"30,967.2","1,672.3","1,210.9",90.69,97,"68,857,602.0",47627,167890,"72,727,844.0","3,219,845.9","1,024,672.1",94.68
43046476,B HORMIGON 18MM 12M A630-420H (N),1/23/2026 5:04:31 PM,1/26/2026 6:35:13 AM,"566,071.0",353,102524188,"PALANQUILLA 130X130MM AZA 1541 3,4M (N)",1324,"594,211.2","23,115.2","5,025.0",95.26,96,"68,857,602.0",47627,167890,"72,727,844.0","3,219,845.9","1,024,672.1",94.68
43046477,B HORMIGON 18MM 10M A630-420H (N),1/26/2026 6:57:12 AM,1/26/2026 7:14:03 AM,"11,966.0",8,102524188,"PALANQUILLA 130X130MM AZA 1541 3,4M (N)",28,"12,566.4",406.7,193.7,95.22,96,"68,857,602.0",47627,167890,"72,727,844.0","3,219,845.9","1,024,672.1",94.68
43046402,PLANA 100X12MM 6M A270ES (N),1/26/2026 5:35:21 PM,1/26/2026 6:47:28 PM,"30,960.0",30,102525180,"PALANQUILLA 130X130MM AZA 1011 3,4M (N)",74,"33,211.2","1,882.2",369.1,93.22,95.1,"68,857,602.0",47627,167890,"72,727,844.0","3,219,845.9","1,024,672.1",94.68
43046527,PLANA 100X10MM 6M A270ES (N),1/26/2026 7:22:38 PM,1/26/2026 10:55:54 PM,"70,530.0",68,102525180,"PALANQUILLA 130X130MM AZA 1011 3,4M (N)",168,"75,398.4","4,288.8",579.6,93.54,95.5,"68,857,602.0",47627,167890,"72,727,844.0","3,219,845.9","1,024,672.1",94.68
43046404,PLANA 100X8MM 6M A270ES (N),1/27/2026 12:42:36 AM,1/27/2026 1:53:22 AM,"26,018.0",23,102525180,"PALANQUILLA 130X130MM AZA 1011 3,4M (N)",65,"29,172.0","2,721.9",432.1,89.19,95.2,"68,857,602.0",47627,167890,"72,727,844.0","3,219,845.9","1,024,672.1",94.68
43046528,PLANA 100X8MM 6M A270ES (N),1/27/2026 2:04:05 AM,1/27/2026 2:08:32 AM,"5,192.0",5,102513096,"PALANQUILLA 130X130MM AZA 1011 3,2M (N)",10,"4,224.0",0.0,0.0,122.92,95.2,"68,857,602.0",47627,167890,"72,727,844.0","3,219,845.9","1,024,672.1",94.68
43046529,PLANA 100X5MM 6M A270ES (N),1/27/2026 4:23:36 AM,1/27/2026 6:50:02 AM,"53,597.0",56,102513096,"PALANQUILLA 130X130MM AZA 1011 3,2M (N)",132,"55,756.8","1,805.7",354.1,96.13,96,"68,857,602.0",47627,167890,"72,727,844.0","3,219,845.9","1,024,672.1",94.68
43046530,PLANA 100X5MM 6M A270ES (N),1/27/2026 7:10:24 AM,1/27/2026 9:37:38 AM,"56,034.0",54,102525180,"PALANQUILLA 130X130MM AZA 1011 3,4M (N)",131,"58,792.8","2,306.5",452.3,95.31,96,"68,857,602.0",47627,167890,"72,727,844.0","3,219,845.9","1,024,672.1",94.68
43046507,SAFEROCK SEMI 25MM 12M A420,1/27/2026 2:16:22 PM,1/28/2026 1:45:18 AM,"121,314.0",58,102524193,"PALANQUILLA 130X130MM AZA 1542 3,4M (N)",285,"127,908.0","5,372.9","1,221.1",94.84,95.3,"68,857,602.0",47627,167890,"72,727,844.0","3,219,845.9","1,024,672.1",94.68
43046536,SAFEROCK 25MM 12M A420,1/27/2026 5:07:31 PM,1/28/2026 6:10:22 AM,"147,042.0",74,102524193,"PALANQUILLA 130X130MM AZA 1542 3,4M (N)",347,"155,733.6","7,806.4",885.3,94.42,95.3,"68,857,602.0",47627,167890,"72,727,844.0","3,219,845.9","1,024,672.1",94.68
43046508,"SAFEROCK SEMI 25MM 11,6M A420",1/27/2026 9:25:39 PM,1/27/2026 10:49:50 PM,"31,491.0",16,102524193,"PALANQUILLA 130X130MM AZA 1542 3,4M (N)",77,"34,557.6","1,778.6","1,288.0",91.13,95.4,"68,857,602.0",47627,167890,"72,727,844.0","3,219,845.9","1,024,672.1",94.68
43046509,"SAFEROCK SEMI 25MM 10,8M A420",1/28/2026 6:30:56 AM,1/28/2026 8:08:06 AM,"45,275.0",23,102524193,"PALANQUILLA 130X130MM AZA 1542 3,4M (N)",106,"47,572.8","1,332.7",965.1,95.17,95.3,"68,857,602.0",47627,167890,"72,727,844.0","3,219,845.9","1,024,672.1",94.68
43046510,SAFEROCK SEMI 25MM 10M A420,1/28/2026 8:28:49 AM,1/28/2026 10:53:17 AM,"58,065.0",28,102524193,"PALANQUILLA 130X130MM AZA 1542 3,4M (N)",141,"63,280.8","4,538.4",677.4,91.76,95.4,"68,857,602.0",47627,167890,"72,727,844.0","3,219,845.9","1,024,672.1",94.68
43046511,SAFEROCK 25MM 10M A420,1/28/2026 11:14:32 AM,1/28/2026 1:45:19 PM,"64,700.0",32,102524193,"PALANQUILLA 130X130MM AZA 1542 3,4M (N)",154,"69,115.2","2,560.8","1,854.4",93.61,95.4,"68,857,602.0",47627,167890,"72,727,844.0","3,219,845.9","1,024,672.1",94.68
43046512,SAFEROCK 25MM 12M A520D,1/28/2026 2:14:03 PM,1/28/2026 3:14:52 PM,"28,034.0",14,119507026,"PALANQUILLA 130X130MM AZA 1631 3,4M (N)",66,"29,620.8",920.3,666.5,94.64,97,"68,857,602.0",47627,167890,"72,727,844.0","3,219,845.9","1,024,672.1",94.68
43046505,REDONDO LISO 1' 6M A615 GR60(P),1/28/2026 4:26:50 PM,1/28/2026 6:24:43 PM,"55,030.0",54,119502582,"PALANQUILLA 130X130MM AZA 1050 3,4M (N) ",132,"59,241.6","3,733.0",478.6,92.89,97,"68,857,602.0",47627,167890,"72,727,844.0","3,219,845.9","1,024,672.1",94.68
43046513,REDONDO LISO 1' 6M SAE 1020 (N),1/28/2026 6:43:55 PM,1/28/2026 11:48:31 PM,"129,938.0",129,102524143,"PALANQUILLA 130X130MM SAE 1020 3,4M (N)",308,"138,230.4","6,886.9","1,405.5",94.00,94.7,"68,857,602.0",47627,167890,"72,727,844.0","3,219,845.9","1,024,672.1",94.68
43046514,REDONDO LISO 1' 6M SAE 1045 (N),1/29/2026 12:08:39 AM,1/29/2026 1:47:25 AM,"47,334.0",46,102526114,"PALANQUILLA 130X130MM SAE 1045 3,4M (N)",111,"49,816.8","2,117.7",365.1,95.02,94.7,"68,857,602.0",47627,167890,"72,727,844.0","3,219,845.9","1,024,672.1",94.68
43046515,PLANA 50X8MM 6M A270ES (N),1/29/2026 3:44:59 AM,1/29/2026 5:26:37 AM,"45,826.0",44,102525180,"PALANQUILLA 130X130MM AZA 1011 3,4M (N)",109,"48,919.2","2,559.9",533.3,93.68,95.7,"68,857,602.0",47627,167890,"72,727,844.0","3,219,845.9","1,024,672.1",94.68
43046516,PLANA 50X5MM 6M A270ES (N),1/29/2026 6:54:37 AM,1/29/2026 11:29:56 AM,"98,031.0",97,102525180,"PALANQUILLA 130X130MM AZA 1011 3,4M (N)",236,"105,916.8","15,070.6","2,955.0",92.55,96,"68,857,602.0",47627,167890,"72,727,844.0","3,219,845.9","1,024,672.1",94.68
43046544,ANGULO SEMI 30X30X5MM A270ES,1/29/2026 3:36:29 PM,1/29/2026 4:46:51 PM,"30,890.0",16,102525180,"PALANQUILLA 130X130MM AZA 1011 3,4M (N)",74,"33,211.2","1,940.7",380.5,93.01,95.8,"68,857,602.0",47627,167890,"72,727,844.0","3,219,845.9","1,024,672.1",94.68
43046547,ANGULO SEMI 30X30X3MM A270ES,1/29/2026 5:40:46 PM,1/30/2026 5:49:49 AM,"197,450.0",107,102526111,"PALANQUILLA 130X130MM AZA 1008 3,4M (N)",480,"215,424.0","14,066.6","3,907.4",91.66,96,"68,857,602.0",47627,167890,"72,727,844.0","3,219,845.9","1,024,672.1",94.68
43046548,CUADRADO 18MM 6M COMERCIAL (N),1/30/2026 7:13:57 AM,1/30/2026 8:24:45 AM,"32,559.0",33,102526111,"PALANQUILLA 130X130MM AZA 1008 3,4M (N)",77,"34,557.6","1,229.9",768.7,94.22,95.4,"68,857,602.0",47627,167890,"72,727,844.0","3,219,845.9","1,024,672.1",94.68
43046550,REDONDO LISO 18MM 6M SAE 1020 (N),1/30/2026 10:04:47 AM,1/30/2026 11:14:38 AM,"31,973.0",31,102524143,"PALANQUILLA 130X130MM SAE 1020 3,4M (N)",76,"34,108.8","1,802.1",333.7,93.74,95.3,"68,857,602.0",47627,167890,"72,727,844.0","3,219,845.9","1,024,672.1",94.68
43046479,B HORMIGON 18MM 7M A630-420H (N),1/30/2026 11:56:35 AM,1/30/2026 12:45:32 PM,"23,719.0",18,102524188,"PALANQUILLA 130X130MM AZA 1541 3,4M (N)",56,"25,132.8",669.7,744.1,94.37,95.9,"68,857,602.0",47627,167890,"72,727,844.0","3,219,845.9","1,024,672.1",94.68
43046561,B HORMIGON 18MM 8M A630-420H (N),1/30/2026 1:04:31 PM,1/30/2026 3:22:49 PM,"59,215.0",41,102526100,"PALANQUILLA 130X130MM AZA 1541 3,3M (N)",143,"62,290.8","1,794.2","1,281.6",95.06,96,"68,857,602.0",47627,167890,"72,727,844.0","3,219,845.9","1,024,672.1",94.68
43046562,B HORMIGON 18MM 9M A630-420H (N),1/30/2026 3:42:55 PM,1/30/2026 6:01:55 PM,"59,730.0",40,102526100,"PALANQUILLA 130X130MM AZA 1541 3,3M (N)",146,"63,597.6","2,822.3","1,045.3",93.92,95.9,"68,857,602.0",47627,167890,"72,727,844.0","3,219,845.9","1,024,672.1",94.68
43046563,B HORMIGON 18MM 9M A630-420H (N),1/30/2026 6:28:18 PM,1/30/2026 6:40:24 PM,"9,069.0",6,102524188,"PALANQUILLA 130X130MM AZA 1541 3,4M (N)",22,"9,873.6",587.1,217.5,91.85,95.9,"68,857,602.0",47627,167890,"72,727,844.0","3,219,845.9","1,024,672.1",94.68
43046564,B HORMIGON 18MM 12M A630-420H (N),1/30/2026 7:02:50 PM,1/30/2026 11:28:21 PM,"108,299.0",67,102524188,"PALANQUILLA 130X130MM AZA 1541 3,4M (N)",253,"113,546.4","4,310.4",937.0,95.38,96,"68,857,602.0",47627,167890,"72,727,844.0","3,219,845.9","1,024,672.1",94.68
43046565,B HORMIGON 18MM 11M A630-420H (N),1/30/2026 11:52:43 PM,1/31/2026 5:33:45 AM,"131,364.0",86,102524188,"PALANQUILLA 130X130MM AZA 1541 3,4M (N)",308,"138,230.4","5,570.9","1,295.6",95.03,96,"68,857,602.0",47627,167890,"72,727,844.0","3,219,845.9","1,024,672.1",94.68
43046566,B HORMIGON 18MM 10M A630-420H (N),1/31/2026 5:50:31 AM,1/31/2026 10:11:11 AM,"89,449.0",57,102524188,"PALANQUILLA 130X130MM AZA 1541 3,4M (N)",210,"94,248.0","3,250.9","1,548.1",94.91,96,"68,857,602.0",47627,167890,"72,727,844.0","3,219,845.9","1,024,672.1",94.68
43046657,B HORMIGON 18MM 6M A630-420H (N),1/31/2026 10:33:03 AM,1/31/2026 1:01:51 PM,"62,733.0",60,102524188,"PALANQUILLA 130X130MM AZA 1541 3,4M (N)",149,"66,871.2","3,399.2",739.0,93.81,96,"68,857,602.0",47627,167890,"72,727,844.0","3,219,845.9","1,024,672.1",94.68
43046638,B HORMIGON 18MM 6M A630-420H (N),2/2/2026 1:05:29 AM,2/2/2026 2:55:21 AM,"48,334.0",47,102524188,"PALANQUILLA 130X130MM AZA 1541 3,4M (N)",113,"50,714.4","1,955.3",425.1,95.31,96,"68,857,602.0",47627,167890,"72,727,844.0","3,219,845.9","1,024,672.1",94.68
43046639,B HORMIGON 22MM 12M A630-420H (N),2/2/2026 4:16:39 AM,2/2/2026 6:25:01 PM,"284,576.0",185,102513132,"PALANQUILLA 130X130MM AZA 1541 3,1M (N)",739,"302,398.8","14,852.3","2,970.5",94.11,97.4,"68,857,602.0",47627,167890,"72,727,844.0","3,219,845.9","1,024,672.1",94.68
43046672,B HORMIGON 22MM 12M A630-420H (N),2/2/2026 6:48:48 PM,2/2/2026 6:55:17 PM,"8,559.0",5,102513121,"PALANQUILLA 130X130MM AZA 1541 3,2M (N)",22,"9,292.8",611.5,122.3,92.10,97.4,"68,857,602.0",47627,167890,"72,727,844.0","3,219,845.9","1,024,672.1",94.68
43046674,B HORMIGON 22MM 10M A630-420H (N),2/2/2026 7:38:46 PM,2/2/2026 8:48:32 PM,"33,638.0",22,102524188,"PALANQUILLA 130X130MM AZA 1541 3,4M (N)",80,"35,904.0","1,971.7",294.3,93.69,97.4,"68,857,602.0",47627,167890,"72,727,844.0","3,219,845.9","1,024,672.1",94.68
43046675,B HORMIGON 22MM 7M A630-420H (N),2/2/2026 9:10:52 PM,2/3/2026 1:18:19 AM,"99,872.0",70,102524188,"PALANQUILLA 130X130MM AZA 1541 3,4M (N)",236,"105,916.8","5,411.5",633.3,94.29,97.4,"68,857,602.0",47627,167890,"72,727,844.0","3,219,845.9","1,024,672.1",94.68
43046673,B HORMIGON 22MM 6M A630-420H (N),2/3/2026 1:38:31 AM,2/3/2026 3:52:17 AM,"57,385.0",53,102513121,"PALANQUILLA 130X130MM AZA 1541 3,2M (N)",143,"60,403.2","2,075.0",943.2,95.00,97.4,"68,857,602.0",47627,167890,"72,727,844.0","3,219,845.9","1,024,672.1",94.68
43046643,PLANA 50X12MM 6M A270ES,2/3/2026 6:13:51 AM,2/3/2026 7:33:58 AM,"37,866.0",36,102525180,"PALANQUILLA 130X130MM AZA 1011 3,4M (N)",90,"40,392.0","2,198.0",328.1,93.75,95.1,"68,857,602.0",47627,167890,"72,727,844.0","3,219,845.9","1,024,672.1",94.68
43046644,PLANA 50X10MM 6M A270ES (N),2/3/2026 8:54:19 AM,2/3/2026 12:35:55 PM,"92,160.0",90,102525180,"PALANQUILLA 130X130MM AZA 1011 3,4M (N)",218,"97,838.4","4,843.3",835.1,94.20,95.4,"68,857,602.0",47627,167890,"72,727,844.0","3,219,845.9","1,024,672.1",94.68
43046645,PLANA 63X12MM 6M A270ES,2/3/2026 2:37:42 PM,2/3/2026 5:25:17 PM,"49,230.0",49,102525180,"PALANQUILLA 130X130MM AZA 1011 3,4M (N)",120,"53,856.0","4,139.1",487.0,91.41,94.8,"68,857,602.0",47627,167890,"72,727,844.0","3,219,845.9","1,024,672.1",94.68
43046646,PLANA 63X10MM 6M A270 (N),2/3/2026 6:04:36 PM,2/3/2026 8:07:34 PM,"49,943.0",54,102525180,"PALANQUILLA 130X130MM AZA 1011 3,4M (N)",119,"53,407.2","2,896.3",567.9,93.51,95.2,"68,857,602.0",47627,167890,"72,727,844.0","3,219,845.9","1,024,672.1",94.68
43046647,PLANA 63X6MM 6M A270ES (N),2/3/2026 9:41:12 PM,2/3/2026 11:13:42 PM,"39,904.0",37,102525180,"PALANQUILLA 130X130MM AZA 1011 3,4M (N)",94,"42,187.2","1,908.9",374.3,94.59,95.7,"68,857,602.0",47627,167890,"72,727,844.0","3,219,845.9","1,024,672.1",94.68
43046648,PLANA 63X5MM 6M A270ES (N),2/4/2026 12:33:22 AM,2/4/2026 7:44:34 AM,"142,247.0",136,102525180,"PALANQUILLA 130X130MM AZA 1011 3,4M (N)",338,"151,694.4","7,898.7","1,548.8",93.77,95.8,"68,857,602.0",47627,167890,"72,727,844.0","3,219,845.9","1,024,672.1",94.68
43046725,PLANA 63X5MM 6M A270ES (N),2/4/2026 8:06:22 AM,2/4/2026 8:11:14 AM,"6,432.0",6,102513096,"PALANQUILLA 130X130MM AZA 1011 3,2M (N)",16,"6,758.4",272.9,53.5,95.17,95.8,"68,857,602.0",47627,167890,"72,727,844.0","3,219,845.9","1,024,672.1",94.68
43046712,ANGULO SEMI 40X40X5MM A270ES,2/4/2026 5:46:52 PM,2/4/2026 10:37:07 PM,"89,909.0",45,102525180,"PALANQUILLA 130X130MM AZA 1011 3,4M (N)",215,"96,492.0","5,503.8","1,079.2",93.18,95.4,"68,857,602.0",47627,167890,"72,727,844.0","3,219,845.9","1,024,672.1",94.68
43046713,ANGULO SEMI 40X40X4MM A270ES,2/4/2026 11:40:25 PM,2/5/2026 2:15:55 AM,"60,188.0",30,102525180,"PALANQUILLA 130X130MM AZA 1011 3,4M (N)",143,"64,178.4","3,336.2",654.2,93.78,95.3,"68,857,602.0",47627,167890,"72,727,844.0","3,219,845.9","1,024,672.1",94.68
43046714,ANGULO SEMI 40X40X3MM A270ES,2/5/2026 3:52:51 AM,2/5/2026 12:42:23 PM,"145,922.0",81,102525180,"PALANQUILLA 130X130MM AZA 1011 3,4M (N)",346,"155,284.8","7,079.2","2,283.6",93.97,95.7,"68,857,602.0",47627,167890,"72,727,844.0","3,219,845.9","1,024,672.1",94.68
43046728,ANGULO SEMI 40X40X3MM A270ES,2/5/2026 12:58:20 PM,2/5/2026 1:16:31 PM,"11,807.0",7,102526111,"PALANQUILLA 130X130MM AZA 1008 3,4M (N)",28,"12,566.4",574.2,185.2,93.96,95.7,"68,857,602.0",47627,167890,"72,727,844.0","3,219,845.9","1,024,672.1",94.68
43046740,B HORMIGON 25MM 11M A630-420H (N),2/5/2026 3:20:10 PM,2/5/2026 8:32:17 PM,"127,587.0",84,102526100,"PALANQUILLA 130X130MM AZA 1541 3,3M (N)",307,"133,729.2","3,562.5","2,579.7",95.41,95,"68,857,602.0",47627,167890,"72,727,844.0","3,219,845.9","1,024,672.1",94.68
43046741,B HORMIGON 25MM 7M A630-420H (N),2/5/2026 11:12:00 PM,2/6/2026 3:38:10 AM,"102,039.0",66,102524188,"PALANQUILLA 130X130MM AZA 1541 3,4M (N)",242,"108,609.6","5,882.3",688.4,93.95,95,"68,857,602.0",47627,167890,"72,727,844.0","3,219,845.9","1,024,672.1",94.68
43046742,B HORMIGON 25MM 6M A630-420H (N),2/6/2026 4:01:42 AM,2/6/2026 8:08:20 AM,"104,598.0",107,102526100,"PALANQUILLA 130X130MM AZA 1541 3,3M (N)",253,"110,206.8","3,253.1","2,355.7",94.91,95,"68,857,602.0",47627,167890,"72,727,844.0","3,219,845.9","1,024,672.1",94.68
43046746,PLANA 38X10MM 6M A270ES (N),2/6/2026 11:33:58 AM,2/6/2026 2:16:18 PM,"45,411.0",42,102525180,"PALANQUILLA 130X130MM AZA 1011 3,4M (N)",108,"48,470.4","2,656.9",402.6,93.69,95.8,"68,857,602.0",47627,167890,"72,727,844.0","3,219,845.9","1,024,672.1",94.68
43046748,PLANA 38X8MM 6M A270ES (N),2/6/2026 3:36:13 PM,2/6/2026 5:09:47 PM,"45,506.0",43,102525180,"PALANQUILLA 130X130MM AZA 1011 3,4M (N)",106,"47,572.8","1,728.0",338.8,95.66,96,"68,857,602.0",47627,167890,"72,727,844.0","3,219,845.9","1,024,672.1",94.68
43046788,PLANA 50X3 MM 6M A270ES (N),2/6/2026 7:05:43 PM,2/7/2026 12:17:30 AM,"74,933.0",75,102525180,"PALANQUILLA 130X130MM AZA 1011 3,4M (N)",180,"80,784.0","4,891.8",959.2,92.76,96.3,"68,857,602.0",47627,167890,"72,727,844.0","3,219,845.9","1,024,672.1",94.68
43046820,PLANA 50X3 MM 6M A270ES (N),2/7/2026 1:20:20 AM,2/7/2026 4:54:03 AM,"59,887.0",58,102524390,"PALANQUILLA 130X130MM AZA 1008 3,2M (N) ",154,"65,049.6","4,483.3",679.3,92.06,96.3,"68,857,602.0",47627,167890,"72,727,844.0","3,219,845.9","1,024,672.1",94.68
43046819,CUADRADO 16MM 6M COMERCIAL (N),2/7/2026 7:14:29 AM,2/7/2026 8:25:48 AM,"30,824.0",32,102524390,"PALANQUILLA 130X130MM AZA 1008 3,2M (N) ",80,"33,792.0","2,473.3",494.7,91.22,95.5,"68,857,602.0",47627,167890,"72,727,844.0","3,219,845.9","1,024,672.1",94.68
43046751,"SAFEROCK SEMI 22MM 10,5M A280D",2/7/2026 9:55:51 AM,2/9/2026 2:35:49 AM,"104,035.0",52,119505172,"PALANQUILLA 130X130MM AZA 1613 3,4M (N)",260,"116,688.0","10,870.9","1,782.1",89.16,97,"68,857,602.0",47627,167890,"72,727,844.0","3,219,845.9","1,024,672.1",94.68
43046752,SAFEROCK SEMI 22MM 12M A280D,2/9/2026 2:48:29 AM,2/9/2026 7:20:51 AM,"63,041.0",36,119505172,"PALANQUILLA 130X130MM AZA 1613 3,4M (N)",149,"66,871.2","3,290.7",539.5,94.27,97,"68,857,602.0",47627,167890,"72,727,844.0","3,219,845.9","1,024,672.1",94.68
43046753,SAFEROCK 22MM 12M A280,2/9/2026 7:48:53 AM,2/9/2026 10:55:55 AM,"61,787.0",31,119502731,"PALANQUILLA 130X130MM AZA 1021 3,2M (N)",156,"65,894.4","2,382.3","1,725.1",93.77,95.9,"68,857,602.0",47627,167890,"72,727,844.0","3,219,845.9","1,024,672.1",94.68
43046809,SAFEROCK SEMI 22MM 12M A280,2/9/2026 11:12:44 AM,2/9/2026 5:47:25 PM,"138,716.0",71,119502731,"PALANQUILLA 130X130MM AZA 1021 3,2M (N)",349,"147,417.6","7,383.2","1,318.4",94.10,95.9,"68,857,602.0",47627,167890,"72,727,844.0","3,219,845.9","1,024,672.1",94.68
43046810,"SAFEROCK SEMI 22MM 10,5M A280",2/9/2026 6:12:08 PM,2/10/2026 12:43:53 AM,"48,459.0",23,119502731,"PALANQUILLA 130X130MM AZA 1021 3,2M (N)",121,"51,110.4","2,278.0",373.4,94.81,95.8,"68,857,602.0",47627,167890,"72,727,844.0","3,219,845.9","1,024,672.1",94.68
43046811,SAFEROCK SEMI 22MM 10M A280,2/10/2026 1:10:31 AM,2/10/2026 5:44:24 AM,"108,935.0",56,102524194,"PALANQUILLA 130X130MM AZA 1021 3,4M (N)",261,"117,136.8","7,176.6","1,025.2",93.00,95.3,"68,857,602.0",47627,167890,"72,727,844.0","3,219,845.9","1,024,672.1",94.68
43046812,B HORMIGON 18MM 12M A630-420H (N),2/10/2026 7:35:11 AM,2/11/2026 2:31:57 AM,"424,648.0",273,102524188,"PALANQUILLA 130X130MM AZA 1541 3,4M (N)",1002,"449,697.6","20,576.5","4,473.1",94.43,96,"68,857,602.0",47627,167890,"72,727,844.0","3,219,845.9","1,024,672.1",94.68
43046815,B HORMIGON 18MM 9M A630-420H (N),2/11/2026 2:50:53 AM,2/11/2026 3:30:13 AM,"21,291.0",14,102524188,"PALANQUILLA 130X130MM AZA 1541 3,4M (N)",50,"22,440.0",838.5,310.5,94.88,95.9,"68,857,602.0",47627,167890,"72,727,844.0","3,219,845.9","1,024,672.1",94.68
43046816,B HORMIGON 18MM 8M A630-420H (N),2/11/2026 3:53:13 AM,2/11/2026 4:35:13 AM,"23,692.0",17,102524188,"PALANQUILLA 130X130MM AZA 1541 3,4M (N)",56,"25,132.8","1,051.4",389.4,94.27,96,"68,857,602.0",47627,167890,"72,727,844.0","3,219,845.9","1,024,672.1",94.68
43046817,B HORMIGON 18MM 7M A630-420H (N),2/11/2026 5:11:49 AM,2/11/2026 5:59:35 AM,"21,668.0",16,102524188,"PALANQUILLA 130X130MM AZA 1541 3,4M (N)",51,"22,888.8",578.3,642.5,94.67,95.9,"68,857,602.0",47627,167890,"72,727,844.0","3,219,845.9","1,024,672.1",94.68
43046818,B HORMIGON 18MM 6M A630-420H (N),2/11/2026 6:23:39 AM,2/11/2026 8:02:27 AM,"45,400.0",47,102524188,"PALANQUILLA 130X130MM AZA 1541 3,4M (N)",106,"47,572.8","1,784.8",388.0,95.43,96,"68,857,602.0",47627,167890,"72,727,844.0","3,219,845.9","1,024,672.1",94.68
43046847,B HORMIGON 36MM 12M A630-420HS (N),2/11/2026 5:40:40 PM,2/11/2026 8:00:23 PM,"52,250.0",35,119506259,"PALANQUILLA 130X130MM AZA 1629 3,1M (N)",141,"57,697.2","3,159.4","2,287.8",90.56,96,"68,857,602.0",47627,167890,"72,727,844.0","3,219,845.9","1,024,672.1",94.68
43046848,B HORMIGON 36MM 8M A630-420HS (N),2/11/2026 8:47:02 PM,2/11/2026 9:25:00 PM,"21,594.0",14,119506260,"PALANQUILLA 130X130MM AZA 1629 3,2M (N)",56,"23,654.4","1,195.0",865.4,91.29,97,"68,857,602.0",47627,167890,"72,727,844.0","3,219,845.9","1,024,672.1",94.68
43046849,B HORMIGON 36MM 10M A630-420H (N),2/11/2026 10:17:03 PM,2/11/2026 11:25:56 PM,"34,390.0",26,102513121,"PALANQUILLA 130X130MM AZA 1541 3,2M (N)",90,"38,016.0","2,103.1","1,522.9",90.46,96,"68,857,602.0",47627,167890,"72,727,844.0","3,219,845.9","1,024,672.1",94.68
43046850,B HORMIGON 36MM 9M A630-420H (N),2/11/2026 11:58:30 PM,2/12/2026 1:11:50 AM,"30,354.0",20,102513145,"PALANQUILLA 130X130MM AZA 1541 2,9M (N)",86,"32,920.8","1,488.7","1,078.1",92.20,97,"68,857,602.0",47627,167890,"72,727,844.0","3,219,845.9","1,024,672.1",94.68
43046851,B HORMIGON 32MM 12M A630-420H (N),2/12/2026 4:07:11 AM,2/12/2026 1:47:16 PM,"199,067.0",134,102513137,PALANQUILLA 130X130MM AZA 1541 3M (N),523,"207,108.0","4,663.8","3,377.2",96.12,96,"68,857,602.0",47627,167890,"72,727,844.0","3,219,845.9","1,024,672.1",94.68
43046876,B HORMIGON R 28MM 12M A630-420H (N),2/12/2026 3:02:17 PM,2/12/2026 3:42:46 PM,"21,106.0",15,102513121,"PALANQUILLA 130X130MM AZA 1541 3,2M (N)",55,"23,232.0","1,233.1",892.9,90.85,97,"68,857,602.0",47627,167890,"72,727,844.0","3,219,845.9","1,024,672.1",94.68
43046870,B HORMIGON 28MM 12M A630-420H (N),2/12/2026 4:04:12 PM,2/13/2026 11:01:49 AM,"432,063.0",277,102513121,"PALANQUILLA 130X130MM AZA 1541 3,2M (N)",1080,"456,192.0","13,994.8","10,134.2",94.71,96,"68,857,602.0",47627,167890,"72,727,844.0","3,219,845.9","1,024,672.1",94.68
43046871,B HORMIGON 28MM 11M A630-420H (N),2/13/2026 11:58:54 AM,2/13/2026 4:29:34 PM,"100,975.0",69,102513137,PALANQUILLA 130X130MM AZA 1541 3M (N),274,"108,504.0","4,366.8","3,162.2",93.06,94,"68,857,602.0",47627,167890,"72,727,844.0","3,219,845.9","1,024,672.1",94.68
43046872,B HORMIGON 28MM 10M A630-420H (N),2/13/2026 4:59:01 PM,2/13/2026 9:53:07 PM,"100,751.0",66,102524188,"PALANQUILLA 130X130MM AZA 1541 3,4M (N)",241,"108,160.8","4,297.7","3,112.1",93.15,96,"68,857,602.0",47627,167890,"72,727,844.0","3,219,845.9","1,024,672.1",94.68
43046873,B HORMIGON 28MM 9M A630-420H (N),2/13/2026 10:19:36 PM,2/14/2026 1:00:50 PM,"130,174.0",89,102524188,"PALANQUILLA 130X130MM AZA 1541 3,4M (N)",308,"138,230.4","4,672.7","3,383.7",94.17,94,"68,857,602.0",47627,167890,"72,727,844.0","3,219,845.9","1,024,672.1",94.68
43046875,B HORMIGON 28MM 7M A630-420H (N),2/14/2026 1:59:54 AM,2/14/2026 10:26:41 AM,"156,353.0",108,102513121,"PALANQUILLA 130X130MM AZA 1541 3,2M (N)",396,"167,270.4","6,332.1","4,585.3",93.47,96,"68,857,602.0",47627,167890,"72,727,844.0","3,219,845.9","1,024,672.1",94.68
43046874,B HORMIGON 28MM 8M A630-420H (N),2/16/2026 1:53:51 AM,2/16/2026 6:17:16 AM,"95,867.0",65,102524188,"PALANQUILLA 130X130MM AZA 1541 3,4M (N)",225,"100,980.0","2,965.5","2,147.5",94.94,96,"68,857,602.0",47627,167890,"72,727,844.0","3,219,845.9","1,024,672.1",94.68
43046892,B HORMIGON 28MM 6M A630-420H (N),2/16/2026 6:39:28 AM,2/16/2026 7:20:41 AM,"21,152.0",23,102524188,"PALANQUILLA 130X130MM AZA 1541 3,4M (N)",50,"22,440.0",747.0,541.0,94.26,96,"68,857,602.0",47627,167890,"72,727,844.0","3,219,845.9","1,024,672.1",94.68
43046893,B HORMIGON R 25MM 12M A630-420HS(N),2/16/2026 9:28:56 AM,2/16/2026 11:33:14 AM,"53,588.0",33,119506261,"PALANQUILLA 130X130MM AZA 1629 3,3M (N)",133,"57,934.8","3,891.4",455.4,92.50,97,"68,857,602.0",47627,167890,"72,727,844.0","3,219,845.9","1,024,672.1",94.68
43046894,B HORMIGON 25MM 12M A630-420H (N),2/16/2026 12:09:13 PM,2/16/2026 1:00:10 PM,"22,488.0",14,102526100,"PALANQUILLA 130X130MM AZA 1541 3,3M (N)",55,"23,958.0","1,316.0",154.0,93.86,95,"68,857,602.0",47627,167890,"72,727,844.0","3,219,845.9","1,024,672.1",94.68
43046895,"SAFEROCK SEMI 25MM 10,5M A420",2/16/2026 4:33:46 PM,2/16/2026 6:54:49 PM,"49,673.0",23,102524193,"PALANQUILLA 130X130MM AZA 1542 3,4M (N)",115,"51,612.0","1,796.8",142.2,96.24,95,"68,857,602.0",47627,167890,"72,727,844.0","3,219,845.9","1,024,672.1",94.68
43046896,SAFEROCK SEMI 25MM 10M A420,2/16/2026 7:19:15 PM,2/16/2026 8:35:37 PM,"31,168.0",14,102524193,"PALANQUILLA 130X130MM AZA 1542 3,4M (N)",74,"33,211.2","1,777.9",265.4,93.85,95.4,"68,857,602.0",47627,167890,"72,727,844.0","3,219,845.9","1,024,672.1",94.68
43046897,SAFEROCK SEMI 25MM 12M A420,2/16/2026 9:04:06 PM,2/16/2026 10:07:00 PM,"31,705.0",13,102524193,"PALANQUILLA 130X130MM AZA 1542 3,4M (N)",74,"33,211.2","1,227.3",278.9,95.46,95.3,"68,857,602.0",47627,167890,"72,727,844.0","3,219,845.9","1,024,672.1",94.68
43046898,"SAFEROCK SEMI 25MM 11,6M A420",2/16/2026 10:36:14 PM,2/16/2026 11:06:33 PM,"20,770.0",9,102524193,"PALANQUILLA 130X130MM AZA 1542 3,4M (N)",50,"22,440.0",968.6,701.4,92.56,95.4,"68,857,602.0",47627,167890,"72,727,844.0","3,219,845.9","1,024,672.1",94.68
43046923,"SAFEROCK 25MM 11,96M A520",2/16/2026 11:31:18 PM,2/17/2026 12:36:35 AM,"25,881.0",12,119502414,"PALANQUILLA 130X130MM DESARROLLO 3,4M (N",71,"31,864.8","3,470.6","2,513.2",81.22,97,"68,857,602.0",47627,167890,"72,727,844.0","3,219,845.9","1,024,672.1",94.68
43046924,"SAFEROCK 25MM 8,4M A520",2/17/2026 12:59:59 AM,2/17/2026 1:39:18 AM,"24,855.0",13,119502414,"PALANQUILLA 130X130MM DESARROLLO 3,4M (N",59,"26,479.2",942.0,682.2,93.87,97,"68,857,602.0",47627,167890,"72,727,844.0","3,219,845.9","1,024,672.1",94.68
43046901,PLANA 50X6MM 6M A270ES (N),2/17/2026 6:14:21 AM,2/17/2026 7:18:09 AM,"86,938.0",82,102525180,"PALANQUILLA 130X130MM AZA 1011 3,4M (N)",215,"96,492.0","8,374.5","1,179.5",90.10,96,"68,857,602.0",47627,167890,"72,727,844.0","3,219,845.9","1,024,672.1",94.68
43046902,PLANA 50X5MM 6M A270ES (N),2/17/2026 8:31:55 AM,2/17/2026 9:36:01 AM,"29,760.0",30,102525180,"PALANQUILLA 130X130MM AZA 1011 3,4M (N)",71,"31,864.8","1,759.8",345.1,93.39,96,"68,857,602.0",47627,167890,"72,727,844.0","3,219,845.9","1,024,672.1",94.68
43046903,ANGULO SEMI 40X40X3MM A270ES,2/17/2026 12:45:50 PM,2/18/2026 9:02:29 AM,"311,208.0",170,102525180,"PALANQUILLA 130X130MM AZA 1011 3,4M (N)",741,"332,560.8","16,144.8","5,208.0",93.58,95.7,"68,857,602.0",47627,167890,"72,727,844.0","3,219,845.9","1,024,672.1",94.68
43046945,REDONDO LISO 12MM 6M SAE 1020 (N),2/18/2026 6:54:17 PM,2/19/2026 6:33:11 PM,"215,267.0",209,102513162,"PALANQUILLA 130X130MM SAE 1020 2,9M (N)",629,"240,781.2","20,958.1","4,556.1",89.40,95.9,"68,857,602.0",47627,167890,"72,727,844.0","3,219,845.9","1,024,672.1",94.68
43046958,PLANA 25X5MM 6M A270ES (N),2/19/2026 9:13:19 PM,2/20/2026 12:05:56 AM,"47,048.0",47,102513114,"PALANQUILLA 130X130MM AZA 1011 2,9M (N)",132,"50,529.6","2,870.8",610.8,93.11,96.5,"68,857,602.0",47627,167890,"72,727,844.0","3,219,845.9","1,024,672.1",94.68
43046959,PLANA 18X8MM 6M COM (Canto-RED) (N),2/20/2026 1:38:35 AM,2/20/2026 2:36:45 AM,"22,412.0",24,102513114,"PALANQUILLA 130X130MM AZA 1011 2,9M (N)",62,"23,733.6","1,108.4",213.2,94.43,96.6,"68,857,602.0",47627,167890,"72,727,844.0","3,219,845.9","1,024,672.1",94.68
43046960,PLANA 18X8MM 6M COMERCIAL (N),2/20/2026 3:36:40 AM,2/20/2026 4:37:33 AM,"22,193.0",24,102513114,"PALANQUILLA 130X130MM AZA 1011 2,9M (N)",62,"23,733.6","2,058.5",395.9,93.51,96.6,"68,857,602.0",47627,167890,"72,727,844.0","3,219,845.9","1,024,672.1",94.68
43046979,"PLANA 19X7,3MM 6M COMERCIAL (N)",2/20/2026 5:20:44 AM,2/20/2026 6:55:15 AM,"31,777.0",32,102513114,"PALANQUILLA 130X130MM AZA 1011 2,9M (N)",88,"33,686.4","1,615.7",293.8,94.33,96.7,"68,857,602.0",47627,167890,"72,727,844.0","3,219,845.9","1,024,672.1",94.68
43046962,PLANA 32X3MM 6M A270ES (N),2/20/2026 9:44:35 AM,2/20/2026 2:45:04 PM,"55,405.0",56,102513114,"PALANQUILLA 130X130MM AZA 1011 2,9M (N)",156,"59,716.8","3,605.0",706.9,92.78,96.6,"68,857,602.0",47627,167890,"72,727,844.0","3,219,845.9","1,024,672.1",94.68
43046978,CUADRADO 12MM 6M COMERCIAL (N),2/20/2026 8:05:29 PM,2/20/2026 11:49:28 PM,"77,364.0",73,102524390,"PALANQUILLA 130X130MM AZA 1008 3,2M (N) ",196,"82,790.4","4,578.5",847.9,93.45,96.6,"68,857,602.0",47627,167890,"72,727,844.0","3,219,845.9","1,024,672.1",94.68
43046964,PLANA 32X6MM 6M A270ES (N),2/21/2026 4:19:37 AM,2/21/2026 5:37:30 AM,"29,809.0",28,102513096,"PALANQUILLA 130X130MM AZA 1011 3,2M (N)",78,"32,947.2","2,623.7",514.5,90.48,96.5,"68,857,602.0",47627,167890,"72,727,844.0","3,219,845.9","1,024,672.1",94.68
43046965,PLANA 32X5MM 6M A270ES (N),2/21/2026 6:21:15 AM,2/21/2026 7:50:52 AM,"36,240.0",34,102513096,"PALANQUILLA 130X130MM AZA 1011 3,2M (N)",91,"38,438.4","1,798.7",399.7,94.28,96.6,"68,857,602.0",47627,167890,"72,727,844.0","3,219,845.9","1,024,672.1",94.68
43046966,"PLANA ASERRADA 32X4,85MM 6M A270ES (N)",2/21/2026 9:06:22 AM,2/21/2026 1:15:30 PM,"86,731.0",86,102513096,"PALANQUILLA 130X130MM AZA 1011 3,2M (N)",217,"91,660.8","4,121.6",808.2,94.62,96.5,"68,857,602.0",47627,167890,"72,727,844.0","3,219,845.9","1,024,672.1",94.68
43046967,PLANA 38X3MM 6M A270ES (N),2/23/2026 2:58:42 AM,2/23/2026 10:02:14 AM,"107,368.0",101,102513096,"PALANQUILLA 130X130MM AZA 1011 3,2M (N)",271,"114,470.4","5,938.1","1,164.3",93.80,96.6,"68,857,602.0",47627,167890,"72,727,844.0","3,219,845.9","1,024,672.1",94.68
43046992,ANGULO SEMI 25X25X3MM A270ES,2/23/2026 1:25:53 PM,2/23/2026 9:10:00 PM,"138,377.0",64,102525180,"PALANQUILLA 130X130MM AZA 1011 3,4M (N)",324,"145,411.2","5,881.1","1,153.2",95.16,96.3,"68,857,602.0",47627,167890,"72,727,844.0","3,219,845.9","1,024,672.1",94.68
43046993,REDONDO LISO 16MM 6M SAE 1020 (N),2/24/2026 12:00:48 AM,2/24/2026 5:54:05 AM,"130,843.0",127,102524143,"PALANQUILLA 130X130MM SAE 1020 3,4M (N)",311,"139,576.8","7,390.1","1,343.7",93.74,95.8,"68,857,602.0",47627,167890,"72,727,844.0","3,219,845.9","1,024,672.1",94.68
43047006,REDONDO LISO 16MM 6M SAE 1020 (N),2/24/2026 6:14:37 AM,2/24/2026 7:44:23 AM,"33,940.0",33,102513162,"PALANQUILLA 130X130MM SAE 1020 2,9M (N)",93,"35,600.4","1,405.0",255.5,95.34,95.8,"68,857,602.0",47627,167890,"72,727,844.0","3,219,845.9","1,024,672.1",94.68
43046997,REDONDO LISO 5/8' 6M SAE 1020 (N),2/24/2026 8:34:07 AM,2/24/2026 10:55:12 AM,"56,962.0",55,102524143,"PALANQUILLA 130X130MM SAE 1020 3,4M (N)",137,"61,485.6","3,670.1",853.5,92.64,95.9,"68,857,602.0",47627,167890,"72,727,844.0","3,219,845.9","1,024,672.1",94.68
43046994,ANGULO SEMI 50X50X6MM A270ES,2/24/2026 2:40:23 PM,2/24/2026 7:26:46 PM,"87,484.0",43,102525180,"PALANQUILLA 130X130MM AZA 1011 3,4M (N)",211,"94,696.8","6,030.4","1,182.4",92.38,94.6,"68,857,602.0",47627,167890,"72,727,844.0","3,219,845.9","1,024,672.1",94.68
43046995,ANGULO SEMI 50X50X5MM A270ES,2/24/2026 8:58:45 PM,2/25/2026 1:05:13 AM,"90,205.0",44,102525180,"PALANQUILLA 130X130MM AZA 1011 3,4M (N)",217,"97,389.6","7,039.3","1,637.1",92.62,94.8,"68,857,602.0",47627,167890,"72,727,844.0","3,219,845.9","1,024,672.1",94.68
43046996,ANGULO SEMI 50X50X3MM A270ES,2/25/2026 2:38:11 AM,2/25/2026 12:38:50 PM,"157,069.0",93,102525180,"PALANQUILLA 130X130MM AZA 1011 3,4M (N)",374,"167,851.2","9,014.6","1,767.6",93.58,95.3,"68,857,602.0",47627,167890,"72,727,844.0","3,219,845.9","1,024,672.1",94.68
43047020,ANGULO SEMI 80X80X10MM A270ES,2/25/2026 5:11:52 PM,2/25/2026 6:44:09 PM,"30,159.0",15,102525180,"PALANQUILLA 130X130MM AZA 1011 3,4M (N)",74,"33,211.2","2,559.9",492.3,90.81,94.1,"68,857,602.0",47627,167890,"72,727,844.0","3,219,845.9","1,024,672.1",94.68
43047021,ANGULO SEMI 80X80X8MM A270ES,2/25/2026 8:04:43 PM,2/25/2026 10:23:55 PM,"32,383.0",17,102525180,"PALANQUILLA 130X130MM AZA 1011 3,4M (N)",73,"32,762.4","2,344.7",459.7,98.84,93.4,"68,857,602.0",47627,167890,"72,727,844.0","3,219,845.9","1,024,672.1",94.68
43047022,ANGULO SEMI 80X80X6MM A270ES,2/26/2026 12:01:17 AM,2/26/2026 7:03:49 AM,"138,572.0",70,102525180,"PALANQUILLA 130X130MM AZA 1011 3,4M (N)",326,"146,308.8","6,831.7","1,339.5",94.71,94.9,"68,857,602.0",47627,167890,"72,727,844.0","3,219,845.9","1,024,672.1",94.68
43047023,ANG SEMI 80X80X6MM 12M ASTM A572 T2 (N),2/26/2026 7:43:35 AM,2/26/2026 8:31:18 AM,"23,651.0",10,119505172,"PALANQUILLA 130X130MM AZA 1613 3,4M (N)",56,"25,132.8","1,263.9",217.9,94.10,97,"68,857,602.0",47627,167890,"72,727,844.0","3,219,845.9","1,024,672.1",94.68
43047024,REDONDO LISO 1 3/4' 6M SAE 1045 (N),2/26/2026 11:16:09 AM,2/26/2026 12:02:34 PM,"15,632.0",20,102513159,"PALANQUILLA 130X130MM SAE 1045 3,2M (N) ",43,"18,163.2","1,992.7",538.6,86.06,97,"68,857,602.0",47627,167890,"72,727,844.0","3,219,845.9","1,024,672.1",94.68
43047052,REDONDO LISO 1 3/4' 6M A36 (N),2/26/2026 12:26:40 PM,2/26/2026 3:15:02 PM,"15,630.0",15,102525180,"PALANQUILLA 130X130MM AZA 1011 3,4M (N)",43,"19,298.4","2,127.7","1,540.7",80.99,97,"68,857,602.0",47627,167890,"72,727,844.0","3,219,845.9","1,024,672.1",94.68
43047025,REDONDO LISO 1 1/2' 6M ASTM A 36 (N),2/26/2026 5:28:11 PM,2/26/2026 6:02:37 PM,"16,997.0",16,102525180,"PALANQUILLA 130X130MM AZA 1011 3,4M (N)",43,"19,298.4","1,967.9",333.5,88.07,94.3,"68,857,602.0",47627,167890,"72,727,844.0","3,219,845.9","1,024,672.1",94.68
43047027,REDONDO LISO 1 1/2' 6M SAE 1020 (N),2/26/2026 6:22:00 PM,2/26/2026 8:26:05 PM,"46,143.0",43,102524143,"PALANQUILLA 130X130MM SAE 1020 3,4M (N)",106,"47,572.8","1,283.9",145.9,96.99,94.3,"68,857,602.0",47627,167890,"72,727,844.0","3,219,845.9","1,024,672.1",94.68
43047026,REDONDO LISO 1 1/2' 6M SAE 1045 (N),2/26/2026 8:44:12 PM,2/26/2026 9:26:16 PM,"21,354.0",20,102526114,"PALANQUILLA 130X130MM SAE 1045 3,4M (N)",50,"22,440.0",950.3,135.8,95.16,94.3,"68,857,602.0",47627,167890,"72,727,844.0","3,219,845.9","1,024,672.1",94.68
43047030,REDONDO LISO 1 1/4' 6M ASTM A 36 (N),2/26/2026 11:04:48 PM,2/26/2026 11:45:27 PM,"20,819.0",20,102513096,"PALANQUILLA 130X130MM AZA 1011 3,2M (N)",55,"23,232.0","2,138.8",274.2,89.61,95.1,"68,857,602.0",47627,167890,"72,727,844.0","3,219,845.9","1,024,672.1",94.68
43047031,REDONDO LISO 1 1/4' 6M SAE 1020 (N),2/27/2026 12:03:56 AM,2/27/2026 2:35:58 AM,"59,627.0",58,102513153,"PALANQUILLA 130X130MM SAE 1020 3,2M (N) ",155,"65,472.0","5,010.0",835.0,91.07,95.1,"68,857,602.0",47627,167890,"72,727,844.0","3,219,845.9","1,024,672.1",94.68
43047032,REDONDO LISO 1 1/4' 6M SAE 1045 (N),2/27/2026 3:01:13 AM,2/27/2026 4:00:35 AM,"30,422.0",29,102513159,"PALANQUILLA 130X130MM SAE 1045 3,2M (N) ",77,"32,524.8","1,855.4",247.4,93.53,95.1,"68,857,602.0",47627,167890,"72,727,844.0","3,219,845.9","1,024,672.1",94.68
43047033,REDONDO LISO 1 1/4' 6M A615 GR60(P),2/27/2026 4:24:07 AM,2/27/2026 5:12:23 AM,"21,266.0",20,119502584,"PALANQUILLA 130x130MM AZA 1050 3,2M (N) ",55,"23,232.0","1,742.6",223.4,91.54,97,"68,857,602.0",47627,167890,"72,727,844.0","3,219,845.9","1,024,672.1",94.68
43047035,REDONDO LISO 1 1/8' 6M ASTM A 36 (N),2/27/2026 6:36:33 AM,2/27/2026 7:28:02 AM,"27,099.0",27,102525180,"PALANQUILLA 130X130MM AZA 1011 3,4M (N)",66,"29,620.8","1,462.6","1,059.2",91.49,95.3,"68,857,602.0",47627,167890,"72,727,844.0","3,219,845.9","1,024,672.1",94.68
43047057,CUADRADO 25MM 6M COMERCIAL (N),2/27/2026 8:49:14 AM,2/27/2026 9:59:18 AM,"30,527.0",30,102524390,"PALANQUILLA 130X130MM AZA 1008 3,2M (N) ",77,"32,524.8","1,798.0",199.8,93.86,96.3,"68,857,602.0",47627,167890,"72,727,844.0","3,219,845.9","1,024,672.1",94.68
43047062,B HORMIGON 25MM 11M A630-420H (N),2/27/2026 4:53:32 PM,2/27/2026 8:16:09 PM,"62,151.0",41,102524188,"PALANQUILLA 130X130MM AZA 1541 3,4M (N)",152,"68,217.6","3,518.6","2,548.0",91.11,95,"68,857,602.0",47627,167890,"72,727,844.0","3,219,845.9","1,024,672.1",94.68
43047058,B HORMIGON 25MM 10M A630-420H (N),2/27/2026 8:40:19 PM,2/28/2026 1:00:45 AM,"108,508.0",69,102524188,"PALANQUILLA 130X130MM AZA 1541 3,4M (N)",264,"118,483.2","5,785.6","4,189.6",91.58,95,"68,857,602.0",47627,167890,"72,727,844.0","3,219,845.9","1,024,672.1",94.68
43047063,B HORMIGON 25MM 12M A630-420H (N),2/28/2026 1:32:51 AM,2/28/2026 2:17:30 AM,"22,364.0",16,102526100,"PALANQUILLA 130X130MM AZA 1541 3,3M (N)",56,"24,393.6","1,858.9",217.5,91.68,95,"68,857,602.0",47627,167890,"72,727,844.0","3,219,845.9","1,024,672.1",94.68
43047067,B HORMIGON 25MM 10M A630-420H (N),2/28/2026 2:55:05 AM,2/28/2026 4:15:16 AM,"36,085.0",24,102513132,"PALANQUILLA 130X130MM AZA 1541 3,1M (N)",96,"39,283.2","1,855.0","1,343.2",91.86,95,"68,857,602.0",47627,167890,"72,727,844.0","3,219,845.9","1,024,672.1",94.68
43047061,B HORMIGON 25MM 9M A630-420H (N),2/28/2026 4:42:45 AM,2/28/2026 6:52:16 AM,"48,436.0",29,102513137,PALANQUILLA 130X130MM AZA 1541 3M (N),132,"52,272.0","3,434.1",401.9,92.66,95,"68,857,602.0",47627,167890,"72,727,844.0","3,219,845.9","1,024,672.1",94.68
43047059,B HORMIGON 25MM 8M A630-420H (N),2/28/2026 7:25:36 AM,2/28/2026 10:47:23 AM,"88,600.0",57,102524188,"PALANQUILLA 130X130MM AZA 1541 3,4M (N)",209,"93,799.2","4,654.5",544.7,94.46,95,"68,857,602.0",47627,167890,"72,727,844.0","3,219,845.9","1,024,672.1",94.68
43047066,B HORMIGON 25MM 7M A630-420H (N),2/28/2026 11:12:34 AM,2/28/2026 12:49:00 PM,"40,304.0",27,102513132,"PALANQUILLA 130X130MM AZA 1541 3,1M (N)",107,"43,784.4","3,115.8",364.6,92.05,95,"68,857,602.0",47627,167890,"72,727,844.0","3,219,845.9","1,024,672.1",94.68
43047162,B HORMIGON 25MM 7M A630-420H (N),3/2/2026 1:28:27 AM,3/2/2026 2:53:05 AM,"36,660.0",24,102513132,"PALANQUILLA 130X130MM AZA 1541 3,1M (N)",97,"39,692.4","2,714.7",317.7,92.36,95,"68,857,602.0",47627,167890,"72,727,844.0","3,219,845.9","1,024,672.1",94.68
43047161,B HORMIGON 25MM 6M A630-420H (N),3/2/2026 3:14:43 AM,3/2/2026 4:21:55 AM,"32,678.0",33,102524188,"PALANQUILLA 130X130MM AZA 1541 3,4M (N)",78,"35,006.4","1,350.5",977.9,93.35,95,"68,857,602.0",47627,167890,"72,727,844.0","3,219,845.9","1,024,672.1",94.68
43047072,B HORMIGON 25MM 12M A630-420H (N),3/2/2026 4:47:32 AM,3/2/2026 10:08:03 AM,"113,893.0",76,102526100,"PALANQUILLA 130X130MM AZA 1541 3,3M (N)",280,"121,968.0","7,229.0",846.0,93.38,95,"68,857,602.0",47627,167890,"72,727,844.0","3,219,845.9","1,024,672.1",94.68
43047073,B HORMIGON 25MM 12M A630-420HS (N),3/2/2026 10:49:15 AM,3/2/2026 1:41:21 PM,"63,876.0",44,119506261,"PALANQUILLA 130X130MM AZA 1629 3,3M (N)",159,"69,260.4","3,123.0","2,261.5",92.23,95,"68,857,602.0",47627,167890,"72,727,844.0","3,219,845.9","1,024,672.1",94.68
43047074,B HORMIGON 36MM 12M A630-420HS (N),3/2/2026 4:13:54 PM,3/2/2026 7:00:41 PM,"53,072.0",36,119506259,"PALANQUILLA 130X130MM AZA 1629 3,1M (N)",142,"58,106.4","2,920.0","2,114.5",91.34,96,"68,857,602.0",47627,167890,"72,727,844.0","3,219,845.9","1,024,672.1",94.68
43047075,B HORMIGON 36MM 12M A630-420HS (N),3/2/2026 7:28:55 PM,3/2/2026 8:03:17 PM,"21,796.0",15,119506259,"PALANQUILLA 130X130MM AZA 1629 3,1M (N)",57,"23,324.4","2,297.0","1,663.4",93.45,96,"68,857,602.0",47627,167890,"72,727,844.0","3,219,845.9","1,024,672.1",94.68
43047076,B HORMIGON 36MM 11M A630-420HS (N),3/2/2026 8:37:03 PM,3/2/2026 9:42:25 PM,"30,534.0",22,119506257,"PALANQUILLA 130X130MM AZA 1629 2,9M (N) ",78,"29,858.4",0.0,0.0,102.26,96,"68,857,602.0",47627,167890,"72,727,844.0","3,219,845.9","1,024,672.1",94.68
43047077,REDONDO LISO 19MM 6M SAE 1020 (N),3/3/2026 12:50:18 AM,3/3/2026 4:44:42 AM,"88,869.0",85,102524143,"PALANQUILLA 130X130MM SAE 1020 3,4M (N)",212,"95,145.6","4,969.0","1,307.6",93.40,95.2,"68,857,602.0",47627,167890,"72,727,844.0","3,219,845.9","1,024,672.1",94.68
43047079,REDONDO LISO 3/4' 6M SAE 1020 (N),3/3/2026 4:58:02 AM,3/3/2026 6:05:43 AM,"30,217.0",29,102524143,"PALANQUILLA 130X130MM SAE 1020 3,4M (N)",64,"28,723.2",0.0,0.0,105.20,95.2,"68,857,602.0",47627,167890,"72,727,844.0","3,219,845.9","1,024,672.1",94.68
43047078,REDONDO LISO 3/4' 6M ASTM A 36 (N),3/3/2026 6:20:37 AM,3/3/2026 7:02:00 AM,"20,159.0",19,102525180,"PALANQUILLA 130X130MM AZA 1011 3,4M (N)",48,"21,542.4","1,296.4",87.0,93.58,95.2,"68,857,602.0",47627,167890,"72,727,844.0","3,219,845.9","1,024,672.1",94.68
43047080,REDONDO LISO 3/4' 6M SAE 1045 (N),3/3/2026 7:16:44 AM,3/3/2026 8:12:57 AM,"25,128.0",24,102526114,"PALANQUILLA 130X130MM SAE 1045 3,4M (N)",60,"26,928.0","1,381.4",418.6,93.32,95.2,"68,857,602.0",47627,167890,"72,727,844.0","3,219,845.9","1,024,672.1",94.68
43047081,REDONDO LISO 7/8' 6M ASTM A 36 (N),3/3/2026 9:46:13 AM,3/3/2026 10:21:57 AM,"20,800.0",20,102525180,"PALANQUILLA 130X130MM AZA 1011 3,4M (N)",48,"21,542.4",524.1,218.4,96.55,95,"68,857,602.0",47627,167890,"72,727,844.0","3,219,845.9","1,024,672.1",94.68
43047082,REDONDO LISO 7/8' 6M SAE 1020 (N),3/3/2026 10:37:13 AM,3/3/2026 2:32:18 PM,"93,040.0",88,102524143,"PALANQUILLA 130X130MM SAE 1020 3,4M (N)",220,"98,736.0","4,946.5",749.5,94.23,95,"68,857,602.0",47627,167890,"72,727,844.0","3,219,845.9","1,024,672.1",94.68
43047083,ANGULO SEMI 30X30X3MM A270ES,3/3/2026 5:30:06 PM,3/4/2026 8:34:17 AM,"241,440.0",130,102525180,"PALANQUILLA 130X130MM AZA 1011 3,4M (N)",575,"258,060.0","13,895.4","2,724.6",93.56,96,"68,857,602.0",47627,167890,"72,727,844.0","3,219,845.9","1,024,672.1",94.68
43047210,"PLANA 25X2,85MM 6M A270ES ARR(N)",3/4/2026 7:42:37 PM,3/5/2026 1:15:44 AM,"53,613.0",54,102513114,"PALANQUILLA 130X130MM AZA 1011 2,9M (N)",157,"60,099.6","5,911.2",575.4,89.21,96.8,"68,857,602.0",47627,167890,"72,727,844.0","3,219,845.9","1,024,672.1",94.68
43047207,PLANA 25X3MM 6M A270ES (N),3/5/2026 2:28:29 AM,3/5/2026 11:06:44 AM,"102,081.0",102,102513114,"PALANQUILLA 130X130MM AZA 1011 2,9M (N)",282,"107,949.6","4,906.5",962.1,94.56,96.8,"68,857,602.0",47627,167890,"72,727,844.0","3,219,845.9","1,024,672.1",94.68
43047245,CUADRADO 10MM 6M COMERCIAL (N),3/5/2026 12:44:17 PM,3/5/2026 2:55:39 PM,"39,968.0",39,102513114,"PALANQUILLA 130X130MM AZA 1011 2,9M (N)",110,"42,108.0","1,869.1",270.9,94.92,96.7,"68,857,602.0",47627,167890,"72,727,844.0","3,219,845.9","1,024,672.1",94.68
43047209,PLANA 20X5MM 6M A270ES (N),3/5/2026 4:05:39 PM,3/5/2026 7:25:10 PM,"54,088.0",52,102513114,"PALANQUILLA 130X130MM AZA 1011 2,9M (N)",150,"57,420.0","2,785.8",546.2,94.20,96.7,"68,857,602.0",47627,167890,"72,727,844.0","3,219,845.9","1,024,672.1",94.68
43047211,"PLANA ASERRADA 25X4,85MM 6M A270ES (N)",3/5/2026 10:36:36 PM,3/6/2026 12:11:59 AM,"33,011.0",31,102513114,"PALANQUILLA 130X130MM AZA 1011 2,9M (N)",92,"35,217.6","1,819.5",387.1,93.73,96.7,"68,857,602.0",47627,167890,"72,727,844.0","3,219,845.9","1,024,672.1",94.68
43047212,PLANA 18X8MM 6M COM (Canto-RED) (N),3/6/2026 1:47:42 AM,3/6/2026 3:52:16 AM,"43,039.0",45,102513114,"PALANQUILLA 130X130MM AZA 1011 2,9M (N)",119,"45,553.2","2,108.7",405.5,94.48,96.6,"68,857,602.0",47627,167890,"72,727,844.0","3,219,845.9","1,024,672.1",94.68
43047213,PLANA 32X3MM 6M A270ES (N),3/6/2026 5:19:15 AM,3/6/2026 4:17:11 PM,"160,520.0",155,102513114,"PALANQUILLA 130X130MM AZA 1011 2,9M (N)",440,"168,432.0","6,615.0","1,297.0",95.30,96.6,"68,857,602.0",47627,167890,"72,727,844.0","3,219,845.9","1,024,672.1",94.68
43047214,"PLANA 32x2,85mm 6m A270ES ARR(N)",3/6/2026 5:08:17 PM,3/6/2026 6:39:18 PM,"23,839.0",24,102513114,"PALANQUILLA 130X130MM AZA 1011 2,9M (N)",65,"24,882.0",950.5,92.5,95.81,96.7,"68,857,602.0",47627,167890,"72,727,844.0","3,219,845.9","1,024,672.1",94.68
43047260,PLANA 32X5MM 6M A270ES (N),3/6/2026 9:37:16 PM,3/7/2026 1:52:49 AM,"73,474.0",68,102513096,"PALANQUILLA 130X130MM AZA 1011 3,2M (N)",187,"78,988.8","4,512.1","1,002.7",93.02,96.6,"68,857,602.0",47627,167890,"72,727,844.0","3,219,845.9","1,024,672.1",94.68
43047261,"PLANA ASERRADA 32X4,85MM 6M A270ES (N)",3/7/2026 3:04:29 AM,3/7/2026 4:59:46 AM,"39,865.0",38,102513096,"PALANQUILLA 130X130MM AZA 1011 3,2M (N)",100,"42,240.0","1,985.7",389.3,94.38,96.5,"68,857,602.0",47627,167890,"72,727,844.0","3,219,845.9","1,024,672.1",94.68
43047297,PLANA 38X3MM 6M A270ES (N),3/9/2026 6:27:14 AM,3/11/2026 12:34:41 PM,"101,510.0",101,102513096,"PALANQUILLA 130X130MM AZA 1011 3,2M (N)",270,"114,048.0","13,199.6","2,588.2",89.01,96.6,"68,857,602.0",47627,167890,"72,727,844.0","3,219,845.9","1,024,672.1",94.68
43047263,ANGULO SEMI 20X20X3MM A270ES,3/9/2026 9:18:01 AM,3/9/2026 7:21:25 PM,"152,797.0",76,102513096,"PALANQUILLA 130X130MM AZA 1011 3,2M (N)",375,"158,400.0","4,602.5","1,000.5",96.46,96.3,"68,857,602.0",47627,167890,"72,727,844.0","3,219,845.9","1,024,672.1",94.68
43047288,SAFEROCK 22MM 12M A280,3/10/2026 12:01:55 AM,3/10/2026 2:36:52 AM,"58,884.0",30,119502731,"PALANQUILLA 130X130MM AZA 1021 3,2M (N)",153,"64,627.2","3,331.1","2,412.1",91.11,95.9,"68,857,602.0",47627,167890,"72,727,844.0","3,219,845.9","1,024,672.1",94.68
43047289,SAFEROCK SEMI 22MM 12M A280,3/10/2026 3:00:44 AM,3/10/2026 7:25:43 AM,"100,634.0",47,119502731,"PALANQUILLA 130X130MM AZA 1021 3,2M (N)",250,"105,600.0","4,213.6",752.4,95.30,95.9,"68,857,602.0",47627,167890,"72,727,844.0","3,219,845.9","1,024,672.1",94.68
43047290,SAFEROCK 22MM 12M A420,3/10/2026 8:24:49 AM,3/10/2026 10:26:39 AM,"47,277.0",24,102513099,"PALANQUILLA 130X130MM AZA 1542 3,2M (N)",120,"50,688.0","2,579.1",832.0,93.27,95.9,"68,857,602.0",47627,167890,"72,727,844.0","3,219,845.9","1,024,672.1",94.68
43047291,SAFEROCK SEMI 22MM 12M A420,3/10/2026 10:45:15 AM,3/10/2026 11:43:16 AM,"23,680.0",12,102513099,"PALANQUILLA 130X130MM AZA 1542 3,2M (N)",59,"24,921.6","1,047.6",194.0,95.02,95.9,"68,857,602.0",47627,167890,"72,727,844.0","3,219,845.9","1,024,672.1",94.68
43047293,SAFEROCK SEMI 22MM 10M A280,3/10/2026 12:16:15 PM,3/10/2026 2:43:17 PM,"64,652.0",35,102524194,"PALANQUILLA 130X130MM AZA 1021 3,4M (N)",150,"67,320.0","2,334.5",333.5,96.04,95.3,"68,857,602.0",47627,167890,"72,727,844.0","3,219,845.9","1,024,672.1",94.68
43047294,"SAFEROCK SEMI 22MM 9,6M A280",3/10/2026 3:03:53 PM,3/10/2026 4:54:25 PM,"51,036.0",27,102524194,"PALANQUILLA 130X130MM AZA 1021 3,4M (N)",120,"53,856.0","1,635.6","1,184.4",94.76,95.7,"68,857,602.0",47627,167890,"72,727,844.0","3,219,845.9","1,024,672.1",94.68
43047296,"SAFEROCK SEMI 22MM 10,5M A280D",3/10/2026 5:39:59 PM,3/10/2026 6:10:46 PM,"14,481.0",7,119505172,"PALANQUILLA 130X130MM AZA 1613 3,4M (N)",34,"15,259.2",668.6,109.6,94.90,97,"68,857,602.0",47627,167890,"72,727,844.0","3,219,845.9","1,024,672.1",94.68
43047305,PLANA 75X10MM 6M A270ES (N),3/10/2026 10:25:55 PM,3/11/2026 1:59:33 AM,"27,215.0",23,102525180,"PALANQUILLA 130X130MM AZA 1011 3,4M (N)",75,"33,660.0","5,388.4","1,056.6",80.85,94.7,"68,857,602.0",47627,167890,"72,727,844.0","3,219,845.9","1,024,672.1",94.68
43047306,PLANA 75X8MM 6M A270ES (N),3/11/2026 2:52:07 AM,3/11/2026 8:01:57 AM,"96,736.0",103,102525180,"PALANQUILLA 130X130MM AZA 1011 3,4M (N)",230,"103,224.0","5,424.4","1,063.6",93.71,95.1,"68,857,602.0",47627,167890,"72,727,844.0","3,219,845.9","1,024,672.1",94.68
43047309,SAFEROCK 25MM 12M A520D,3/11/2026 7:45:29 PM,3/12/2026 1:25:01 AM,"134,192.0",67,119507026,"PALANQUILLA 130X130MM AZA 1631 3,4M (N)",319,"143,167.2","5,205.6","3,769.6",93.73,97,"68,857,602.0",47627,167890,"72,727,844.0","3,219,845.9","1,024,672.1",94.68
43047311,"SAFEROCK 25MM 11,96M A520",3/12/2026 1:51:49 AM,3/12/2026 2:04:51 AM,"12,595.0",7,102526117,"PALANQUILLA 130X130MM AZA 1644 3,4M (N)",30,"13,464.0",504.0,365.0,93.55,97,"68,857,602.0",47627,167890,"72,727,844.0","3,219,845.9","1,024,672.1",94.68
43047310,SAFEROCK SEMI 25MM 12M A420,3/12/2026 2:51:19 AM,3/12/2026 3:25:10 AM,"21,437.0",10,102524193,"PALANQUILLA 130X130MM AZA 1542 3,4M (N)",50,"22,440.0",817.3,185.7,95.53,95.3,"68,857,602.0",47627,167890,"72,727,844.0","3,219,845.9","1,024,672.1",94.68
43047312,"SAFEROCK SEMI 25MM 11,6M A420",3/12/2026 3:55:07 AM,3/12/2026 4:14:21 AM,"13,866.0",7,102524193,"PALANQUILLA 130X130MM AZA 1542 3,4M (N)",38,"17,054.4","1,849.3","1,339.1",81.30,95.4,"68,857,602.0",47627,167890,"72,727,844.0","3,219,845.9","1,024,672.1",94.68
43047313,"SAFEROCK SEMI 25MM 10,8M A420",3/12/2026 4:38:23 AM,3/12/2026 6:41:47 AM,"51,274.0",26,102524193,"PALANQUILLA 130X130MM AZA 1542 3,4M (N)",120,"53,856.0","1,497.6","1,084.4",95.21,95.3,"68,857,602.0",47627,167890,"72,727,844.0","3,219,845.9","1,024,672.1",94.68
43047314,"SAFEROCK SEMI 25MM 10,5M A420",3/12/2026 7:05:40 AM,3/12/2026 8:57:41 AM,"44,070.0",21,102524193,"PALANQUILLA 130X130MM AZA 1542 3,4M (N)",106,"47,572.8","3,245.9",256.9,92.64,95,"68,857,602.0",47627,167890,"72,727,844.0","3,219,845.9","1,024,672.1",94.68
43047315,SAFEROCK SEMI 25MM 10M A420,3/12/2026 9:18:20 AM,3/12/2026 11:05:20 AM,"49,374.0",22,102524193,"PALANQUILLA 130X130MM AZA 1542 3,4M (N)",115,"51,612.0","1,947.4",290.7,95.66,95.4,"68,857,602.0",47627,167890,"72,727,844.0","3,219,845.9","1,024,672.1",94.68
43047369,PLANA 100X12MM 6M A270ES (N),3/12/2026 1:42:17 PM,3/12/2026 2:48:18 PM,"31,813.0",31,102525180,"PALANQUILLA 130X130MM AZA 1011 3,4M (N)",75,"33,660.0","1,544.2",302.8,94.51,95.1,"68,857,602.0",47627,167890,"72,727,844.0","3,219,845.9","1,024,672.1",94.68
43047370,PLANA 100X10MM 6M A270ES (N),3/12/2026 4:05:37 PM,3/12/2026 10:19:20 PM,"140,111.0",151,102513096,"PALANQUILLA 130X130MM AZA 1011 3,2M (N)",350,"147,840.0","6,462.0","1,267.0",94.77,95.5,"68,857,602.0",47627,167890,"72,727,844.0","3,219,845.9","1,024,672.1",94.68
43047371,PLANA 100X6MM 6M A270ES (N),3/13/2026 12:16:13 AM,3/13/2026 1:43:19 AM,"32,575.0",34,102525180,"PALANQUILLA 130X130MM AZA 1011 3,4M (N)",78,"35,006.4","2,032.8",398.6,93.05,95.7,"68,857,602.0",47627,167890,"72,727,844.0","3,219,845.9","1,024,672.1",94.68
43047372,PLANA 100X5MM 6M A270ES (N),3/13/2026 3:29:45 AM,3/13/2026 5:32:31 PM,"261,941.0",257,102525180,"PALANQUILLA 130X130MM AZA 1011 3,4M (N)",620,"278,256.0","13,640.4","2,674.6",94.14,96,"68,857,602.0",47627,167890,"72,727,844.0","3,219,845.9","1,024,672.1",94.68
43047373,B HORMIGON 18MM 12M A630-420H (N),3/13/2026 8:48:57 PM,3/14/2026 4:42:29 PM,"400,657.0",257,102524188,"PALANQUILLA 130X130MM AZA 1541 3,4M (N)",946,"424,564.8","19,638.5","4,269.3",94.37,96,"68,857,602.0",47627,167890,"72,727,844.0","3,219,845.9","1,024,672.1",94.68
43047374,B HORMIGON 18MM 10M A630-420H (N),3/14/2026 5:01:19 PM,3/14/2026 5:50:30 PM,"22,728.0",15,102524188,"PALANQUILLA 130X130MM AZA 1541 3,4M (N)",54,"24,235.2","1,021.0",486.2,93.78,96,"68,857,602.0",47627,167890,"72,727,844.0","3,219,845.9","1,024,672.1",94.68
43047375,B HORMIGON 18MM 9M A630-420H (N),3/14/2026 6:09:40 PM,3/14/2026 7:54:39 PM,"36,833.0",25,102524188,"PALANQUILLA 130X130MM AZA 1541 3,4M (N)",87,"39,045.6","1,614.6",598.0,94.33,95.9,"68,857,602.0",47627,167890,"72,727,844.0","3,219,845.9","1,024,672.1",94.68
43047376,B HORMIGON 18MM 8M A630-420H (N),3/14/2026 8:17:16 PM,3/14/2026 9:27:57 PM,"30,682.0",20,102524188,"PALANQUILLA 130X130MM AZA 1541 3,4M (N)",72,"32,313.6","1,489.1",551.5,94.95,96,"68,857,602.0",47627,167890,"72,727,844.0","3,219,845.9","1,024,672.1",94.68
43047378,B HORMIGON 18MM 7M A630-420H (N),3/14/2026 9:52:40 PM,3/15/2026 2:38:12 AM,"99,635.0",70,102524188,"PALANQUILLA 130X130MM AZA 1541 3,4M (N)",236,"105,916.8","2,975.6","3,306.2",94.07,95.9,"68,857,602.0",47627,167890,"72,727,844.0","3,219,845.9","1,024,672.1",94.68
43047377,B HORMIGON 18MM 6M A630-420H (N),3/15/2026 3:14:11 AM,3/15/2026 4:20:56 AM,"28,176.0",29,102524188,"PALANQUILLA 130X130MM AZA 1541 3,4M (N)",67,"30,069.6","1,555.5",338.2,93.70,96,"68,857,602.0",47627,167890,"72,727,844.0","3,219,845.9","1,024,672.1",94.68
43047277,B HORMIGON 18MM 6M A630-420H (N),3/15/2026 4:39:30 AM,3/15/2026 5:25:20 AM,"20,698.0",20,102526100,"PALANQUILLA 130X130MM AZA 1541 3,3M (N)",50,"21,780.0",888.8,193.2,95.03,96,"68,857,602.0",47627,167890,"72,727,844.0","3,219,845.9","1,024,672.1",94.68
43047379,B HORMIGON 22MM 12M A630-420H (N),3/16/2026 1:08:45 AM,3/16/2026 10:15:12 AM,"198,095.0",128,102513132,"PALANQUILLA 130X130MM AZA 1541 3,1M (N)",510,"208,692.0","8,830.8","1,766.2",94.92,97.4,"68,857,602.0",47627,167890,"72,727,844.0","3,219,845.9","1,024,672.1",94.68
43047380,B HORMIGON 22MM 11M A630-420H (N),3/16/2026 10:37:46 AM,3/16/2026 11:59:56 AM,"33,562.0",22,102513132,"PALANQUILLA 130X130MM AZA 1541 3,1M (N)",86,"35,191.2","1,402.9",226.3,95.37,97.4,"68,857,602.0",47627,167890,"72,727,844.0","3,219,845.9","1,024,672.1",94.68
43047381,B HORMIGON 22MM 10M A630-420H (N),3/16/2026 12:20:13 PM,3/16/2026 2:42:20 PM,"60,666.0",41,102526100,"PALANQUILLA 130X130MM AZA 1541 3,3M (N)",147,"64,033.2","2,929.9",437.3,94.74,97.4,"68,857,602.0",47627,167890,"72,727,844.0","3,219,845.9","1,024,672.1",94.68
43047382,B HORMIGON 22MM 9M A630-420H (N),3/16/2026 3:01:08 PM,3/16/2026 4:31:21 PM,"41,979.0",29,102524188,"PALANQUILLA 130X130MM AZA 1541 3,4M (N)",99,"44,431.2","2,239.8",212.4,94.48,97.4,"68,857,602.0",47627,167890,"72,727,844.0","3,219,845.9","1,024,672.1",94.68
43047420,B HORMIGON 22MM 8M A630-420H (N),3/16/2026 5:01:24 PM,3/16/2026 6:16:08 PM,"29,704.0",20,102513137,PALANQUILLA 130X130MM AZA 1541 3M (N),80,"31,680.0","1,822.9",153.1,93.76,97.4,"68,857,602.0",47627,167890,"72,727,844.0","3,219,845.9","1,024,672.1",94.68
43047384,B HORMIGON 22MM 11M A630-420HS (N),3/16/2026 6:51:17 PM,3/16/2026 7:38:12 PM,"22,196.0",15,119506259,"PALANQUILLA 130X130MM AZA 1629 3,1M (N)",58,"23,733.6",891.8,645.8,93.52,97,"68,857,602.0",47627,167890,"72,727,844.0","3,219,845.9","1,024,672.1",94.68
43047385,ANGULO SEMI 65X65X8MM A270ES,3/16/2026 10:34:20 PM,3/17/2026 1:06:21 AM,"30,176.0",16,102525180,"PALANQUILLA 130X130MM AZA 1011 3,4M (N)",76,"34,108.8","3,408.4",524.4,88.47,95.4,"68,857,602.0",47627,167890,"72,727,844.0","3,219,845.9","1,024,672.1",94.68
43047386,ANGULO SEMI 65X65X6MM A270ES,3/17/2026 2:15:59 AM,3/17/2026 4:34:55 AM,"31,430.0",16,102525180,"PALANQUILLA 130X130MM AZA 1011 3,4M (N)",78,"35,006.4","2,901.6",674.8,89.78,95.1,"68,857,602.0",47627,167890,"72,727,844.0","3,219,845.9","1,024,672.1",94.68
43047387,ANGULO SEMI 65X65X5MM A270ES,3/17/2026 5:12:38 AM,3/17/2026 11:53:29 AM,"131,222.0",68,102525180,"PALANQUILLA 130X130MM AZA 1011 3,4M (N)",308,"138,230.4","5,820.5","1,187.9",94.93,95.1,"68,857,602.0",47627,167890,"72,727,844.0","3,219,845.9","1,024,672.1",94.68
43047388,ANG SEMI 65X65X5MM 12M ASTM A572 T2 (N),3/17/2026 12:39:11 PM,3/17/2026 1:28:18 PM,"21,826.0",10,119505172,"PALANQUILLA 130X130MM AZA 1613 3,4M (N)",54,"24,235.2","2,054.9",354.3,90.06,97,"68,857,602.0",47627,167890,"72,727,844.0","3,219,845.9","1,024,672.1",94.68
43047389,ANG SEMI 60X60X6MM 12M ASTM A572 T2 (N),3/17/2026 4:07:16 PM,3/17/2026 5:20:33 PM,"32,612.0",17,119505172,"PALANQUILLA 130X130MM AZA 1613 3,4M (N)",76,"34,108.8","1,276.7",220.1,95.61,97,"68,857,602.0",47627,167890,"72,727,844.0","3,219,845.9","1,024,672.1",94.68
43047390,ANG SEMI 60X60X5MM 12M ASTM A572 T2 (N),3/17/2026 6:46:08 PM,3/17/2026 8:02:30 PM,"33,628.0",18,119505172,"PALANQUILLA 130X130MM AZA 1613 3,4M (N)",78,"35,006.4","1,175.7",202.7,96.06,97,"68,857,602.0",47627,167890,"72,727,844.0","3,219,845.9","1,024,672.1",94.68
43047422,ANGULO SEMI 80X80X12MM A270ES,3/17/2026 11:27:26 PM,3/18/2026 1:30:20 AM,"31,181.0",16,102525180,"PALANQUILLA 130X130MM AZA 1011 3,4M (N)",76,"34,108.8","2,717.3",210.5,91.42,93.5,"68,857,602.0",47627,167890,"72,727,844.0","3,219,845.9","1,024,672.1",94.68
43047423,ANGULO SEMI 80X80X8MM A270ES,3/18/2026 2:42:13 AM,3/18/2026 6:58:31 AM,"64,080.0",31,102525180,"PALANQUILLA 130X130MM AZA 1011 3,4M (N)",155,"69,564.0","4,585.0",899.0,92.12,93.4,"68,857,602.0",47627,167890,"72,727,844.0","3,219,845.9","1,024,672.1",94.68
43047425,ANGULO SEMI 80X80X6MM A270ES,3/18/2026 7:15:48 AM,3/18/2026 8:26:53 AM,"28,796.0",14,102525180,"PALANQUILLA 130X130MM AZA 1011 3,4M (N)",69,"30,967.2","1,815.3",355.9,92.99,94.9,"68,857,602.0",47627,167890,"72,727,844.0","3,219,845.9","1,024,672.1",94.68
43047442,PLANA 50X8MM 6M A270ES (N),3/18/2026 7:24:35 PM,3/18/2026 10:56:29 PM,"77,243.0",79,102525180,"PALANQUILLA 130X130MM AZA 1011 3,4M (N)",184,"82,579.2","4,416.2",920.0,93.54,95.7,"68,857,602.0",47627,167890,"72,727,844.0","3,219,845.9","1,024,672.1",94.68
43047443,PLANA 50X5MM 6M A270ES (N),3/19/2026 12:23:37 AM,3/19/2026 1:38:44 PM,"218,768.0",214,102525180,"PALANQUILLA 130X130MM AZA 1011 3,4M (N)",520,"233,376.0","12,213.2","2,394.8",93.74,96,"68,857,602.0",47627,167890,"72,727,844.0","3,219,845.9","1,024,672.1",94.68
43047444,ANGULO SEMI 50X50X5MM A270ES,3/19/2026 5:55:18 PM,3/20/2026 2:03:20 AM,"96,728.0",52,102525180,"PALANQUILLA 130X130MM AZA 1011 3,4M (N)",231,"103,672.8","5,634.5","1,310.3",93.30,94.8,"68,857,602.0",47627,167890,"72,727,844.0","3,219,845.9","1,024,672.1",94.68
43047445,ANG SEMI 50X50X5MM 12M ASTM A572 T2 (N),3/20/2026 2:33:06 AM,3/20/2026 3:19:28 AM,"23,219.0",13,119505172,"PALANQUILLA 130X130MM AZA 1613 3,4M (N)",54,"24,235.2",866.8,149.4,95.81,97,"68,857,602.0",47627,167890,"72,727,844.0","3,219,845.9","1,024,672.1",94.68
43047446,ANG SEMI 50X50X4MM 12M ASTM A572 T2 (N),3/20/2026 4:28:08 AM,3/20/2026 5:37:35 AM,"31,956.0",19,119505172,"PALANQUILLA 130X130MM AZA 1613 3,4M (N)",76,"34,108.8","1,836.2",316.6,93.69,97,"68,857,602.0",47627,167890,"72,727,844.0","3,219,845.9","1,024,672.1",94.68
43047441,ANGULO SEMI 50X50X4MM A270ES,3/20/2026 5:59:26 AM,3/20/2026 8:50:15 AM,"60,189.0",33,102525180,"PALANQUILLA 130X130MM AZA 1011 3,4M (N)",144,"64,627.2","3,710.6",727.6,93.13,94.8,"68,857,602.0",47627,167890,"72,727,844.0","3,219,845.9","1,024,672.1",94.68
43047447,ANGULO SEMI 50X50X3MM A270ES,3/20/2026 12:33:01 PM,3/20/2026 3:40:11 PM,"70,581.0",40,102525180,"PALANQUILLA 130X130MM AZA 1011 3,4M (N)",171,"76,744.8","5,153.3","1,010.5",91.97,95.3,"68,857,602.0",47627,167890,"72,727,844.0","3,219,845.9","1,024,672.1",94.68
43047448,ANG SEMI 45X45X4MM 12M ASTM A572 T2 (N),3/20/2026 6:17:23 PM,3/20/2026 7:45:03 PM,"37,413.0",18,119505172,"PALANQUILLA 130X130MM AZA 1613 3,4M (N)",88,"39,494.4","1,775.3",306.1,94.73,97,"68,857,602.0",47627,167890,"72,727,844.0","3,219,845.9","1,024,672.1",94.68
43047449,PLANA 75X8MM 6M A270ES (N),3/20/2026 9:36:56 PM,3/21/2026 1:57:12 AM,"79,697.0",76,102525180,"PALANQUILLA 130X130MM AZA 1011 3,4M (N)",190,"85,272.0","4,661.1",913.9,93.46,95.1,"68,857,602.0",47627,167890,"72,727,844.0","3,219,845.9","1,024,672.1",94.68
43047450,PLANA 75X6MM 6M A270ES (N),3/21/2026 3:51:42 AM,3/21/2026 4:54:04 AM,"29,390.0",28,102525180,"PALANQUILLA 130X130MM AZA 1011 3,4M (N)",75,"33,660.0","3,570.0",700.0,87.31,95.4,"68,857,602.0",47627,167890,"72,727,844.0","3,219,845.9","1,024,672.1",94.68
43047451,PLANA 75X5MM 6M A270ES (N),3/21/2026 5:44:20 AM,3/21/2026 12:52:59 PM,"138,442.0",134,102525180,"PALANQUILLA 130X130MM AZA 1011 3,4M (N)",328,"147,206.4","7,327.6","1,436.8",94.05,95.6,"68,857,602.0",47627,167890,"72,727,844.0","3,219,845.9","1,024,672.1",94.68
43047504,B HORMIGON 25MM 12M A630-420H (N),3/21/2026 4:17:05 PM,3/21/2026 9:22:22 PM,"116,019.0",74,102526100,"PALANQUILLA 130X130MM AZA 1541 3,3M (N)",286,"124,581.6","7,665.6",897.0,93.13,95,"68,857,602.0",47627,167890,"72,727,844.0","3,219,845.9","1,024,672.1",94.68
43047505,B HORMIGON 25MM 11M A630-420H (N),3/21/2026 9:45:11 PM,3/21/2026 10:40:54 PM,"28,894.0",20,102526100,"PALANQUILLA 130X130MM AZA 1541 3,3M (N)",70,"30,492.0",926.8,671.2,94.76,95,"68,857,602.0",47627,167890,"72,727,844.0","3,219,845.9","1,024,672.1",94.68
43047506,B HORMIGON 25MM 10M A630-420H (N),3/21/2026 11:07:54 PM,3/22/2026 12:47:19 AM,"43,632.0",27,102526100,"PALANQUILLA 130X130MM AZA 1541 3,3M (N)",106,"46,173.6","1,474.1","1,067.5",94.50,95,"68,857,602.0",47627,167890,"72,727,844.0","3,219,845.9","1,024,672.1",94.68
43047507,B HORMIGON 25MM 9M A630-420H (N),3/22/2026 1:12:40 AM,3/22/2026 3:07:25 AM,"46,409.0",32,102513137,PALANQUILLA 130X130MM AZA 1541 3M (N),124,"49,104.0","2,412.7",282.3,94.51,95,"68,857,602.0",47627,167890,"72,727,844.0","3,219,845.9","1,024,672.1",94.68
43047509,REDONDO LISO 1' 6M SAE 1020 (N),3/22/2026 4:22:24 AM,3/23/2026 2:01:10 AM,"85,103.0",85,102524143,"PALANQUILLA 130X130MM SAE 1020 3,4M (N)",202,"90,657.6","4,613.1",941.5,93.87,94.7,"68,857,602.0",47627,167890,"72,727,844.0","3,219,845.9","1,024,672.1",94.68
43047508,REDONDO LISO 1' 6M ASTM A 36 (N),3/23/2026 2:22:59 AM,3/23/2026 3:53:47 AM,"36,931.0",37,102525180,"PALANQUILLA 130X130MM AZA 1011 3,4M (N)",88,"39,494.4","2,272.1",291.3,93.51,94.7,"68,857,602.0",47627,167890,"72,727,844.0","3,219,845.9","1,024,672.1",94.68
43047510,SAFEROCK SEMI 25MM 12M A420,3/23/2026 5:23:55 AM,3/23/2026 6:54:49 AM,"37,754.0",20,102524193,"PALANQUILLA 130X130MM AZA 1542 3,4M (N)",88,"39,494.4","1,418.1",322.3,95.59,95.3,"68,857,602.0",47627,167890,"72,727,844.0","3,219,845.9","1,024,672.1",94.68
43047511,"SAFEROCK SEMI 25MM 11,6M A420",3/23/2026 7:25:08 AM,3/23/2026 7:47:11 AM,"15,796.0",8,102524193,"PALANQUILLA 130X130MM AZA 1542 3,4M (N)",38,"17,054.4",729.9,528.5,92.62,95.4,"68,857,602.0",47627,167890,"72,727,844.0","3,219,845.9","1,024,672.1",94.68
43047512,"SAFEROCK SEMI 25MM 10,8M A420",3/23/2026 8:11:54 AM,3/23/2026 10:05:16 AM,"41,001.0",22,102524193,"PALANQUILLA 130X130MM AZA 1542 3,4M (N)",97,"43,533.6","1,468.9","1,063.7",94.18,95.3,"68,857,602.0",47627,167890,"72,727,844.0","3,219,845.9","1,024,672.1",94.68
43047513,"SAFEROCK SEMI 25MM 10,5M A420",3/23/2026 10:30:12 AM,3/23/2026 11:17:32 AM,"27,169.0",13,102524193,"PALANQUILLA 130X130MM AZA 1542 3,4M (N)",63,"28,274.4","1,024.3",81.1,96.09,95,"68,857,602.0",47627,167890,"72,727,844.0","3,219,845.9","1,024,672.1",94.68
43047514,SAFEROCK SEMI 25MM 10M A420,3/23/2026 11:54:22 AM,3/23/2026 1:20:23 PM,"41,920.0",20,102524193,"PALANQUILLA 130X130MM AZA 1542 3,4M (N)",99,"44,431.2","2,185.1",326.1,94.35,95.4,"68,857,602.0",47627,167890,"72,727,844.0","3,219,845.9","1,024,672.1",94.68
43047515,REDONDO LISO 1 3/8'' 6M SAE 1020 (N),3/23/2026 5:32:10 PM,3/23/2026 7:18:25 PM,"29,430.0",31,102524143,"PALANQUILLA 130X130MM SAE 1020 3,4M (N)",77,"34,557.6","4,258.5",869.1,85.16,97,"68,857,602.0",47627,167890,"72,727,844.0","3,219,845.9","1,024,672.1",94.68
43047516,REDONDO LISO 1 1/2' 6M SAE 1020 (N),3/23/2026 9:05:30 PM,3/24/2026 1:31:45 AM,"73,505.0",69,102524143,"PALANQUILLA 130X130MM SAE 1020 3,4M (N)",176,"78,988.8","4,924.2",559.6,93.06,94.3,"68,857,602.0",47627,167890,"72,727,844.0","3,219,845.9","1,024,672.1",94.68
43047517,REDONDO LISO 1 1/2' 6M SAE 1045 (N),3/24/2026 1:52:01 AM,3/24/2026 3:03:37 AM,"32,266.0",30,102526114,"PALANQUILLA 130X130MM SAE 1045 3,4M (N)",76,"34,108.8","1,612.5",230.4,94.60,94.3,"68,857,602.0",47627,167890,"72,727,844.0","3,219,845.9","1,024,672.1",94.68
43047518,REDONDO LISO 1 1/4' 6M ASTM A 36 (N),3/24/2026 4:54:16 AM,3/24/2026 6:15:50 AM,"30,612.0",30,102513096,"PALANQUILLA 130X130MM AZA 1011 3,2M (N)",80,"33,792.0","2,818.6",361.4,90.59,95.1,"68,857,602.0",47627,167890,"72,727,844.0","3,219,845.9","1,024,672.1",94.68
43047519,REDONDO LISO 1 1/4' 6M SAE 1020 (N),3/24/2026 6:38:32 AM,3/24/2026 8:53:46 AM,"51,514.0",49,102513153,"PALANQUILLA 130X130MM SAE 1020 3,2M (N) ",131,"55,334.4","3,274.6",545.8,93.10,95.1,"68,857,602.0",47627,167890,"72,727,844.0","3,219,845.9","1,024,672.1",94.68
43047520,REDONDO LISO 1 1/4' 6M SAE 1045 (N),3/24/2026 9:18:29 AM,3/24/2026 10:24:22 AM,"32,531.0",32,102513159,"PALANQUILLA 130X130MM SAE 1045 3,2M (N) ",80,"33,792.0","1,112.7",148.4,96.27,95.1,"68,857,602.0",47627,167890,"72,727,844.0","3,219,845.9","1,024,672.1",94.68
43047528,HEXAGONO SEMI 1 1/8' 8MM SAE 1045 (N),3/24/2026 11:59:02 AM,3/24/2026 12:25:26 PM,"18,825.0",10,102526114,"PALANQUILLA 130X130MM SAE 1045 3,4M (N)",46,"20,644.8","1,055.5",764.3,91.19,95.4,"68,857,602.0",47627,167890,"72,727,844.0","3,219,845.9","1,024,672.1",94.68
43047521,HEXAGONO SEMI 1 1/8' 8MM SAE 1045 (N),3/24/2026 12:46:37 PM,3/24/2026 1:32:40 PM,"21,485.0",12,102513159,"PALANQUILLA 130X130MM SAE 1045 3,2M (N) ",52,"21,964.8",278.3,201.5,97.82,95.4,"68,857,602.0",47627,167890,"72,727,844.0","3,219,845.9","1,024,672.1",94.68
43047522,ANGULO SEMI 30X30X3MM A270ES,3/24/2026 6:06:20 PM,3/25/2026 1:40:22 PM,"309,972.0",156,102525180,"PALANQUILLA 130X130MM AZA 1011 3,4M (N)",730,"327,624.0","14,758.2","2,893.8",94.61,96,"68,857,602.0",47627,167890,"72,727,844.0","3,219,845.9","1,024,672.1",94.68
43047555,ANGULO SEMI 40X40X5MM A270ES,3/25/2026 5:11:23 PM,3/25/2026 7:42:04 PM,"59,427.0",31,102525180,"PALANQUILLA 130X130MM AZA 1011 3,4M (N)",142,"63,729.6","3,597.3",705.3,93.25,95.4,"68,857,602.0",47627,167890,"72,727,844.0","3,219,845.9","1,024,672.1",94.68
43047561,ANGULO SEMI 40X40X4MM A270ES,3/25/2026 9:37:45 PM,3/25/2026 11:31:49 PM,"44,839.0",23,102525180,"PALANQUILLA 130X130MM AZA 1011 3,4M (N)",108,"48,470.4","3,036.1",595.3,92.51,95.3,"68,857,602.0",47627,167890,"72,727,844.0","3,219,845.9","1,024,672.1",94.68
43047548,ANGULO SEMI 40X40X3MM A270ES,3/26/2026 12:57:15 AM,3/26/2026 1:35:17 PM,"211,956.0",117,102525180,"PALANQUILLA 130X130MM AZA 1011 3,4M (N)",503,"225,746.4","10,426.9","3,363.5",93.89,95.7,"68,857,602.0",47627,167890,"72,727,844.0","3,219,845.9","1,024,672.1",94.68
43047549,ANGULO SEMI 50X50X5MM A270ES,3/26/2026 4:21:02 PM,3/26/2026 10:35:31 PM,"121,083.0",62,102525180,"PALANQUILLA 130X130MM AZA 1011 3,4M (N)",287,"128,805.6","6,265.5","1,457.1",94.00,94.8,"68,857,602.0",47627,167890,"72,727,844.0","3,219,845.9","1,024,672.1",94.68
43047550,ANGULO SEMI 50X50X4MM A270ES,3/27/2026 12:07:56 AM,3/27/2026 3:45:10 AM,"61,451.0",32,102525180,"PALANQUILLA 130X130MM AZA 1011 3,4M (N)",145,"65,076.0","3,030.7",594.3,94.43,94.8,"68,857,602.0",47627,167890,"72,727,844.0","3,219,845.9","1,024,672.1",94.68
43047551,ANGULO SEMI 50X50X3MM A270ES,3/27/2026 5:42:41 AM,3/27/2026 12:00:11 PM,"110,244.0",61,102525180,"PALANQUILLA 130X130MM AZA 1011 3,4M (N)",261,"117,136.8","5,762.8","1,130.0",94.12,95.3,"68,857,602.0",47627,167890,"72,727,844.0","3,219,845.9","1,024,672.1",94.68
43047562,PLANA RESALTE 50X4 MM 11M A345 ES (N),3/27/2026 3:21:08 PM,3/28/2026 12:23:13 AM,"54,634.0",30,102524194,"PALANQUILLA 130X130MM AZA 1021 3,4M (N)",143,"64,178.4","7,673.0","1,871.5",85.13,97,"68,857,602.0",47627,167890,"72,727,844.0","3,219,845.9","1,024,672.1",94.68
43047566,SAFEROCK 22MM 12M A280,3/28/2026 2:05:48 AM,3/28/2026 7:31:14 AM,"116,140.0",58,119502731,"PALANQUILLA 130X130MM AZA 1021 3,2M (N)",284,"119,961.6","2,352.4","1,703.4",96.81,95.9,"68,857,602.0",47627,167890,"72,727,844.0","3,219,845.9","1,024,672.1",94.68
43047565,SAFEROCK 22MM 12M A420,3/28/2026 8:22:57 AM,3/28/2026 1:59:54 PM,"113,162.0",55,102513099,"PALANQUILLA 130X130MM AZA 1542 3,2M (N)",286,"120,806.4","5,779.9","1,864.5",93.67,95.9,"68,857,602.0",47627,167890,"72,727,844.0","3,219,845.9","1,024,672.1",94.68
43047567,SAFEROCK SEMI 22MM 12M A280,3/28/2026 2:35:36 PM,3/28/2026 9:38:04 PM,"147,323.0",69,119502731,"PALANQUILLA 130X130MM AZA 1021 3,2M (N)",367,"155,020.8","6,531.5","1,166.3",95.03,95.9,"68,857,602.0",47627,167890,"72,727,844.0","3,219,845.9","1,024,672.1",94.68
43047564,SAFEROCK 22MM 10.5M A280,3/28/2026 10:20:22 PM,3/29/2026 4:47:22 AM,"111,978.0",55,119502731,"PALANQUILLA 130X130MM AZA 1021 3,2M (N)",297,"125,452.8","7,815.4","5,659.4",89.26,97,"68,857,602.0",47627,167890,"72,727,844.0","3,219,845.9","1,024,672.1",94.68
43047625,SAFEROCK 22MM 10M A280,3/30/2026 2:32:27 AM,3/30/2026 7:00:40 AM,"75,622.0",39,119507252,"PALANQUILLA 135X135MM DESARROLLO 3,2M (N",176,"80,143.4","2,622.4","1,899.0",94.36,95.3,"68,857,602.0",47627,167890,"72,727,844.0","3,219,845.9","1,024,672.1",94.68
43047623,SAFEROCK 22MM 10M A280,3/30/2026 6:05:40 AM,3/30/2026 6:00:29 AM,"4,045.0",2,102524194,"PALANQUILLA 130X130MM AZA 1021 3,4M (N)",10,"4,488.0",256.9,186.1,90.13,95.3,"68,857,602.0",47627,167890,"72,727,844.0","3,219,845.9","1,024,672.1",94.68
43047610,"SAFEROCK SEMI 22MM 10,5M A280",3/30/2026 7:25:19 AM,3/30/2026 8:56:26 AM,"43,198.0",23,119507252,"PALANQUILLA 135X135MM DESARROLLO 3,2M (N",99,"45,080.6","1,617.5",265.2,95.82,95.8,"68,857,602.0",47627,167890,"72,727,844.0","3,219,845.9","1,024,672.1",94.68
43047292,"SAFEROCK SEMI 22MM 10,5M A280",3/30/2026 9:24:48 AM,3/30/2026 9:36:15 AM,"9,176.0",5,102524194,"PALANQUILLA 130X130MM AZA 1021 3,4M (N)",22,"9,873.6",599.4,98.3,92.93,95.8,"68,857,602.0",47627,167890,"72,727,844.0","3,219,845.9","1,024,672.1",94.68
43047626,SAFEROCK SEMI 22MM 10M A280,3/30/2026 9:56:48 AM,3/30/2026 1:47:45 PM,"93,664.0",52,102524194,"PALANQUILLA 130X130MM AZA 1021 3,4M (N)",221,"99,184.8","4,830.7",690.1,94.43,95.3,"68,857,602.0",47627,167890,"72,727,844.0","3,219,845.9","1,024,672.1",94.68
43047612,ANGULO SEMI 30X30X5MM A270ES,3/30/2026 5:43:19 PM,3/30/2026 7:01:49 PM,"31,785.0",16,119507252,"PALANQUILLA 135X135MM DESARROLLO 3,2M (N",74,"33,625.6","1,569.9",270.7,94.53,95.8,"68,857,602.0",47627,167890,"72,727,844.0","3,219,845.9","1,024,672.1",94.68
43047609,ANGULO SEMI 30X30X3MM A270ES,3/30/2026 8:22:58 PM,3/31/2026 12:23:42 PM,"236,617.0",112,119507252,"PALANQUILLA 135X135MM DESARROLLO 3,2M (N",538,"244,467.2","6,143.6","1,706.6",96.79,96,"68,857,602.0",47627,167890,"72,727,844.0","3,219,845.9","1,024,672.1",94.68
43047640,ANGULO SEMI 30X30X3MM A270ES,3/30/2026 10:34:26 PM,3/31/2026 2:10:26 AM,"62,230.0",35,119507252,"PALANQUILLA 135X135MM DESARROLLO 3,2M (N",142,"64,524.8","1,865.6",518.2,96.44,96,"68,857,602.0",47627,167890,"72,727,844.0","3,219,845.9","1,024,672.1",94.68
43047673,SAFEROCK 22MM 10M A280,3/31/2026 2:06:08 PM,3/31/2026 2:09:55 PM,"29,671.0",15,119502731,"PALANQUILLA 130X130MM AZA 1021 3,2M (N)",79,"33,369.6","2,145.2","1,553.4",88.92,95.3,"68,857,602.0",47627,167890,"72,727,844.0","3,219,845.9","1,024,672.1",94.68
43047613,"PLANA 19X7,3MM 6M COMERCIAL (N)",3/31/2026 4:04:57 PM,3/31/2026 6:04:10 PM,"31,918.0",31,119507251,"PALANQUILLA 135X135MM DESARROLLO 2,7M (N",88,"33,739.2","1,541.0",280.2,94.60,96.7,"68,857,602.0",47627,167890,"72,727,844.0","3,219,845.9","1,024,672.1",94.68
43047614,REDONDO LISO 1/2' 6M SAE 1020 (N),3/31/2026 7:35:48 PM,3/31/2026 9:27:44 PM,"37,383.0",37,119507251,"PALANQUILLA 135X135MM DESARROLLO 2,7M (N",102,"39,106.8","1,426.6",297.2,95.59,96,"68,857,602.0",47627,167890,"72,727,844.0","3,219,845.9","1,024,672.1",94.68
43047615,REDONDO LISO 12MM 6M SAE 1020 (N),3/31/2026 11:14:26 PM,4/1/2026 2:24:44 AM,"18,890.0",19,119507252,"PALANQUILLA 135X135MM DESARROLLO 3,2M (N",71,"27,221.4","6,843.7","1,487.8",69.39,95.9,"68,857,602.0",47627,167890,"72,727,844.0","3,219,845.9","1,024,672.1",94.68
43047713,PLANA 32X3MM 6M A270ES (N),4/1/2026 11:32:39 AM,4/1/2026 3:06:49 PM,"57,965.0",60,119507251,"PALANQUILLA 135X135MM DESARROLLO 2,7M (N",156,"59,810.4","1,542.9",302.5,96.91,96.6,"68,857,602.0",47627,167890,"72,727,844.0","3,219,845.9","1,024,672.1",94.68
43047741,PLANA 32X3MM 6M A270ES (N),4/1/2026 3:24:58 PM,4/1/2026 5:41:43 PM,"23,694.0",24,102513114,"PALANQUILLA 130X130MM AZA 1011 2,9M (N)",69,"26,413.2","2,273.4",445.8,89.71,96.6,"68,857,602.0",47627,167890,"72,727,844.0","3,219,845.9","1,024,672.1",94.68
43047712,REDONDO LISO 12MM 6M SAE 1020 (N),4/1/2026 9:05:48 PM,4/1/2026 8:20:15 PM,"122,809.0",122,119507251,"PALANQUILLA 135X135MM DESARROLLO 2,7M (N",299,"114,636.6","3,705.1",805.5,107.13,95.9,"68,857,602.0",47627,167890,"72,727,844.0","3,219,845.9","1,024,672.1",94.68
43047717,PLANA 32X10MM 6M A270ES (N),4/1/2026 11:22:08 PM,4/2/2026 3:15:20 AM,"48,423.0",49,119507252,"PALANQUILLA 135X135MM DESARROLLO 3,2M (N",117,"53,164.8","3,829.9",911.9,91.08,96.3,"68,857,602.0",47627,167890,"72,727,844.0","3,219,845.9","1,024,672.1",94.68
43047718,PLANA 32X8MM 6M A270ES (N),4/2/2026 4:23:58 AM,4/2/2026 5:36:42 AM,"31,842.0",35,119507252,"PALANQUILLA 135X135MM DESARROLLO 3,2M (N",74,"33,625.6","1,625.4",158.2,94.70,96.4,"68,857,602.0",47627,167890,"72,727,844.0","3,219,845.9","1,024,672.1",94.68
43047719,PLANA 38X5MM 6M A270ES (N),4/2/2026 7:33:52 AM,4/2/2026 1:04:39 PM,"101,118.0",98,119507252,"PALANQUILLA 135X135MM DESARROLLO 3,2M (N",224,"101,785.6","2,152.1",489.1,99.34,96.5,"68,857,602.0",47627,167890,"72,727,844.0","3,219,845.9","1,024,672.1",94.68
43047850,B HORMIGON 18MM 6M A630-420H (N),4/17/2026 2:24:16 PM,4/21/2026 6:05:37 PM,"28,090.0",28,102524188,"PALANQUILLA 130X130MM AZA 1541 3,4M (N)",36,"16,156.8",0.0,0.0,173.86,96,"68,857,602.0",47627,167890,"72,727,844.0","3,219,845.9","1,024,672.1",94.68
43047859,B HORMIGON 28MM 7M A630-420H (N),4/18/2026 7:24:47 AM,4/18/2026 1:25:21 PM,"133,381.0",92,102513121,"PALANQUILLA 130X130MM AZA 1541 3,2M (N)",371,"156,710.4","13,531.1","9,798.3",85.11,96,"68,857,602.0",47627,167890,"72,727,844.0","3,219,845.9","1,024,672.1",94.68
43047863,B HORMIGON 28MM 12M A630-420H (N),4/18/2026 2:55:16 PM,4/20/2026 6:25:05 AM,"301,362.0",193,102513121,"PALANQUILLA 130X130MM AZA 1541 3,2M (N)",816,"344,678.4","25,343.9","18,352.5",87.43,96,"68,857,602.0",47627,167890,"72,727,844.0","3,219,845.9","1,024,672.1",94.68
43047862,B HORMIGON 28MM 10M A630-420H (N),4/20/2026 8:03:06 AM,4/20/2026 12:50:44 PM,"74,756.0",51,102524188,"PALANQUILLA 130X130MM AZA 1541 3,4M (N)",182,"81,681.6","4,977.3","3,604.3",91.52,96,"68,857,602.0",47627,167890,"72,727,844.0","3,219,845.9","1,024,672.1",94.68
43047861,B HORMIGON 28MM 9M A630-420H (N),4/20/2026 1:21:33 PM,4/20/2026 4:07:38 PM,"53,377.0",35,102524188,"PALANQUILLA 130X130MM AZA 1541 3,4M (N)",138,"61,934.4","4,963.3","3,594.1",86.18,94,"68,857,602.0",47627,167890,"72,727,844.0","3,219,845.9","1,024,672.1",94.68
43047871,B HORMIGON R 28MM 12M A630-420H (N),4/20/2026 5:10:20 PM,4/21/2026 12:47:23 AM,"44,099.0",31,102513121,"PALANQUILLA 130X130MM AZA 1541 3,2M (N)",132,"55,756.8","6,761.5","4,896.3",79.09,97,"68,857,602.0",47627,167890,"72,727,844.0","3,219,845.9","1,024,672.1",94.68
43047894,B HORMIGON 28MM 7M A630-420HS (N),4/21/2026 1:30:58 AM,4/21/2026 2:10:06 AM,"22,172.0",16,119506260,"PALANQUILLA 130X130MM AZA 1629 3,2M (N)",55,"23,232.0",614.8,445.2,95.44,97,"68,857,602.0",47627,167890,"72,727,844.0","3,219,845.9","1,024,672.1",94.68
43047872,B HORMIGON 25MM 12M A630-420H (N),4/21/2026 4:30:35 AM,4/21/2026 11:15:21 AM,"151,443.0",99,102526100,"PALANQUILLA 130X130MM AZA 1541 3,3M (N)",365,"158,994.0","6,759.9",791.1,95.25,95,"68,857,602.0",47627,167890,"72,727,844.0","3,219,845.9","1,024,672.1",94.68
43047873,B HORMIGON 25MM 11M A630-420H (N),4/21/2026 11:39:13 AM,4/21/2026 1:09:54 PM,"40,600.0",27,102526100,"PALANQUILLA 130X130MM AZA 1541 3,3M (N)",100,"43,560.0","1,716.8","1,243.2",93.20,95,"68,857,602.0",47627,167890,"72,727,844.0","3,219,845.9","1,024,672.1",94.68
43047874,B HORMIGON 25MM 10M A630-420H (N),4/21/2026 1:35:00 PM,4/21/2026 3:52:17 PM,"51,964.0",35,102526100,"PALANQUILLA 130X130MM AZA 1541 3,3M (N)",128,"55,756.8","2,199.8","1,593.0",93.20,95,"68,857,602.0",47627,167890,"72,727,844.0","3,219,845.9","1,024,672.1",94.68
43047875,B HORMIGON 25MM 9M A630-420H (N),4/21/2026 4:19:26 PM,4/21/2026 5:06:32 PM,"20,937.0",14,102513137,PALANQUILLA 130X130MM AZA 1541 3M (N),56,"22,176.0","1,109.2",129.8,94.41,95,"68,857,602.0",47627,167890,"72,727,844.0","3,219,845.9","1,024,672.1",94.68
43047877,B HORMIGON 25MM 12M A630-420HS (N),4/21/2026 5:44:00 PM,4/21/2026 11:49:52 PM,"36,661.0",23,119506261,"PALANQUILLA 130X130MM AZA 1629 3,3M (N)",91,"39,639.6","1,727.6","1,251.0",92.49,95,"68,857,602.0",47627,167890,"72,727,844.0","3,219,845.9","1,024,672.1",94.68
43047878,B HORMIGON R 25MM 12M A630-420HS(N),4/22/2026 12:09:53 AM,4/22/2026 2:05:17 AM,"54,152.0",37,119506261,"PALANQUILLA 130X130MM AZA 1629 3,3M (N)",132,"57,499.2","2,996.5",350.7,94.18,97,"68,857,602.0",47627,167890,"72,727,844.0","3,219,845.9","1,024,672.1",94.68
43047879,"BARRA TRASPASO CARGA 25MM 6,2M A630-420H",4/22/2026 3:16:42 AM,4/22/2026 3:57:52 AM,"21,756.0",22,119502582,"PALANQUILLA 130X130MM AZA 1050 3,4M (N) ",50,"22,440.0",,,96.95,97,"68,857,602.0",47627,167890,"72,727,844.0","3,219,845.9","1,024,672.1",94.68
43047882,PLANA 50X6MM 6M A270ES (N),4/22/2026 5:40:33 AM,4/22/2026 12:48:43 PM,"82,474.0",80,102525180,"PALANQUILLA 130X130MM AZA 1011 3,4M (N)",211,"94,696.8","10,713.8","1,509.0",87.09,96,"68,857,602.0",47627,167890,"72,727,844.0","3,219,845.9","1,024,672.1",94.68
43047881,B HORMIGON R 32MM 12M A630-420HS (N),4/22/2026 2:54:28 PM,4/23/2026 2:30:27 AM,"113,657.0",76,119506258,"PALANQUILLA 130X130MM AZA 1629 3,0M (N)",310,"122,760.0","5,279.7","3,823.3",92.58,97,"68,857,602.0",47627,167890,"72,727,844.0","3,219,845.9","1,024,672.1",94.68
43047884,B HORMIGON 18MM 12M A630-420H (N),4/23/2026 4:52:06 AM,4/23/2026 3:03:58 PM,"243,374.0",156,102524188,"PALANQUILLA 130X130MM AZA 1541 3,4M (N)",571,"256,264.8","10,588.9","2,301.9",94.97,96,"68,857,602.0",47627,167890,"72,727,844.0","3,219,845.9","1,024,672.1",94.68
43047886,B HORMIGON 18MM 8M A630-420H (N),4/23/2026 3:56:42 PM,4/23/2026 4:47:51 PM,"27,312.0",17,102524188,"PALANQUILLA 130X130MM AZA 1541 3,4M (N)",64,"28,723.2","1,029.8",381.4,95.09,96,"68,857,602.0",47627,167890,"72,727,844.0","3,219,845.9","1,024,672.1",94.68
43047887,B HORMIGON 18MM 7M A630-420H (N),4/23/2026 5:07:32 PM,4/23/2026 5:48:18 PM,"21,744.0",15,102524188,"PALANQUILLA 130X130MM AZA 1541 3,4M (N)",51,"22,888.8",542.3,602.5,95.00,95.9,"68,857,602.0",47627,167890,"72,727,844.0","3,219,845.9","1,024,672.1",94.68
43047888,REDONDO LISO 19MM 6M SAE 1020 (N),4/23/2026 11:15:43 PM,4/24/2026 2:24:21 AM,"78,665.0",75,102524143,"PALANQUILLA 130X130MM SAE 1020 3,4M (N)",188,"84,374.4","4,519.9","1,189.5",93.23,95.2,"68,857,602.0",47627,167890,"72,727,844.0","3,219,845.9","1,024,672.1",94.68
43047890,REDONDO LISO 3/4' 6M SAE 1020 (N),4/24/2026 2:38:05 AM,4/24/2026 4:50:51 AM,"55,206.0",53,102524143,"PALANQUILLA 130X130MM SAE 1020 3,4M (N)",132,"59,241.6","3,074.7",960.9,93.19,95.2,"68,857,602.0",47627,167890,"72,727,844.0","3,219,845.9","1,024,672.1",94.68
43047889,REDONDO LISO 3/4' 6M ASTM A 36 (N),4/24/2026 5:05:59 AM,4/24/2026 6:49:34 AM,"46,225.0",44,102526111,"PALANQUILLA 130X130MM AZA 1008 3,4M (N)",110,"49,368.0","2,945.4",197.6,93.63,95.2,"68,857,602.0",47627,167890,"72,727,844.0","3,219,845.9","1,024,672.1",94.68
43047891,REDONDO LISO 7/8' 6M SAE 1020 (N),4/24/2026 8:10:21 AM,4/24/2026 2:55:22 PM,"144,186.0",138,102524143,"PALANQUILLA 130X130MM SAE 1020 3,4M (N)",340,"152,592.0","7,300.0","1,106.1",94.49,95,"68,857,602.0",47627,167890,"72,727,844.0","3,219,845.9","1,024,672.1",94.68
43047930,"BARRA TRASPASO CARGA 22MM 6,2M A630-420H",4/24/2026 11:58:59 AM,4/24/2026 12:08:46 PM,"8,962.0",9,119502582,"PALANQUILLA 130X130MM AZA 1050 3,4M (N) ",22,"9,873.6",,,90.77,97,"68,857,602.0",47627,167890,"72,727,844.0","3,219,845.9","1,024,672.1",94.68
43047964,REDONDO LISO 7/8' 6M SAE 1020 (N),4/24/2026 3:17:46 PM,4/24/2026 5:34:00 PM,"54,332.0",51,102513162,"PALANQUILLA 130X130MM SAE 1020 2,9M (N)",150,"57,420.0",,"3,088.0",94.62,95,"68,857,602.0",47627,167890,"72,727,844.0","3,219,845.9","1,024,672.1",94.68
43047892,SAFEROCK 22MM 6M A280,4/24/2026 11:21:55 PM,4/25/2026 1:47:26 AM,"58,429.0",59,119502731,"PALANQUILLA 130X130MM AZA 1021 3,2M (N)",148,"62,515.2","2,370.0","1,716.2",93.46,95.9,"68,857,602.0",47627,167890,"72,727,844.0","3,219,845.9","1,024,672.1",94.68
43047931,B HORMIGON 22MM 12M A630-420H (N),4/25/2026 7:45:45 AM,4/25/2026 11:28:21 PM,"356,592.0",228,102513132,"PALANQUILLA 130X130MM AZA 1541 3,1M (N)",911,"372,781.2","13,491.0","2,698.2",95.66,97.4,"68,857,602.0",47627,167890,"72,727,844.0","3,219,845.9","1,024,672.1",94.68
43047932,B HORMIGON 22MM 11M A630-420H (N),4/26/2026 12:26:02 AM,4/26/2026 3:22:54 AM,"75,717.0",48,102513132,"PALANQUILLA 130X130MM AZA 1541 3,1M (N)",194,"79,384.8","3,158.4",509.4,95.38,97.4,"68,857,602.0",47627,167890,"72,727,844.0","3,219,845.9","1,024,672.1",94.68
43047933,B HORMIGON 22MM 10M A630-420H (N),4/26/2026 3:46:26 AM,4/27/2026 2:15:41 AM,"109,170.0",70,102526100,"PALANQUILLA 130X130MM AZA 1541 3,3M (N)",264,"114,998.4","5,071.5",756.9,94.93,97.4,"68,857,602.0",47627,167890,"72,727,844.0","3,219,845.9","1,024,672.1",94.68
43047934,B HORMIGON 22MM 9M A630-420H (N),4/27/2026 2:34:21 AM,4/27/2026 5:52:59 PM,"170,115.0",115,102524188,"PALANQUILLA 130X130MM AZA 1541 3,4M (N)",399,"179,071.2","8,180.5",775.7,95.00,97.4,"68,857,602.0",47627,167890,"72,727,844.0","3,219,845.9","1,024,672.1",94.68
43047935,B HORMIGON 22MM 8M A630-420H (N),4/27/2026 6:54:53 AM,4/27/2026 8:24:24 AM,"38,878.0",25,102513137,PALANQUILLA 130X130MM AZA 1541 3M (N),103,"40,788.0","1,762.1",148.0,95.32,97.4,"68,857,602.0",47627,167890,"72,727,844.0","3,219,845.9","1,024,672.1",94.68
43047936,B HORMIGON 22MM 7M A630-420H (N),4/27/2026 8:46:26 AM,4/27/2026 9:46:11 AM,"31,038.0",20,102526100,"PALANQUILLA 130X130MM AZA 1541 3,3M (N)",75,"32,670.0","1,461.0",171.0,95.00,97.4,"68,857,602.0",47627,167890,"72,727,844.0","3,219,845.9","1,024,672.1",94.68
43047937,B HORMIGON 22MM 6M A630-420H (N),4/27/2026 10:07:06 AM,4/27/2026 11:30:42 AM,"36,452.0",36,102513132,"PALANQUILLA 130X130MM AZA 1541 3,1M (N)",93,"38,055.6","1,102.5",501.1,95.79,97.4,"68,857,602.0",47627,167890,"72,727,844.0","3,219,845.9","1,024,672.1",94.68
43047938,B HORMIGON 22MM 12M A630-420HS (N),4/27/2026 12:10:29 PM,4/27/2026 2:48:34 PM,"68,971.0",45,119506259,"PALANQUILLA 130X130MM AZA 1629 3,1M (N)",179,"73,246.8","2,480.0","1,795.8",94.16,97,"68,857,602.0",47627,167890,"72,727,844.0","3,219,845.9","1,024,672.1",94.68
43047958,ANGULO SEMI 40X40X3MM A270ES,4/27/2026 11:42:28 PM,4/28/2026 5:38:56 PM,"280,639.0",145,102525180,"PALANQUILLA 130X130MM AZA 1011 3,4M (N)",664,"298,003.2","13,129.0","4,235.2",94.17,95.7,"68,857,602.0",47627,167890,"72,727,844.0","3,219,845.9","1,024,672.1",94.68
43047974,SAFEROCK 22MM 12M A280,4/28/2026 6:30:42 PM,4/29/2026 6:19:39 PM,"95,184.0",48,119502731,"PALANQUILLA 130X130MM AZA 1021 3,2M (N)",239,"100,953.6","6,584.3","4,767.9",94.28,95.9,"68,857,602.0",47627,167890,"72,727,844.0","3,219,845.9","1,024,672.1",94.68
43047959,PLANA 50X12MM 6M A270ES,4/28/2026 11:17:02 PM,4/29/2026 12:26:41 AM,"35,826.0",34,102525180,"PALANQUILLA 130X130MM AZA 1011 3,4M (N)",86,"38,596.8","2,411.0",359.8,92.82,95.1,"68,857,602.0",47627,167890,"72,727,844.0","3,219,845.9","1,024,672.1",94.68
43047960,PLANA 50X10MM 6M A270ES (N),4/29/2026 1:12:14 AM,4/29/2026 6:18:51 AM,"121,702.0",123,102525180,"PALANQUILLA 130X130MM AZA 1011 3,4M (N)",286,"128,356.8","5,676.1",978.7,94.82,95.4,"68,857,602.0",47627,167890,"72,727,844.0","3,219,845.9","1,024,672.1",94.68
43047961,PLANA 63X8MM 6M A270ES (N),4/29/2026 8:59:10 AM,4/29/2026 3:03:50 PM,"115,864.0",111,102525180,"PALANQUILLA 130X130MM AZA 1011 3,4M (N)",288,"129,254.4","11,195.3","2,195.2",89.64,95.5,"68,857,602.0",47627,167890,"72,727,844.0","3,219,845.9","1,024,672.1",94.68
43047962,ANGULO SEMI 50X50X5MM A270ES,4/29/2026 11:32:59 PM,4/30/2026 2:13:34 AM,"57,269.0",28,102525180,"PALANQUILLA 130X130MM AZA 1011 3,4M (N)",141,"63,280.8","4,877.5","1,134.3",90.50,94.8,"68,857,602.0",47627,167890,"72,727,844.0","3,219,845.9","1,024,672.1",94.68
43047963,ANGULO SEMI 50X50X3MM A270ES,4/30/2026 3:46:14 AM,4/30/2026 5:09:06 PM,"220,339.0",117,102525180,"PALANQUILLA 130X130MM AZA 1011 3,4M (N)",517,"232,029.6","9,774.1","1,916.5",94.96,95.3,"68,857,602.0",47627,167890,"72,727,844.0","3,219,845.9","1,024,672.1",94.68
43048033,B HORMIGON 28MM 8M A630-420H (N),4/30/2026 5:51:12 PM,4/30/2026 5:50:16 PM,"4,030.0",3,102513121,"PALANQUILLA 130X130MM AZA 1541 3,2M (N)",1,422.4,0.0,0.0,954.07,96,"68,857,602.0",47627,167890,"72,727,844.0","3,219,845.9","1,024,672.1",94.68
43048034,B HORMIGON 28MM 10M A630-420H (N),4/30/2026 5:53:56 PM,4/30/2026 5:52:57 PM,"5,171.0",3,102513121,"PALANQUILLA 130X130MM AZA 1541 3,2M (N)",1,422.4,0.0,0.0,"1,224.20",96,"68,857,602.0",47627,167890,"72,727,844.0","3,219,845.9","1,024,672.1",94.68
43048066,B HORMIGON 28MM 11M A630-420H (N),4/30/2026 6:44:22 PM,4/30/2026 6:44:24 PM,"13,219.0",9,102513121,"PALANQUILLA 130X130MM AZA 1541 3,2M (N)",2,844.8,0.0,0.0,"1,564.75",94,"68,857,602.0",47627,167890,"72,727,844.0","3,219,845.9","1,024,672.1",94.68
43048067,PLANA 38X10MM 6M A270ES (N),5/2/2026 8:46:19 AM,5/2/2026 11:11:45 AM,"33,168.0",34,102525180,"PALANQUILLA 130X130MM AZA 1011 3,4M (N)",80,"35,904.0","2,376.0",360.0,92.38,95.8,"68,857,602.0",47627,167890,"72,727,844.0","3,219,845.9","1,024,672.1",94.68
43048069,PLANA 50X4 MM 6M A270ES (N),5/2/2026 3:20:51 PM,5/2/2026 4:58:57 PM,"29,176.0",29,102525180,"PALANQUILLA 130X130MM AZA 1011 3,4M (N)",77,"34,557.6","4,939.8",441.8,84.43,96.2,"68,857,602.0",47627,167890,"72,727,844.0","3,219,845.9","1,024,672.1",94.68
43048020,SAFEROCK SEMI 22MM 12M A280,5/2/2026 6:20:11 PM,5/4/2026 4:47:56 AM,"102,398.0",49,119502731,"PALANQUILLA 130X130MM AZA 1021 3,2M (N)",253,"106,867.2","3,792.1",677.2,95.82,95.9,"68,857,602.0",47627,167890,"72,727,844.0","3,219,845.9","1,024,672.1",94.68
43048021,SAFEROCK 22MM 12M A420,5/4/2026 5:14:53 AM,5/4/2026 2:08:26 PM,"113,342.0",55,102513099,"PALANQUILLA 130X130MM AZA 1542 3,2M (N)",286,"120,806.4","5,643.8","1,820.6",93.82,95.9,"68,857,602.0",47627,167890,"72,727,844.0","3,219,845.9","1,024,672.1",94.68
43048078,SAFEROCK 22MM 12M A420,5/4/2026 9:05:48 AM,5/4/2026 5:33:52 PM,"80,482.0",47,102524193,"PALANQUILLA 130X130MM AZA 1542 3,4M (N)",199,"89,311.2","6,675.7","2,153.5",90.11,95.9,"68,857,602.0",47627,167890,"72,727,844.0","3,219,845.9","1,024,672.1",94.68
43048025,ANGULO SEMI 80X80X10MM A270ES,5/5/2026 12:19:26 AM,5/5/2026 1:40:11 AM,"31,019.0",15,102525180,"PALANQUILLA 130X130MM AZA 1011 3,4M (N)",74,"33,211.2","1,838.6",353.6,93.40,94.1,"68,857,602.0",47627,167890,"72,727,844.0","3,219,845.9","1,024,672.1",94.68
43048027,ANGULO SEMI 80X80X8MM A270ES,5/5/2026 2:53:12 AM,5/5/2026 3:40:21 AM,"23,177.0",12,102525180,"PALANQUILLA 130X130MM AZA 1011 3,4M (N)",58,"26,030.4","2,385.6",467.8,89.04,93.4,"68,857,602.0",47627,167890,"72,727,844.0","3,219,845.9","1,024,672.1",94.68
43048026,ANGULO SEMI 80X80X8MM 12m A270ES,5/5/2026 4:09:10 AM,5/5/2026 4:51:29 AM,"24,256.0",11,102525180,"PALANQUILLA 130X130MM AZA 1011 3,4M (N)",56,"25,132.8",813.8,63.0,96.51,93.4,"68,857,602.0",47627,167890,"72,727,844.0","3,219,845.9","1,024,672.1",94.68
43048028,ANGULO SEMI 80X80X6MM A270ES,5/5/2026 7:13:43 AM,5/5/2026 5:50:06 PM,"175,227.0",82,102525180,"PALANQUILLA 130X130MM AZA 1011 3,4M (N)",415,"186,252.0","9,217.6","1,807.4",94.08,94.9,"68,857,602.0",47627,167890,"72,727,844.0","3,219,845.9","1,024,672.1",94.68
43048111,ANG SEMI 80X80X6MM 12M ASTM A572 T2 (N),5/5/2026 1:08:16 PM,5/5/2026 1:19:34 PM,"10,547.0",5,119505172,"PALANQUILLA 130X130MM AZA 1613 3,4M (N)",25,"11,220.0",574.0,99.0,94.00,97,"68,857,602.0",47627,167890,"72,727,844.0","3,219,845.9","1,024,672.1",94.68
43048029,ANGULO SEMI 65X65X8MM A270ES,5/5/2026 11:30:00 PM,5/6/2026 12:50:19 AM,"35,402.0",18,102525180,"PALANQUILLA 130X130MM AZA 1011 3,4M (N)",85,"38,148.0","2,379.9",366.1,92.80,95.4,"68,857,602.0",47627,167890,"72,727,844.0","3,219,845.9","1,024,672.1",94.68
43048030,ANGULO SEMI 65X65X6MM A270ES,5/6/2026 1:50:48 AM,5/6/2026 4:29:35 AM,"64,417.0",32,102525180,"PALANQUILLA 130X130MM AZA 1011 3,4M (N)",150,"67,320.0","2,355.3",547.7,95.69,95.1,"68,857,602.0",47627,167890,"72,727,844.0","3,219,845.9","1,024,672.1",94.68
43048031,ANGULO SEMI 65X65X5MM A270ES,5/6/2026 8:21:52 AM,5/6/2026 2:55:07 PM,"108,951.0",60,102525180,"PALANQUILLA 130X130MM AZA 1011 3,4M (N)",268,"120,278.4","9,407.5","1,919.9",90.58,95.1,"68,857,602.0",47627,167890,"72,727,844.0","3,219,845.9","1,024,672.1",94.68
43048064,B HORMIGON 36MM 12M A630-420H (N),5/6/2026 11:29:40 PM,5/7/2026 2:09:54 AM,"54,761.0",36,102513132,"PALANQUILLA 130X130MM AZA 1541 3,1M (N)",143,"58,515.6","2,177.7","1,576.9",93.58,96,"68,857,602.0",47627,167890,"72,727,844.0","3,219,845.9","1,024,672.1",94.68
43048145,B HORMIGON 36MM 12M A630-420H (N),5/7/2026 2:37:11 AM,5/7/2026 5:17:35 AM,"58,484.0",38,102513108,"PALANQUILLA 130X130MM P PRUEBAS 3,1M (N)",153,"62,607.6","2,391.7","1,731.9",93.41,96,"68,857,602.0",47627,167890,"72,727,844.0","3,219,845.9","1,024,672.1",94.68
43048044,B HORMIGON 36MM 9M A630-420H (N),5/7/2026 5:45:22 AM,5/7/2026 8:25:41 AM,"55,225.0",39,102513145,"PALANQUILLA 130X130MM AZA 1541 2,9M (N)",155,"59,334.0","2,383.2","1,725.8",93.07,97,"68,857,602.0",47627,167890,"72,727,844.0","3,219,845.9","1,024,672.1",94.68
43048045,B HORMIGON 28MM 8M A630-420H (N),5/7/2026 10:23:09 AM,5/7/2026 2:50:28 PM,"117,790.0",80,102524188,"PALANQUILLA 130X130MM AZA 1541 3,4M (N)",277,"124,317.6","3,786.0","2,741.6",94.75,96,"68,857,602.0",47627,167890,"72,727,844.0","3,219,845.9","1,024,672.1",94.68
43048046,REDONDO LISO 1' 6M ASTM A 36 (N),5/7/2026 5:26:20 PM,5/7/2026 11:17:07 PM,"38,213.0",39,102525180,"PALANQUILLA 130X130MM AZA 1011 3,4M (N)",94,"42,187.2","4,650.6",596.2,90.58,94.7,"68,857,602.0",47627,167890,"72,727,844.0","3,219,845.9","1,024,672.1",94.68
43048047,REDONDO LISO 1' 6M SAE 1020 (N),5/7/2026 11:35:54 PM,5/8/2026 12:12:40 AM,"21,184.0",21,102524143,"PALANQUILLA 130X130MM SAE 1020 3,4M (N)",50,"22,440.0","1,043.1",212.9,94.40,94.7,"68,857,602.0",47627,167890,"72,727,844.0","3,219,845.9","1,024,672.1",94.68
43048051,SAFEROCK 25MM 12M A420,5/8/2026 1:53:01 AM,5/8/2026 3:39:37 AM,"51,445.0",26,102524193,"PALANQUILLA 130X130MM AZA 1542 3,4M (N)",121,"54,304.8","2,568.5",291.3,94.73,95.3,"68,857,602.0",47627,167890,"72,727,844.0","3,219,845.9","1,024,672.1",94.68
43048048,"SAFEROCK 25MM 8,4M A520",5/8/2026 4:09:19 AM,5/8/2026 6:34:27 AM,"63,844.0",35,102526117,"PALANQUILLA 130X130MM AZA 1644 3,4M (N)",143,"64,178.4",194.0,140.5,99.48,97,"68,857,602.0",47627,167890,"72,727,844.0","3,219,845.9","1,024,672.1",94.68
43048050,"SAFEROCK 25MM 11,96M A520",5/8/2026 6:58:08 AM,5/8/2026 7:28:59 AM,"18,492.0",10,102526117,"PALANQUILLA 130X130MM AZA 1644 3,4M (N)",44,"19,747.2",728.0,527.2,93.64,97,"68,857,602.0",47627,167890,"72,727,844.0","3,219,845.9","1,024,672.1",94.68
43048049,SAFEROCK 25MM 10M A420,5/8/2026 7:54:32 AM,5/8/2026 8:32:19 AM,"23,266.0",12,102524193,"PALANQUILLA 130X130MM AZA 1542 3,4M (N)",55,"24,684.0",822.4,595.6,94.26,95.4,"68,857,602.0",47627,167890,"72,727,844.0","3,219,845.9","1,024,672.1",94.68
43048059,B HORMIGON R 25MM 12M A630-420HS(N),5/8/2026 10:54:48 AM,5/8/2026 12:47:43 PM,"52,718.0",37,119506261,"PALANQUILLA 130X130MM AZA 1629 3,3M (N)",130,"56,628.0","3,500.4",409.6,93.10,97,"68,857,602.0",47627,167890,"72,727,844.0","3,219,845.9","1,024,672.1",94.68
43048060,B HORMIGON 25MM 12M A630-420H (N),5/8/2026 1:29:32 PM,5/8/2026 5:32:08 PM,"82,419.0",56,102526100,"PALANQUILLA 130X130MM AZA 1541 3,3M (N)",210,"91,476.0","8,108.2",948.8,90.10,95,"68,857,602.0",47627,167890,"72,727,844.0","3,219,845.9","1,024,672.1",94.68
43048184,B HORMIGON 25MM 7M A630-420H (N),5/8/2026 6:13:51 PM,5/8/2026 6:10:50 PM,"12,378.0",9,102526100,"PALANQUILLA 130X130MM AZA 1541 3,3M (N)",1,435.6,0.0,0.0,"2,841.60",95,"68,857,602.0",47627,167890,"72,727,844.0","3,219,845.9","1,024,672.1",94.68
43048154,B HORMIGON 18MM 12M A630-420H (N),5/8/2026 11:48:08 PM,5/9/2026 2:43:50 PM,"304,284.0",199,102524188,"PALANQUILLA 130X130MM AZA 1541 3,4M (N)",713,"319,994.4","12,989.3","2,823.8",95.09,96,"68,857,602.0",47627,167890,"72,727,844.0","3,219,845.9","1,024,672.1",94.68
43048155,B HORMIGON 18MM 10M A630-420H (N),5/9/2026 3:12:10 PM,5/9/2026 3:46:55 PM,"18,340.0",12,102524188,"PALANQUILLA 130X130MM AZA 1541 3,4M (N)",44,"19,747.2",953.3,453.9,92.87,96,"68,857,602.0",47627,167890,"72,727,844.0","3,219,845.9","1,024,672.1",94.68
43048156,B HORMIGON 18MM 8M A630-420H (N),5/9/2026 4:07:13 PM,5/9/2026 5:44:48 PM,"47,465.0",31,102524188,"PALANQUILLA 130X130MM AZA 1541 3,4M (N)",110,"49,368.0","1,388.7",514.3,96.15,96,"68,857,602.0",47627,167890,"72,727,844.0","3,219,845.9","1,024,672.1",94.68
43048157,B HORMIGON 18MM 7M A630-420H (N),5/9/2026 6:23:03 PM,5/9/2026 7:52:05 PM,"36,840.0",25,102524188,"PALANQUILLA 130X130MM AZA 1541 3,4M (N)",86,"38,596.8",832.2,924.6,95.45,95.9,"68,857,602.0",47627,167890,"72,727,844.0","3,219,845.9","1,024,672.1",94.68
43048175,B HORMIGON 18MM 11M A630-420HS (N),5/9/2026 8:25:01 PM,5/9/2026 9:02:34 PM,"20,593.0",14,119506262,"PALANQUILLA 130X130MM AZA 1629 3,4M (N",50,"22,440.0","1,086.5",760.5,91.77,95,"68,857,602.0",47627,167890,"72,727,844.0","3,219,845.9","1,024,672.1",94.68
43048158,B HORMIGON 18MM 10M A630-420HS (N),5/9/2026 9:19:21 PM,5/9/2026 10:35:02 PM,"34,665.0",24,119506262,"PALANQUILLA 130X130MM AZA 1629 3,4M (N",83,"37,250.4","1,520.8","1,064.6",93.06,95,"68,857,602.0",47627,167890,"72,727,844.0","3,219,845.9","1,024,672.1",94.68
43048159,ANGULO SEMI 30X30X3MM A270ES,5/10/2026 1:41:50 AM,5/11/2026 11:14:24 AM,"231,217.0",111,102525180,"PALANQUILLA 130X130MM AZA 1011 3,4M (N)",547,"245,493.6","11,936.2","2,340.4",94.18,96,"68,857,602.0",47627,167890,"72,727,844.0","3,219,845.9","1,024,672.1",94.68
43048160,PLANA 50X3 MM 6M A270ES (N),5/11/2026 3:29:05 PM,5/12/2026 1:02:24 AM,"37,328.0",33,102525180,"PALANQUILLA 130X130MM AZA 1011 3,4M (N)",95,"42,636.0","4,437.8",870.2,87.55,96.3,"68,857,602.0",47627,167890,"72,727,844.0","3,219,845.9","1,024,672.1",94.68
43048162,CUADRADO 10MM 6M COMERCIAL (N),5/12/2026 4:46:59 AM,5/12/2026 2:49:40 PM,"107,371.0",104,102513114,"PALANQUILLA 130X130MM AZA 1011 2,9M (N)",299,"114,457.2","6,189.2",897.0,93.81,96.7,"68,857,602.0",47627,167890,"72,727,844.0","3,219,845.9","1,024,672.1",94.68
43048200,CUADRADO 10MM 6M COMERCIAL (N),5/12/2026 3:01:53 PM,5/12/2026 3:47:37 PM,"15,366.0",15,102513113,"PALANQUILLA 130X130MM P PRUEBAS 2,9M (N)",45,"17,226.0","1,624.6",235.4,89.20,96.7,"68,857,602.0",47627,167890,"72,727,844.0","3,219,845.9","1,024,672.1",94.68
43048161,PLANA 25X3MM 6M A270ES (N),5/12/2026 11:22:36 PM,5/13/2026 3:14:40 AM,"17,770.0",17,102513114,"PALANQUILLA 130X130MM AZA 1011 2,9M (N)",62,"23,733.6","4,986.0",977.6,74.87,96.8,"68,857,602.0",47627,167890,"72,727,844.0","3,219,845.9","1,024,672.1",94.68
43048163,REDONDO LISO 12MM 6M SAE 1020 (N),5/13/2026 6:05:19 AM,5/13/2026 12:14:27 PM,"70,392.0",71,102513162,"PALANQUILLA 130X130MM SAE 1020 2,9M (N)",196,"75,028.8","3,808.8",828.0,93.82,95.9,"68,857,602.0",47627,167890,"72,727,844.0","3,219,845.9","1,024,672.1",94.68
43048202,REDONDO LISO 1/2' 6M SAE 1045 (N),5/13/2026 1:13:51 PM,5/13/2026 1:54:37 PM,"15,870.0",15,102513104,"PALANQUILLA 130X130MM SAE 1045 2,9M (N) ",44,"16,843.2",766.1,207.1,94.22,96,"68,857,602.0",47627,167890,"72,727,844.0","3,219,845.9","1,024,672.1",94.68
43048164,PLANA 32X3MM 6M A270ES (N),5/13/2026 3:44:57 PM,5/13/2026 5:47:33 PM,"34,358.0",33,102513114,"PALANQUILLA 130X130MM AZA 1011 2,9M (N)",91,"34,834.8",398.6,78.2,98.63,96.6,"68,857,602.0",47627,167890,"72,727,844.0","3,219,845.9","1,024,672.1",94.68
43048218,CUADRADO 12MM 6M COMERCIAL (N),5/13/2026 11:45:20 PM,5/14/2026 12:17:51 AM,"12,588.0",13,102513114,"PALANQUILLA 130X130MM AZA 1011 2,9M (N)",37,"14,163.6","1,329.4",246.2,88.88,96.6,"68,857,602.0",47627,167890,"72,727,844.0","3,219,845.9","1,024,672.1",94.68
43048165,CUADRADO 12MM 6M COMERCIAL (N),5/14/2026 12:37:18 AM,5/14/2026 1:25:36 AM,"22,135.0",21,102524390,"PALANQUILLA 130X130MM AZA 1008 3,2M (N) ",55,"23,232.0",925.6,171.4,95.28,96.6,"68,857,602.0",47627,167890,"72,727,844.0","3,219,845.9","1,024,672.1",94.68
43048167,PLANA 20X8MM 6M A270ES (N),5/14/2026 2:50:58 AM,5/14/2026 4:15:24 AM,"32,816.0",32,102513096,"PALANQUILLA 130X130MM AZA 1011 3,2M (N)",83,"35,059.2","1,939.8",380.4,93.60,96.6,"68,857,602.0",47627,167890,"72,727,844.0","3,219,845.9","1,024,672.1",94.68
43048170,PLANA 38X3MM 6M A270ES (N),5/14/2026 6:24:11 AM,5/14/2026 9:08:29 AM,"20,560.0",19,102513096,"PALANQUILLA 130X130MM AZA 1011 3,2M (N)",53,"22,387.2","1,527.7",299.5,91.84,96.6,"68,857,602.0",47627,167890,"72,727,844.0","3,219,845.9","1,024,672.1",94.68
43048219,PLANA 38X3MM 6M A270ES (N),5/14/2026 9:23:00 AM,5/14/2026 1:56:38 PM,"34,103.0",33,102524390,"PALANQUILLA 130X130MM AZA 1008 3,2M (N) ",88,"37,171.2","2,674.8",393.4,91.75,96.6,"68,857,602.0",47627,167890,"72,727,844.0","3,219,845.9","1,024,672.1",94.68
43048220,PLANA 38X3MM 6M A270ES (N),5/14/2026 2:16:35 PM,5/14/2026 3:19:44 PM,"18,147.0",19,102513114,"PALANQUILLA 130X130MM AZA 1011 2,9M (N)",50,"19,140.0",830.2,162.8,94.81,96.6,"68,857,602.0",47627,167890,"72,727,844.0","3,219,845.9","1,024,672.1",94.68
43048222,ANGULO SEMI 20X20X3MM A270ES,5/14/2026 5:43:39 PM,5/15/2026 12:33:33 AM,"25,152.0",13,102513114,"PALANQUILLA 130X130MM AZA 1011 2,9M (N)",70,"26,796.0","1,350.4",293.6,93.86,96.3,"68,857,602.0",47627,167890,"72,727,844.0","3,219,845.9","1,024,672.1",94.68
43048203,REDONDO LISO 16MM 6M SAE 1020 (N),5/15/2026 2:53:59 AM,5/15/2026 7:16:09 AM,"101,456.0",98,102524143,"PALANQUILLA 130X130MM SAE 1020 3,4M (N)",240,"107,712.0","5,293.5",962.5,94.19,95.8,"68,857,602.0",47627,167890,"72,727,844.0","3,219,845.9","1,024,672.1",94.68
43048204,REDONDO LISO 5/8' 6M SAE 1020 (N),5/15/2026 7:31:08 AM,5/15/2026 8:47:02 AM,"33,478.0",32,102524143,"PALANQUILLA 130X130MM SAE 1020 3,4M (N)",78,"35,006.4","1,240.0",288.4,95.63,95.9,"68,857,602.0",47627,167890,"72,727,844.0","3,219,845.9","1,024,672.1",94.68
43048205,ANGULO SEMI 25X25X3MM A270ES,5/15/2026 10:56:19 AM,5/15/2026 5:46:48 PM,"143,433.0",70,102525180,"PALANQUILLA 130X130MM AZA 1011 3,4M (N)",324,"145,411.2","2,087.7",409.4,98.64,96.3,"68,857,602.0",47627,167890,"72,727,844.0","3,219,845.9","1,024,672.1",94.68
43048208,B HORMIGON 25MM 12M A630-420H (N),5/15/2026 11:16:01 PM,5/16/2026 12:32:57 PM,"291,759.0",195,102526100,"PALANQUILLA 130X130MM AZA 1541 3,3M (N)",705,"307,098.0","13,732.1","1,606.9",95.01,95,"68,857,602.0",47627,167890,"72,727,844.0","3,219,845.9","1,024,672.1",94.68
43048209,B HORMIGON 25MM 8M A630-420H (N),5/16/2026 12:54:32 PM,5/16/2026 3:39:01 PM,"59,739.0",39,102524188,"PALANQUILLA 130X130MM AZA 1541 3,4M (N)",141,"63,280.8","3,170.8",371.1,94.40,95,"68,857,602.0",47627,167890,"72,727,844.0","3,219,845.9","1,024,672.1",94.68
43048210,B HORMIGON 25MM 7M A630-420H (N),5/16/2026 4:04:26 PM,5/16/2026 6:58:44 PM,"74,603.0",51,102524188,"PALANQUILLA 130X130MM AZA 1541 3,4M (N)",176,"78,988.8","3,926.3",459.5,94.45,95,"68,857,602.0",47627,167890,"72,727,844.0","3,219,845.9","1,024,672.1",94.68
43048228,B HORMIGON 28MM 12M A630-420H (N),5/16/2026 9:19:02 PM,5/18/2026 3:28:52 AM,"281,813.0",177,102513121,"PALANQUILLA 130X130MM AZA 1541 3,2M (N)",701,"296,102.4","8,287.9","6,001.6",95.17,96,"68,857,602.0",47627,167890,"72,727,844.0","3,219,845.9","1,024,672.1",94.68
43048229,B HORMIGON 28MM 11M A630-420H (N),5/18/2026 3:56:43 AM,5/18/2026 6:47:09 AM,"36,562.0",25,102513137,PALANQUILLA 130X130MM AZA 1541 3M (N),99,"39,204.0","1,532.4","1,109.6",93.26,94,"68,857,602.0",47627,167890,"72,727,844.0","3,219,845.9","1,024,672.1",94.68
43048230,B HORMIGON 28MM 9M A630-420H (N),5/18/2026 7:25:54 AM,5/18/2026 8:49:25 AM,"41,308.0",28,102524188,"PALANQUILLA 130X130MM AZA 1541 3,4M (N)",99,"44,431.2","1,811.5","1,311.8",92.97,94,"68,857,602.0",47627,167890,"72,727,844.0","3,219,845.9","1,024,672.1",94.68
43048231,B HORMIGON 28MM 8M A630-420H (N),5/18/2026 9:18:05 AM,5/18/2026 9:49:14 AM,"21,169.0",13,102524188,"PALANQUILLA 130X130MM AZA 1541 3,4M (N)",50,"22,440.0",737.2,533.8,94.34,96,"68,857,602.0",47627,167890,"72,727,844.0","3,219,845.9","1,024,672.1",94.68
43048206,PLANA 50X8MM 6M A270ES (N),5/18/2026 12:19:20 PM,5/18/2026 1:33:28 PM,"29,250.0",27,102525180,"PALANQUILLA 130X130MM AZA 1011 3,4M (N)",74,"33,211.2","3,278.2",683.0,88.07,95.7,"68,857,602.0",47627,167890,"72,727,844.0","3,219,845.9","1,024,672.1",94.68
43048207,PLANA 50X5MM 6M A270ES (N),5/18/2026 3:06:43 PM,5/18/2026 5:30:10 PM,"56,998.0",55,102525180,"PALANQUILLA 130X130MM AZA 1011 3,4M (N)",135,"60,588.0","3,001.5",588.5,94.07,96,"68,857,602.0",47627,167890,"72,727,844.0","3,219,845.9","1,024,672.1",94.68
43048232,B HORMIGON 18MM 12M A630-420H (N),5/18/2026 11:05:13 PM,5/19/2026 12:19:25 PM,"295,562.0",189,102524188,"PALANQUILLA 130X130MM AZA 1541 3,4M (N)",682,"306,081.6","10,147.8","2,206.0",96.56,96,"68,857,602.0",47627,167890,"72,727,844.0","3,219,845.9","1,024,672.1",94.68
43048233,B HORMIGON 18MM 10M A630-420H (N),5/19/2026 12:47:29 PM,5/19/2026 2:36:14 PM,"50,425.0",32,102524188,"PALANQUILLA 130X130MM AZA 1541 3,4M (N)",120,"53,856.0","2,324.2","1,106.8",93.63,96,"68,857,602.0",47627,167890,"72,727,844.0","3,219,845.9","1,024,672.1",94.68
43048234,B HORMIGON 18MM 9M A630-420H (N),5/19/2026 3:07:17 PM,5/19/2026 4:38:59 PM,"45,175.0",31,102524188,"PALANQUILLA 130X130MM AZA 1541 3,4M (N)",103,"46,226.4",767.2,284.2,97.73,95.9,"68,857,602.0",47627,167890,"72,727,844.0","3,219,845.9","1,024,672.1",94.68
43048235,B HORMIGON 18MM 8M A630-420H (N),5/19/2026 4:59:44 PM,5/19/2026 11:49:46 PM,"52,366.0",34,102524188,"PALANQUILLA 130X130MM AZA 1541 3,4M (N)",122,"54,753.6","1,742.3",645.3,95.64,96,"68,857,602.0",47627,167890,"72,727,844.0","3,219,845.9","1,024,672.1",94.68
43048236,B HORMIGON 18MM 7M A630-420H (N),5/20/2026 12:09:50 AM,5/20/2026 1:29:02 AM,"38,195.0",26,102524188,"PALANQUILLA 130X130MM AZA 1541 3,4M (N)",88,"39,494.4",615.5,683.9,96.71,95.9,"68,857,602.0",47627,167890,"72,727,844.0","3,219,845.9","1,024,672.1",94.68
43048237,B HORMIGON 18MM 6M A630-420H (N),5/20/2026 1:48:32 AM,5/20/2026 4:04:01 AM,"61,691.0",58,102524188,"PALANQUILLA 130X130MM AZA 1541 3,4M (N)",142,"63,729.6","1,674.6",364.0,96.80,96,"68,857,602.0",47627,167890,"72,727,844.0","3,219,845.9","1,024,672.1",94.68
43048238,"SAFEROCK 22MM 11,96M A520",5/20/2026 6:12:52 AM,5/20/2026 10:22:09 AM,"30,901.0",15,102513130,"PALANQUILLA 130X130MM AZA 1644 3,2M (N) ",91,"38,438.4","5,735.3","4,153.1",80.39,97,"68,857,602.0",47627,167890,"72,727,844.0","3,219,845.9","1,024,672.1",94.68
43048254,SAFEROCK SEMI 22MM 12M A280,5/20/2026 7:41:58 AM,5/21/2026 4:00:26 AM,"324,547.0",149,119502731,"PALANQUILLA 130X130MM AZA 1021 3,2M (N)",800,"337,920.0","11,346.8","2,026.2",96.04,95.9,"68,857,602.0",47627,167890,"72,727,844.0","3,219,845.9","1,024,672.1",94.68
43048022,"SAFEROCK SEMI 22MM 10,5M A280",5/21/2026 4:24:51 AM,5/21/2026 9:14:45 AM,"67,901.0",31,119502731,"PALANQUILLA 130X130MM AZA 1021 3,2M (N)",168,"70,963.2","2,630.9",431.3,95.68,95.8,"68,857,602.0",47627,167890,"72,727,844.0","3,219,845.9","1,024,672.1",94.68
43048297,SAFEROCK 22MM 12M A280,5/21/2026 9:37:11 AM,5/21/2026 12:04:13 PM,"60,535.0",31,119502731,"PALANQUILLA 130X130MM AZA 1021 3,2M (N)",148,"62,515.2","1,148.5",831.7,96.83,95.9,"68,857,602.0",47627,167890,"72,727,844.0","3,219,845.9","1,024,672.1",94.68
43048256,SAFEROCK SEMI 22MM 10M A280,5/21/2026 12:30:08 PM,5/21/2026 1:45:04 PM,"31,196.0",17,102524194,"PALANQUILLA 130X130MM AZA 1021 3,4M (N)",74,"33,211.2","1,763.3",251.9,93.93,95.3,"68,857,602.0",47627,167890,"72,727,844.0","3,219,845.9","1,024,672.1",94.68
43048257,"SAFEROCK SEMI 22MM 9,6M A280",5/21/2026 2:10:02 PM,5/21/2026 6:20:08 PM,"99,387.0",49,102524194,"PALANQUILLA 130X130MM AZA 1021 3,4M (N)",232,"104,121.6","2,746.1","1,988.5",95.45,95.7,"68,857,602.0",47627,167890,"72,727,844.0","3,219,845.9","1,024,672.1",94.68
43048258,ANGULO SEMI 30X30X5MM A270ES,5/21/2026 8:28:39 PM,5/21/2026 9:31:26 PM,"28,471.0",14,102525180,"PALANQUILLA 130X130MM AZA 1011 3,4M (N)",67,"30,069.6","1,336.5",262.1,94.68,95.8,"68,857,602.0",47627,167890,"72,727,844.0","3,219,845.9","1,024,672.1",94.68
43048259,ANGULO SEMI 30X30X3MM A270ES,5/21/2026 10:57:22 PM,5/22/2026 4:59:16 PM,"287,396.0",147,102525180,"PALANQUILLA 130X130MM AZA 1011 3,4M (N)",669,"300,247.2","11,975.6","2,348.2",95.72,96,"68,857,602.0",47627,167890,"72,727,844.0","3,219,845.9","1,024,672.1",94.68
43048260,B HORMIGON 36MM 12M A630-420H (N),5/22/2026 11:38:15 PM,5/23/2026 3:05:02 AM,"91,451.0",60,102513132,"PALANQUILLA 130X130MM AZA 1541 3,1M (N)",240,"98,208.0","3,919.1","2,837.9",93.12,96,"68,857,602.0",47627,167890,"72,727,844.0","3,219,845.9","1,024,672.1",94.68
43048315,B HORMIGON 36MM 7M A630-420H (N),5/23/2026 3:42:57 AM,5/23/2026 5:01:55 AM,"39,126.0",26,102513132,"PALANQUILLA 130X130MM AZA 1541 3,1M (N)",101,"41,329.2","1,277.9",925.3,94.67,96,"68,857,602.0",47627,167890,"72,727,844.0","3,219,845.9","1,024,672.1",94.68
43048263,B HORMIGON 28MM 10M A630-420H (N),5/23/2026 6:22:59 AM,5/28/2026 8:58:26 PM,"182,100.0",117,102524188,"PALANQUILLA 130X130MM AZA 1541 3,4M (N)",377,"169,197.6","4,016.3","2,908.3",107.63,96,"68,857,602.0",47627,167890,"72,727,844.0","3,219,845.9","1,024,672.1",94.68
43048261,B HORMIGON 28MM 12M A630-420H (N),5/23/2026 11:53:23 AM,5/23/2026 9:46:47 PM,"234,775.0",147,102513121,"PALANQUILLA 130X130MM AZA 1541 3,2M (N)",585,"247,104.0","7,150.8","5,178.2",95.01,96,"68,857,602.0",47627,167890,"72,727,844.0","3,219,845.9","1,024,672.1",94.68
43048262,B HORMIGON 28MM 11M A630-420H (N),5/24/2026 12:53:31 AM,5/25/2026 1:02:23 AM,"141,114.0",93,102513137,PALANQUILLA 130X130MM AZA 1541 3M (N),384,"152,064.0","6,351.0","4,599.0",92.80,94,"68,857,602.0",47627,167890,"72,727,844.0","3,219,845.9","1,024,672.1",94.68
43048264,B HORMIGON 28MM 9M A630-420H (N),5/25/2026 1:28:10 AM,5/25/2026 7:02:11 AM,"126,297.0",86,102524188,"PALANQUILLA 130X130MM AZA 1541 3,4M (N)",297,"133,293.6","4,058.0","2,938.6",94.75,94,"68,857,602.0",47627,167890,"72,727,844.0","3,219,845.9","1,024,672.1",94.68
43048316,B HORMIGON 28MM 8M A630-420H (N),5/25/2026 7:28:55 AM,5/25/2026 11:47:20 AM,"104,172.0",69,102513137,PALANQUILLA 130X130MM AZA 1541 3M (N),277,"109,692.0","3,201.6","2,318.4",94.97,96,"68,857,602.0",47627,167890,"72,727,844.0","3,219,845.9","1,024,672.1",94.68
43048317,B HORMIGON 28MM 8M A630-420H (N),5/25/2026 12:04:54 PM,5/25/2026 12:32:46 PM,"19,170.0",12,102526100,"PALANQUILLA 130X130MM AZA 1541 3,3M (N)",44,"19,166.4",0.0,0.0,100.02,96,"68,857,602.0",47627,167890,"72,727,844.0","3,219,845.9","1,024,672.1",94.68
43048265,B HORMIGON 28MM 7M A630-420H (N),5/25/2026 12:59:46 PM,5/25/2026 5:49:45 PM,"116,377.0",73,102513121,"PALANQUILLA 130X130MM AZA 1541 3,2M (N)",297,"125,452.8","5,264.0","3,811.8",92.77,96,"68,857,602.0",47627,167890,"72,727,844.0","3,219,845.9","1,024,672.1",94.68
43048266,ANGULO SEMI 40X40X5MM A270ES,5/26/2026 12:00:31 AM,5/26/2026 1:49:29 AM,"42,737.0",20,102525180,"PALANQUILLA 130X130MM AZA 1011 3,4M (N)",98,"43,982.4","1,041.2",204.2,97.17,95.4,"68,857,602.0",47627,167890,"72,727,844.0","3,219,845.9","1,024,672.1",94.68
43048267,ANGULO SEMI 40X40X4MM A270ES,5/26/2026 2:40:16 AM,5/26/2026 4:15:05 AM,"42,613.0",22,102525180,"PALANQUILLA 130X130MM AZA 1011 3,4M (N)",100,"44,880.0","1,895.4",371.6,94.95,95.3,"68,857,602.0",47627,167890,"72,727,844.0","3,219,845.9","1,024,672.1",94.68
43048268,ANGULO SEMI 40X40X3MM A270ES,5/26/2026 5:49:07 AM,5/26/2026 5:41:10 PM,"199,076.0",114,102525180,"PALANQUILLA 130X130MM AZA 1011 3,4M (N)",473,"212,282.4","9,985.3","3,221.1",93.78,95.7,"68,857,602.0",47627,167890,"72,727,844.0","3,219,845.9","1,024,672.1",94.68
43048318,SAFEROCK 22MM 12M A280,5/26/2026 11:17:06 PM,5/27/2026 8:17:57 AM,"169,189.0",86,119502731,"PALANQUILLA 130X130MM AZA 1021 3,2M (N)",423,"178,675.2","5,502.0","3,984.2",94.69,95.9,"68,857,602.0",47627,167890,"72,727,844.0","3,219,845.9","1,024,672.1",94.68
43048319,PLANA 50X3 MM 6M A270ES (N),5/27/2026 11:09:54 AM,5/27/2026 4:59:25 PM,"23,533.0",22,102525180,"PALANQUILLA 130X130MM AZA 1011 3,4M (N)",76,"34,108.8","8,842.1","1,733.7",68.99,96.3,"68,857,602.0",47627,167890,"72,727,844.0","3,219,845.9","1,024,672.1",94.68
43048320,B HORMIGON 18MM 12M A630-420H (N),5/27/2026 11:07:02 PM,5/28/2026 6:19:57 AM,"158,826.0",104,102524188,"PALANQUILLA 130X130MM AZA 1541 3,4M (N)",374,"167,851.2","7,413.6","1,611.7",94.62,96,"68,857,602.0",47627,167890,"72,727,844.0","3,219,845.9","1,024,672.1",94.68
43048321,B HORMIGON 18MM 11M A630-420H (N),5/28/2026 6:37:11 AM,5/28/2026 7:24:03 AM,"23,699.0",17,102524188,"PALANQUILLA 130X130MM AZA 1541 3,4M (N)",57,"25,581.6","1,527.4",355.2,92.64,96,"68,857,602.0",47627,167890,"72,727,844.0","3,219,845.9","1,024,672.1",94.68
43048322,B HORMIGON 18MM 10M A630-420H (N),5/28/2026 7:45:01 AM,5/28/2026 9:29:12 AM,"49,015.0",33,102524188,"PALANQUILLA 130X130MM AZA 1541 3,4M (N)",116,"52,060.8","2,063.3",982.5,94.15,96,"68,857,602.0",47627,167890,"72,727,844.0","3,219,845.9","1,024,672.1",94.68
43048323,B HORMIGON 18MM 9M A630-420H (N),5/28/2026 10:14:17 AM,5/28/2026 11:11:18 AM,"28,344.0",19,102524188,"PALANQUILLA 130X130MM AZA 1541 3,4M (N)",67,"30,069.6","1,259.2",466.4,94.26,95.9,"68,857,602.0",47627,167890,"72,727,844.0","3,219,845.9","1,024,672.1",94.68
43048324,B HORMIGON 18MM 8M A630-420H (N),5/28/2026 11:31:05 AM,5/28/2026 1:43:12 PM,"60,351.0",40,102524188,"PALANQUILLA 130X130MM AZA 1541 3,4M (N)",142,"63,729.6","2,465.5",913.1,94.70,96,"68,857,602.0",47627,167890,"72,727,844.0","3,219,845.9","1,024,672.1",94.68
43048325,B HORMIGON 18MM 7M A630-420H (N),5/28/2026 2:05:46 PM,5/28/2026 2:33:51 PM,"19,147.0",12,102524188,"PALANQUILLA 130X130MM AZA 1541 3,4M (N)",44,"19,747.2",284.3,315.9,96.96,95.9,"68,857,602.0",47627,167890,"72,727,844.0","3,219,845.9","1,024,672.1",94.68
43048390,B HORMIGON 18MM 7M A630-420H (N),5/28/2026 2:51:42 PM,5/28/2026 4:58:44 PM,"52,190.0",33,102526100,"PALANQUILLA 130X130MM AZA 1541 3,3M (N)",126,"54,885.6","1,276.9","1,418.7",95.09,95.9,"68,857,602.0",47627,167890,"72,727,844.0","3,219,845.9","1,024,672.1",94.68
43048389,B HORMIGON 18MM 10M A630-420H (N),5/28/2026 5:18:00 PM,5/28/2026 5:47:53 PM,"17,261.0",11,102513132,"PALANQUILLA 130X130MM AZA 1541 3,1M (N)",44,"18,004.8",503.9,239.9,95.87,96,"68,857,602.0",47627,167890,"72,727,844.0","3,219,845.9","1,024,672.1",94.68
43048369,PLANA 100X12MM 6M A270ES (N),5/28/2026 11:50:53 PM,5/29/2026 12:54:53 AM,"31,454.0",29,102525180,"PALANQUILLA 130X130MM AZA 1011 3,4M (N)",74,"33,211.2","1,469.1",288.1,94.71,95.1,"68,857,602.0",47627,167890,"72,727,844.0","3,219,845.9","1,024,672.1",94.68
43048406,PLANA 100X10MM 6M A270ES (N),5/29/2026 1:41:06 AM,5/29/2026 2:51:19 AM,"31,382.0",34,102513096,"PALANQUILLA 130X130MM AZA 1011 3,2M (N)",78,"32,947.2","1,308.6",256.6,95.25,95.5,"68,857,602.0",47627,167890,"72,727,844.0","3,219,845.9","1,024,672.1",94.68
43048371,PLANA 100X8MM 6M A270ES (N),5/29/2026 4:30:44 AM,5/29/2026 7:33:47 AM,"73,021.0",74,102525180,"PALANQUILLA 130X130MM AZA 1011 3,4M (N)",171,"76,744.8","3,213.7",510.1,95.15,95.2,"68,857,602.0",47627,167890,"72,727,844.0","3,219,845.9","1,024,672.1",94.68
43048372,PLANA 100X6MM 6M A270ES (N),5/29/2026 9:13:00 AM,5/29/2026 11:17:05 AM,"40,544.0",38,102525180,"PALANQUILLA 130X130MM AZA 1011 3,4M (N)",96,"43,084.8","2,124.3",416.5,94.10,95.7,"68,857,602.0",47627,167890,"72,727,844.0","3,219,845.9","1,024,672.1",94.68
43048373,PLANA 100X5MM 6M A270ES (N),5/29/2026 11:58:51 AM,5/29/2026 5:41:20 PM,"114,878.0",109,102525180,"PALANQUILLA 130X130MM AZA 1011 3,4M (N)",265,"118,932.0","3,389.4",664.6,96.59,96,"68,857,602.0",47627,167890,"72,727,844.0","3,219,845.9","1,024,672.1",94.68
43048374,SAFEROCK 25MM 12M A420,5/29/2026 11:15:06 PM,5/30/2026 7:13:32 AM,"187,027.0",93,102524193,"PALANQUILLA 130X130MM AZA 1542 3,4M (N)",440,"197,472.0","9,381.2","1,063.8",94.71,95.3,"68,857,602.0",47627,167890,"72,727,844.0","3,219,845.9","1,024,672.1",94.68
43048375,"SAFEROCK SEMI 25MM 10,8M A280",5/30/2026 8:06:53 AM,5/30/2026 10:56:04 AM,"51,986.0",26,102524194,"PALANQUILLA 130X130MM AZA 1021 3,4M (N)",123,"55,202.4","1,865.5","1,350.9",94.17,95.3,"68,857,602.0",47627,167890,"72,727,844.0","3,219,845.9","1,024,672.1",94.68
43048376,B HORMIGON 25MM 12M A630-420H (N),5/30/2026 12:19:26 PM,5/31/2026 12:16:08 AM,"287,576.0",192,102526100,"PALANQUILLA 130X130MM AZA 1541 3,3M (N)",693,"301,870.8","12,797.3","1,497.6",95.26,95,"68,857,602.0",47627,167890,"72,727,844.0","3,219,845.9","1,024,672.1",94.68
43048377,B HORMIGON 25MM 11M A630-420H (N),5/31/2026 12:42:57 AM,5/31/2026 2:02:38 AM,"40,920.0",28,102526100,"PALANQUILLA 130X130MM AZA 1541 3,3M (N)",99,"43,124.4","1,278.6",925.9,94.89,95,"68,857,602.0",47627,167890,"72,727,844.0","3,219,845.9","1,024,672.1",94.68
43048378,B HORMIGON 25MM 10M A630-420H (N),5/31/2026 2:23:38 AM,5/31/2026 5:40:00 AM,"88,976.0",60,102526100,"PALANQUILLA 130X130MM AZA 1541 3,3M (N)",209,"91,040.4","1,568.9","1,136.1",97.73,95,"68,857,602.0",47627,167890,"72,727,844.0","3,219,845.9","1,024,672.1",94.68
43048527,B HORMIGON 25MM 9M A630-420H (N),6/1/2026 1:17:34 AM,6/1/2026 4:33:48 AM,"68,819.0",47,102513137,PALANQUILLA 130X130MM AZA 1541 3M (N),160,"63,360.0","4,940.8",578.2,108.62,95,"68,857,602.0",47627,167890,"72,727,844.0","3,219,845.9","1,024,672.1",94.68
43048528,B HORMIGON 25MM 8M A630-420H (N),6/1/2026 5:00:16 AM,6/1/2026 6:15:25 AM,"38,315.0",25,102524188,"PALANQUILLA 130X130MM AZA 1541 3,4M (N)",90,"40,392.0","1,859.4",217.6,94.86,95,"68,857,602.0",47627,167890,"72,727,844.0","3,219,845.9","1,024,672.1",94.68
43048529,PLANA 50X8MM 6M A270ES (N),6/1/2026 1:18:26 PM,6/1/2026 5:42:31 PM,"77,660.0",79,102525180,"PALANQUILLA 130X130MM AZA 1011 3,4M (N)",184,"82,579.2","4,567.6",951.6,94.04,95.7,"68,857,602.0",47627,167890,"72,727,844.0","3,219,845.9","1,024,672.1",94.68
43048544,B HORMIGON 32MM 12M A630-420HS (N),6/1/2026 11:15:06 PM,6/2/2026 7:27:47 AM,"171,585.0",114,119506258,"PALANQUILLA 130X130MM AZA 1629 3,0M (N)",462,"182,952.0","6,592.9","4,774.1",93.79,96,"68,857,602.0",47627,167890,"72,727,844.0","3,219,845.9","1,024,672.1",94.68
43048543,B HORMIGON 32MM 11M A630-420HS (N),6/2/2026 7:52:16 AM,6/2/2026 9:08:22 AM,"36,537.0",22,119506261,"PALANQUILLA 130X130MM AZA 1629 3,3M (N)",88,"38,332.8","1,041.6",754.2,95.32,96,"68,857,602.0",47627,167890,"72,727,844.0","3,219,845.9","1,024,672.1",94.68
43048545,B HORMIGON 32MM 12M A630-420H (N),6/2/2026 10:01:25 AM,6/2/2026 5:43:27 PM,"181,521.0",121,102513137,PALANQUILLA 130X130MM AZA 1541 3M (N),483,"191,268.0","5,653.3","4,093.7",94.90,96,"68,857,602.0",47627,167890,"72,727,844.0","3,219,845.9","1,024,672.1",94.68
43048535,REDONDO LISO 1 3/4' 6M SAE 1045 (N),6/3/2026 1:40:03 AM,6/3/2026 2:17:43 AM,"12,391.0",12,102513159,"PALANQUILLA 130X130MM SAE 1045 3,2M (N) ",45,"19,008.0","5,209.1","1,407.9",65.19,97,"68,857,602.0",47627,167890,"72,727,844.0","3,219,845.9","1,024,672.1",94.68
43048536,REDONDO LISO 1 1/2' 6M SAE 1045 (N),6/3/2026 4:34:40 AM,6/3/2026 6:14:36 AM,"31,883.0",30,102526114,"PALANQUILLA 130X130MM SAE 1045 3,4M (N)",76,"34,108.8","1,947.6",278.2,93.47,94.3,"68,857,602.0",47627,167890,"72,727,844.0","3,219,845.9","1,024,672.1",94.68
43048537,REDONDO LISO 1 1/2' 6M SAE 1020 (N),6/3/2026 6:35:33 AM,6/3/2026 7:51:16 AM,"33,221.0",31,102524143,"PALANQUILLA 130X130MM SAE 1020 3,4M (N)",77,"34,557.6","1,200.2",136.4,96.13,94.3,"68,857,602.0",47627,167890,"72,727,844.0","3,219,845.9","1,024,672.1",94.68
43048538,REDONDO LISO 1 1/4' 6M SAE 1020 (N),6/3/2026 9:33:15 AM,6/3/2026 12:09:56 PM,"65,580.0",64,102513153,"PALANQUILLA 130X130MM SAE 1020 3,2M (N) ",162,"68,428.8","3,977.5",662.9,95.84,95.1,"68,857,602.0",47627,167890,"72,727,844.0","3,219,845.9","1,024,672.1",94.68
43048539,REDONDO LISO 1 1/4' 6M ASTM A 36 (N),6/3/2026 12:33:03 PM,6/3/2026 1:17:48 PM,"22,038.0",23,102513096,"PALANQUILLA 130X130MM AZA 1011 3,2M (N)",54,"22,809.6",683.9,87.7,96.62,95.1,"68,857,602.0",47627,167890,"72,727,844.0","3,219,845.9","1,024,672.1",94.68
43048540,"BARRA TRASPASO CARGA 32MM 6,2M A630-420H",6/3/2026 1:40:54 PM,6/3/2026 2:41:03 PM,"21,589.0",21,119502582,"PALANQUILLA 130X130MM AZA 1050 3,4M (N) ",55,"24,684.0",,,87.46,97,"68,857,602.0",47627,167890,"72,727,844.0","3,219,845.9","1,024,672.1",94.68
43048594,REDONDO LISO 1 1/8' 6M SAE 1020 (N),6/3/2026 4:46:43 PM,6/3/2026 5:51:13 PM,"30,899.0",30,102524143,"PALANQUILLA 130X130MM SAE 1020 3,4M (N)",74,"33,211.2","1,341.1",971.1,93.04,95.3,"68,857,602.0",47627,167890,"72,727,844.0","3,219,845.9","1,024,672.1",94.68
43048548,ANGULO SEMI 50X50X6MM A270ES,6/3/2026 11:43:27 PM,6/4/2026 2:08:08 AM,"60,537.0",27,102525180,"PALANQUILLA 130X130MM AZA 1011 3,4M (N)",143,"64,178.4","3,044.5",597.0,94.33,94.6,"68,857,602.0",47627,167890,"72,727,844.0","3,219,845.9","1,024,672.1",94.68
43048549,ANGULO SEMI 50X50X5MM A270ES,6/4/2026 3:40:40 AM,6/4/2026 7:39:21 AM,"90,761.0",43,102525180,"PALANQUILLA 130X130MM AZA 1011 3,4M (N)",216,"96,940.8","5,013.8","1,166.0",93.63,94.8,"68,857,602.0",47627,167890,"72,727,844.0","3,219,845.9","1,024,672.1",94.68
43048550,ANGULO SEMI 50X50X4MM A270ES,6/4/2026 9:22:26 AM,6/4/2026 5:40:26 PM,"155,618.0",74,102525180,"PALANQUILLA 130X130MM AZA 1011 3,4M (N)",370,"166,056.0","8,726.9","1,711.1",93.71,94.8,"68,857,602.0",47627,167890,"72,727,844.0","3,219,845.9","1,024,672.1",94.68
43048551,ANGULO SEMI 50X50X3MM A270ES,6/5/2026 12:14:59 AM,6/5/2026 4:46:45 PM,"263,497.0",136,102525180,"PALANQUILLA 130X130MM AZA 1011 3,4M (N)",624,"280,051.2","14,496.7","2,842.5",94.09,95.3,"68,857,602.0",47627,167890,"72,727,844.0","3,219,845.9","1,024,672.1",94.68
43048631,SAFEROCK 22MM 12M A420,6/5/2026 11:22:37 PM,6/6/2026 12:47:44 AM,"40,141.0",20,102524193,"PALANQUILLA 130X130MM AZA 1542 3,4M (N)",99,"44,431.2","3,243.8","1,046.4",90.34,95.9,"68,857,602.0",47627,167890,"72,727,844.0","3,219,845.9","1,024,672.1",94.68
43048652,SAFEROCK 22MM 12M A280,6/6/2026 1:13:22 AM,6/6/2026 3:56:57 AM,"68,569.0",32,119502731,"PALANQUILLA 130X130MM AZA 1021 3,2M (N)",170,"71,808.0","1,878.6","1,360.4",95.49,95.9,"68,857,602.0",47627,167890,"72,727,844.0","3,219,845.9","1,024,672.1",94.68
43048554,SAFEROCK SEMI 22MM 12M A280,6/6/2026 4:16:42 AM,6/6/2026 7:06:16 AM,"73,815.0",34,119502731,"PALANQUILLA 130X130MM AZA 1021 3,2M (N)",182,"76,876.8","2,597.9",463.9,96.02,95.9,"68,857,602.0",47627,167890,"72,727,844.0","3,219,845.9","1,024,672.1",94.68
43048555,"SAFEROCK SEMI 22MM 10,5M A280",6/6/2026 7:28:16 AM,6/6/2026 7:57:57 AM,"17,914.0",9,119502731,"PALANQUILLA 130X130MM AZA 1021 3,2M (N)",44,"18,585.6",577.0,94.6,96.39,95.8,"68,857,602.0",47627,167890,"72,727,844.0","3,219,845.9","1,024,672.1",94.68
43048556,SAFEROCK SEMI 22MM 10M A280,6/6/2026 10:13:00 AM,6/6/2026 11:27:14 AM,"30,980.0",17,102524194,"PALANQUILLA 130X130MM AZA 1021 3,4M (N)",77,"34,557.6","3,130.4",447.2,89.65,95.3,"68,857,602.0",47627,167890,"72,727,844.0","3,219,845.9","1,024,672.1",94.68
43048557,"SAFEROCK SEMI 22MM 9,6M A280",6/6/2026 11:47:34 AM,6/6/2026 12:51:03 PM,"32,963.0",16,102524194,"PALANQUILLA 130X130MM AZA 1021 3,4M (N)",77,"34,557.6",924.9,669.7,95.39,95.7,"68,857,602.0",47627,167890,"72,727,844.0","3,219,845.9","1,024,672.1",94.68
43048558,"SAFEROCK 19MM 11,96M A520",6/6/2026 2:34:00 PM,6/6/2026 3:15:16 PM,"18,910.0",10,102526117,"PALANQUILLA 130X130MM AZA 1644 3,4M (N)",46,"20,644.8","1,006.2",728.6,91.60,97,"68,857,602.0",47627,167890,"72,727,844.0","3,219,845.9","1,024,672.1",94.68
43048559,"SAFEROCK 19MM 10,5M A520",6/6/2026 3:37:17 PM,6/6/2026 4:07:09 PM,"19,066.0",11,102526117,"PALANQUILLA 130X130MM AZA 1644 3,4M (N)",45,"20,196.0",655.4,474.6,94.40,97,"68,857,602.0",47627,167890,"72,727,844.0","3,219,845.9","1,024,672.1",94.68
43048578,CUADRADO 16MM 6M COMERCIAL (N),6/6/2026 5:06:21 PM,6/6/2026 5:45:53 PM,"21,155.0",21,102526111,"PALANQUILLA 130X130MM AZA 1008 3,4M (N)",50,"22,440.0","1,070.8",214.2,94.27,95.5,"68,857,602.0",47627,167890,"72,727,844.0","3,219,845.9","1,024,672.1",94.68
43048560,ANGULO SEMI 30X30X3MM A270ES,6/7/2026 11:50:16 PM,6/8/2026 3:41:34 PM,"311,918.0",161,102525180,"PALANQUILLA 130X130MM AZA 1011 3,4M (N)",729,"327,175.2","12,756.0","2,501.2",95.34,96,"68,857,602.0",47627,167890,"72,727,844.0","3,219,845.9","1,024,672.1",94.68
43048573,PLANA 75X12MM 6M A270ES,6/8/2026 11:16:16 PM,6/9/2026 2:02:45 AM,"63,335.0",65,102525180,"PALANQUILLA 130X130MM AZA 1011 3,4M (N)",151,"67,768.8","3,707.0",726.9,93.46,94.5,"68,857,602.0",47627,167890,"72,727,844.0","3,219,845.9","1,024,672.1",94.68
43048574,PLANA 75X10MM 6M A270ES (N),6/9/2026 2:38:21 AM,6/9/2026 4:28:40 AM,"51,289.0",52,102525180,"PALANQUILLA 130X130MM AZA 1011 3,4M (N)",121,"54,304.8","2,521.4",494.4,94.45,94.7,"68,857,602.0",47627,167890,"72,727,844.0","3,219,845.9","1,024,672.1",94.68
43048575,PLANA 75X8MM 6M A270ES (N),6/9/2026 5:18:46 AM,6/9/2026 7:48:45 AM,"50,770.0",54,102525180,"PALANQUILLA 130X130MM AZA 1011 3,4M (N)",120,"53,856.0","2,580.1",505.9,94.27,95.1,"68,857,602.0",47627,167890,"72,727,844.0","3,219,845.9","1,024,672.1",94.68
43048576,PLANA 75X6MM 6M A270ES (N),6/9/2026 9:15:20 AM,6/9/2026 11:34:37 AM,"53,643.0",55,102525180,"PALANQUILLA 130X130MM AZA 1011 3,4M (N)",131,"58,792.8","4,305.6",844.2,91.24,95.4,"68,857,602.0",47627,167890,"72,727,844.0","3,219,845.9","1,024,672.1",94.68
43048577,PLANA 75X5MM 6M A270ES (N),6/9/2026 12:38:40 PM,6/9/2026 5:40:22 PM,"80,574.0",79,102525180,"PALANQUILLA 130X130MM AZA 1011 3,4M (N)",191,"85,720.8","4,303.1",843.7,94.00,95.6,"68,857,602.0",47627,167890,"72,727,844.0","3,219,845.9","1,024,672.1",94.68
43048633,SAFEROCK 22MM 12M A420,6/9/2026 11:42:51 PM,6/10/2026 3:05:53 AM,"80,466.0",41,102513099,"PALANQUILLA 130X130MM AZA 1542 3,2M (N)",203,"85,747.2","3,993.1","1,288.1",93.84,95.9,"68,857,602.0",47627,167890,"72,727,844.0","3,219,845.9","1,024,672.1",94.68
43048634,SAFEROCK SEMI 22MM 12M A280,6/10/2026 3:36:25 AM,6/10/2026 9:40:37 AM,"128,605.0",64,119502731,"PALANQUILLA 130X130MM AZA 1021 3,2M (N)",321,"135,590.4","5,927.0","1,058.4",94.85,95.9,"68,857,602.0",47627,167890,"72,727,844.0","3,219,845.9","1,024,672.1",94.68
43048661,PLANA 38X10MM 6M A270ES (N),6/10/2026 11:22:07 AM,6/10/2026 12:06:14 PM,"20,250.0",21,102525180,"PALANQUILLA 130X130MM AZA 1011 3,4M (N)",48,"21,542.4","1,122.4",170.1,94.00,95.8,"68,857,602.0",47627,167890,"72,727,844.0","3,219,845.9","1,024,672.1",94.68
43048662,PLANA 38X8MM 6M A270ES (N),6/10/2026 12:50:02 PM,6/10/2026 1:36:08 PM,"20,300.0",21,102525180,"PALANQUILLA 130X130MM AZA 1011 3,4M (N)",48,"21,542.4","1,038.7",203.7,94.23,96,"68,857,602.0",47627,167890,"72,727,844.0","3,219,845.9","1,024,672.1",94.68
43048552,"BARRA TRASPASO CARGA 22MM 6,2M A630-420H",6/10/2026 3:04:13 PM,6/10/2026 5:11:03 PM,"46,773.0",44,119502582,"PALANQUILLA 130X130MM AZA 1050 3,4M (N) ",110,"49,368.0",,,94.74,97,"68,857,602.0",47627,167890,"72,727,844.0","3,219,845.9","1,024,672.1",94.68
43048636,REDONDO LISO 7/8' 6M ASTM A 36 (N),6/10/2026 5:24:06 PM,6/10/2026 5:31:24 PM,"8,448.0",8,102525180,"PALANQUILLA 130X130MM AZA 1011 3,4M (N)",19,"8,527.2",55.9,23.3,99.07,95,"68,857,602.0",47627,167890,"72,727,844.0","3,219,845.9","1,024,672.1",94.68
43048637,REDONDO LISO 3/4' 6M ASTM A 36 (N),6/10/2026 11:15:41 PM,6/11/2026 1:54:52 AM,"63,841.0",60,102525180,"PALANQUILLA 130X130MM AZA 1011 3,4M (N)",152,"68,217.6","4,101.5",275.1,93.58,95.2,"68,857,602.0",47627,167890,"72,727,844.0","3,219,845.9","1,024,672.1",94.68
43048638,REDONDO LISO 3/4' 6M SAE 1045 (N),6/11/2026 2:11:42 AM,6/11/2026 3:09:29 AM,"22,745.0",21,102526114,"PALANQUILLA 130X130MM SAE 1045 3,4M (N)",55,"24,684.0","1,488.1",450.9,92.14,95.2,"68,857,602.0",47627,167890,"72,727,844.0","3,219,845.9","1,024,672.1",94.68
43048639,REDONDO LISO 3/4' 6M SAE 1020 (N),6/11/2026 3:22:18 AM,6/11/2026 5:44:26 AM,"66,105.0",62,102524143,"PALANQUILLA 130X130MM SAE 1020 3,4M (N)",153,"68,666.4","2,096.6",655.2,96.27,95.2,"68,857,602.0",47627,167890,"72,727,844.0","3,219,845.9","1,024,672.1",94.68
43048640,REDONDO LISO 19MM 6M SAE 1020 (N),6/11/2026 6:25:15 AM,6/11/2026 9:52:50 AM,"88,639.0",84,102524143,"PALANQUILLA 130X130MM SAE 1020 3,4M (N)",212,"95,145.6","5,151.1","1,355.5",93.16,95.2,"68,857,602.0",47627,167890,"72,727,844.0","3,219,845.9","1,024,672.1",94.68
43048641,REDONDO LISO 18MM 6M SAE 1020 (N),6/11/2026 11:12:28 AM,6/11/2026 12:25:57 PM,"33,716.0",33,102524143,"PALANQUILLA 130X130MM SAE 1020 3,4M (N)",81,"36,352.8","2,224.8",412.0,92.75,95.3,"68,857,602.0",47627,167890,"72,727,844.0","3,219,845.9","1,024,672.1",94.68
43048635,PLANA 50X3 MM 6M A270ES (N),6/11/2026 2:42:02 PM,6/12/2026 10:10:41 AM,"117,918.0",112,102525180,"PALANQUILLA 130X130MM AZA 1011 3,4M (N)",289,"129,703.2","9,853.2","1,932.0",90.91,96.3,"68,857,602.0",47627,167890,"72,727,844.0","3,219,845.9","1,024,672.1",94.68
43048642,PLANA 50X5MM 6M A270ES (N),6/12/2026 12:23:57 PM,6/12/2026 5:35:45 PM,"102,283.0",97,102525180,"PALANQUILLA 130X130MM AZA 1011 3,4M (N)",241,"108,160.8","4,914.2",963.6,94.57,96,"68,857,602.0",47627,167890,"72,727,844.0","3,219,845.9","1,024,672.1",94.68
43048677,B HORMIGON 25MM 11M A630-420HS (N),6/12/2026 11:10:43 PM,6/12/2026 11:51:01 PM,"22,233.0",14,119506261,"PALANQUILLA 130X130MM AZA 1629 3,3M (N)",55,"23,958.0","1,544.3",180.7,92.80,95,"68,857,602.0",47627,167890,"72,727,844.0","3,219,845.9","1,024,672.1",94.68
43048678,B HORMIGON 25MM 10M A630-420HS (N),6/13/2026 12:11:50 AM,6/13/2026 12:54:47 AM,"22,921.0",15,119506261,"PALANQUILLA 130X130MM AZA 1629 3,3M (N)",55,"23,958.0",601.5,435.5,95.67,96,"68,857,602.0",47627,167890,"72,727,844.0","3,219,845.9","1,024,672.1",94.68
43048679,B HORMIGON 25MM 11M A630-420H (N),6/13/2026 1:27:00 AM,6/13/2026 5:19:08 AM,"99,371.0",61,102526100,"PALANQUILLA 130X130MM AZA 1541 3,3M (N)",243,"105,850.8","3,758.3","2,721.5",93.88,95,"68,857,602.0",47627,167890,"72,727,844.0","3,219,845.9","1,024,672.1",94.68
43048680,B HORMIGON 25MM 8M A630-420H (N),6/13/2026 5:42:35 AM,6/13/2026 2:59:57 PM,"140,562.0",90,102524188,"PALANQUILLA 130X130MM AZA 1541 3,4M (N)",306,"137,332.8","3,255.4",381.0,102.35,95,"68,857,602.0",47627,167890,"72,727,844.0","3,219,845.9","1,024,672.1",94.68
43048681,B HORMIGON 25MM 7M A630-420H (N),6/13/2026 3:33:42 PM,6/13/2026 9:22:40 PM,"121,034.0",83,102526100,"PALANQUILLA 130X130MM AZA 1541 3,3M (N)",297,"129,373.2","7,465.6",873.6,93.55,95,"68,857,602.0",47627,167890,"72,727,844.0","3,219,845.9","1,024,672.1",94.68
43048682,"SAFEROCK 25MM 8,4M A520",6/13/2026 10:40:54 PM,6/13/2026 11:22:36 PM,"20,397.0",10,102526117,"PALANQUILLA 130X130MM AZA 1644 3,4M (N)",50,"22,440.0","1,184.9",858.1,90.90,97,"68,857,602.0",47627,167890,"72,727,844.0","3,219,845.9","1,024,672.1",94.68
43048683,"SAFEROCK 25MM 11,96M A520",6/13/2026 11:45:44 PM,6/14/2026 12:19:14 AM,"21,288.0",11,102526117,"PALANQUILLA 130X130MM AZA 1644 3,4M (N)",50,"22,440.0",668.2,483.8,94.87,97,"68,857,602.0",47627,167890,"72,727,844.0","3,219,845.9","1,024,672.1",94.68
43048684,SAFEROCK 25MM 12M A280,6/14/2026 12:43:17 AM,6/14/2026 3:22:07 AM,"32,360.0",17,119502731,"PALANQUILLA 130X130MM AZA 1021 3,2M (N)",86,"36,326.4","2,300.5","1,665.9",89.08,96.6,"68,857,602.0",47627,167890,"72,727,844.0","3,219,845.9","1,024,672.1",94.68
43048685,B HORMIGON 32MM 12M A630-420H (N),6/14/2026 5:15:58 AM,6/15/2026 4:33:36 AM,"107,368.0",73,102513137,PALANQUILLA 130X130MM AZA 1541 3M (N),286,"113,256.0","3,415.0","2,473.0",94.80,96,"68,857,602.0",47627,167890,"72,727,844.0","3,219,845.9","1,024,672.1",94.68
43048686,B HORMIGON 32MM 11M A630-420H (N),6/15/2026 5:01:06 AM,6/15/2026 7:12:45 AM,"49,295.0",30,102526100,"PALANQUILLA 130X130MM AZA 1541 3,3M (N)",120,"52,272.0","1,726.7","1,250.3",94.30,96,"68,857,602.0",47627,167890,"72,727,844.0","3,219,845.9","1,024,672.1",94.68
43048687,B HORMIGON 32MM 10M A630-420H (N),6/15/2026 7:42:04 AM,6/15/2026 10:27:03 AM,"70,920.0",47,102513132,"PALANQUILLA 130X130MM AZA 1541 3,1M (N)",187,"76,520.4","3,248.2","2,352.2",92.68,96,"68,857,602.0",47627,167890,"72,727,844.0","3,219,845.9","1,024,672.1",94.68
43048688,B HORMIGON 36MM 12M A630-420HS (N),6/15/2026 12:27:34 PM,6/15/2026 1:39:44 PM,"32,951.0",22,119506259,"PALANQUILLA 130X130MM AZA 1629 3,1M (N)",88,"36,009.6","1,774.0","1,284.6",91.51,96,"68,857,602.0",47627,167890,"72,727,844.0","3,219,845.9","1,024,672.1",94.68
43048690,B HORMIGON 36MM 9M A630-420HS (N),6/15/2026 2:07:42 PM,6/15/2026 2:43:53 PM,"21,144.0",15,119506257,"PALANQUILLA 130X130MM AZA 1629 2,9M (N) ",60,"22,968.0","1,632.9",191.1,92.06,97,"68,857,602.0",47627,167890,"72,727,844.0","3,219,845.9","1,024,672.1",94.68
43048691,B HORMIGON 36MM 8M A630-420HS (N),6/15/2026 3:20:27 PM,6/15/2026 3:46:54 PM,"20,842.0",14,119506259,"PALANQUILLA 130X130MM AZA 1629 3,1M (N)",55,"22,506.0",965.1,698.9,92.61,97,"68,857,602.0",47627,167890,"72,727,844.0","3,219,845.9","1,024,672.1",94.68
43048692,B HORMIGON 36MM 12M A630-420H (N),6/15/2026 4:37:56 PM,6/15/2026 5:40:55 PM,"34,147.0",23,102513132,"PALANQUILLA 130X130MM AZA 1541 3,1M (N)",90,"36,828.0","1,555.0","1,126.0",92.72,96,"68,857,602.0",47627,167890,"72,727,844.0","3,219,845.9","1,024,672.1",94.68
43048689,ANGULO SEMI 20X20X3MM A270ES,6/15/2026 11:59:23 PM,6/16/2026 8:05:46 AM,"120,003.0",60,102513096,"PALANQUILLA 130X130MM AZA 1011 3,2M (N)",295,"124,608.0","4,287.2",932.0,96.30,96.3,"68,857,602.0",47627,167890,"72,727,844.0","3,219,845.9","1,024,672.1",94.68
43048698,PLANA 38X3MM 6M A270ES (N),6/16/2026 9:45:42 AM,6/16/2026 5:45:41 PM,"107,954.0",104,102513096,"PALANQUILLA 130X130MM AZA 1011 3,2M (N)",268,"113,203.2","4,388.7",860.5,95.36,96.6,"68,857,602.0",47627,167890,"72,727,844.0","3,219,845.9","1,024,672.1",94.68
43048696,PLANA 32X6MM 6M A270ES (N),6/16/2026 10:57:58 PM,6/17/2026 12:22:53 AM,"32,530.0",34,102513096,"PALANQUILLA 130X130MM AZA 1011 3,2M (N)",81,"34,214.4","1,408.3",276.1,95.08,96.5,"68,857,602.0",47627,167890,"72,727,844.0","3,219,845.9","1,024,672.1",94.68
43048697,PLANA 32X5MM 6M A270ES (N),6/17/2026 1:03:40 AM,6/17/2026 6:50:55 AM,"100,242.0",100,102513096,"PALANQUILLA 130X130MM AZA 1011 3,2M (N)",252,"106,444.8","5,075.0","1,127.8",94.17,96.6,"68,857,602.0",47627,167890,"72,727,844.0","3,219,845.9","1,024,672.1",94.68
43048695,PLANA 20X10MM 6M A270ES (N),6/17/2026 8:42:06 AM,6/17/2026 10:35:42 AM,"44,824.0",44,102513096,"PALANQUILLA 130X130MM AZA 1011 3,2M (N)",100,"42,240.0",0.0,0.0,106.12,96.3,"68,857,602.0",47627,167890,"72,727,844.0","3,219,845.9","1,024,672.1",94.68
43048752,CUADRADO 12MM 6M COMERCIAL (N),6/17/2026 12:00:25 PM,6/17/2026 1:00:24 PM,"21,404.0",21,102513172,"PALANQUILLA 130X130MM P PRUEBAS 3,2M (N)",54,"22,809.6","1,175.2",230.4,93.84,96.6,"68,857,602.0",47627,167890,"72,727,844.0","3,219,845.9","1,024,672.1",94.68
43048694,CUADRADO 12MM 6M COMERCIAL (N),6/17/2026 1:15:34 PM,6/17/2026 5:46:11 PM,"102,499.0",96,102524390,"PALANQUILLA 130X130MM AZA 1008 3,2M (N) ",256,"108,134.4","4,754.9",880.5,94.79,96.6,"68,857,602.0",47627,167890,"72,727,844.0","3,219,845.9","1,024,672.1",94.68
43048758,ANGULO SEMI 25X25X3MM A270ES,6/17/2026 11:33:52 PM,6/18/2026 12:07:41 AM,"16,950.0",8,102524390,"PALANQUILLA 130X130MM AZA 1008 3,2M (N) ",42,"17,740.8",661.2,129.6,95.54,96.3,"68,857,602.0",47627,167890,"72,727,844.0","3,219,845.9","1,024,672.1",94.68
43048699,ANGULO SEMI 25X25X3MM A270ES,6/18/2026 12:21:35 AM,6/18/2026 3:28:18 AM,"67,222.0",32,102525180,"PALANQUILLA 130X130MM AZA 1011 3,4M (N)",155,"69,564.0","1,958.1",383.9,96.63,96.3,"68,857,602.0",47627,167890,"72,727,844.0","3,219,845.9","1,024,672.1",94.68
43048700,REDONDO LISO 16MM 6M SAE 1020 (N),6/18/2026 5:47:39 AM,6/18/2026 12:50:47 PM,"145,073.0",141,102524143,"PALANQUILLA 130X130MM SAE 1020 3,4M (N)",341,"153,040.8","6,742.0","1,225.8",94.79,95.8,"68,857,602.0",47627,167890,"72,727,844.0","3,219,845.9","1,024,672.1",94.68
43048702,REDONDO LISO 5/8' 6M SAE 1020 (N),6/18/2026 1:37:06 PM,6/18/2026 2:58:08 PM,"38,070.0",36,102524143,"PALANQUILLA 130X130MM SAE 1020 3,4M (N)",88,"39,494.4","1,155.7",268.8,96.39,95.9,"68,857,602.0",47627,167890,"72,727,844.0","3,219,845.9","1,024,672.1",94.68
43048703,REDONDO LISO 5/8' 6M SAE 1045 (N),6/18/2026 3:10:39 PM,6/18/2026 3:51:45 PM,"21,550.0",21,102526114,"PALANQUILLA 130X130MM SAE 1045 3,4M (N)",50,"22,440.0",704.6,185.4,96.03,95.9,"68,857,602.0",47627,167890,"72,727,844.0","3,219,845.9","1,024,672.1",94.68
43048701,REDONDO LISO 5/8' 6M ASTM A 36 (N),6/18/2026 4:04:52 PM,6/18/2026 5:37:26 PM,"37,749.0",36,102525180,"PALANQUILLA 130X130MM AZA 1011 3,4M (N)",88,"39,494.4","1,553.4",192.0,95.58,95.9,"68,857,602.0",47627,167890,"72,727,844.0","3,219,845.9","1,024,672.1",94.68
43048733,PLANA 25X3MM 6M A270ES (N),6/18/2026 11:15:06 PM,6/19/2026 4:03:49 AM,"59,631.0",56,102513114,"PALANQUILLA 130X130MM AZA 1011 2,9M (N)",166,"63,544.8","3,272.2",641.6,93.84,96.8,"68,857,602.0",47627,167890,"72,727,844.0","3,219,845.9","1,024,672.1",94.68
43048760,"PLANA 1""X1/8"" X 7,315m ASTM A36 (P)",6/19/2026 5:05:28 AM,6/19/2026 5:48:55 PM,"110,903.0",109,102513114,"PALANQUILLA 130X130MM AZA 1011 2,9M (N)",305,"116,754.0","3,393.6","2,457.4",94.99,97,"68,857,602.0",47627,167890,"72,727,844.0","3,219,845.9","1,024,672.1",94.68
43048730,REDONDO LISO 12MM 6M SAE 1020 (N),6/19/2026 11:12:47 PM,6/20/2026 11:50:33 PM,"371,541.0",380,102513162,"PALANQUILLA 130X130MM SAE 1020 2,9M (N)",1020,"390,456.0","15,537.3","3,377.7",95.16,95.9,"68,857,602.0",47627,167890,"72,727,844.0","3,219,845.9","1,024,672.1",94.68
43048731,REDONDO LISO 1/2' 6M SAE 1045 (N),6/21/2026 12:57:44 AM,6/21/2026 2:28:32 AM,"31,926.0",30,102513104,"PALANQUILLA 130X130MM SAE 1045 2,9M (N) ",88,"33,686.4","1,385.9",374.6,94.77,96,"68,857,602.0",47627,167890,"72,727,844.0","3,219,845.9","1,024,672.1",94.68
43048801,REDONDO LISO 1/2' 6M ASTM A 36 (N),6/21/2026 2:43:31 AM,6/21/2026 4:10:33 AM,"25,485.0",24,102513114,"PALANQUILLA 130X130MM AZA 1011 2,9M (N)",70,"26,796.0","1,096.1",214.9,95.11,96,"68,857,602.0",47627,167890,"72,727,844.0","3,219,845.9","1,024,672.1",94.68
43048728,PLANA 18X8MM 6M COMERCIAL (N),6/21/2026 5:04:03 AM,6/21/2026 6:32:10 AM,"32,844.0",35,102513114,"PALANQUILLA 130X130MM AZA 1011 2,9M (N)",90,"34,452.0","1,348.7",259.4,95.33,96.6,"68,857,602.0",47627,167890,"72,727,844.0","3,219,845.9","1,024,672.1",94.68
43048729,PLANA 25X5MM 6M A270ES (N),6/22/2026 1:01:29 AM,6/22/2026 3:17:38 AM,"44,026.0",42,102513114,"PALANQUILLA 130X130MM AZA 1011 2,9M (N)",120,"45,936.0","1,574.9",335.1,95.84,96.5,"68,857,602.0",47627,167890,"72,727,844.0","3,219,845.9","1,024,672.1",94.68
43048727,PLANA 32X3MM 6M A270ES (N),6/22/2026 4:57:21 AM,6/22/2026 5:22:03 PM,"115,692.0",112,102513114,"PALANQUILLA 130X130MM AZA 1011 2,9M (N)",319,"122,113.2","5,368.5","1,052.7",94.74,96.6,"68,857,602.0",47627,167890,"72,727,844.0","3,219,845.9","1,024,672.1",94.68
43048762,ANGULO SEMI 40X40X5MM A270ES,6/22/2026 11:17:47 PM,6/23/2026 1:17:24 AM,"50,458.0",23,102525180,"PALANQUILLA 130X130MM AZA 1011 3,4M (N)",121,"54,304.8","3,216.2",630.6,92.92,95.4,"68,857,602.0",47627,167890,"72,727,844.0","3,219,845.9","1,024,672.1",94.68
43048763,ANGULO SEMI 40X40X4MM A270ES,6/23/2026 2:34:13 AM,6/23/2026 6:07:06 AM,"65,957.0",31,102525180,"PALANQUILLA 130X130MM AZA 1011 3,4M (N)",157,"70,461.6","3,766.1",738.5,93.61,95.3,"68,857,602.0",47627,167890,"72,727,844.0","3,219,845.9","1,024,672.1",94.68
43048764,ANGULO SEMI 40X40X3MM A270ES,6/23/2026 8:12:45 AM,6/23/2026 5:31:31 PM,"187,695.0",95,102525180,"PALANQUILLA 130X130MM AZA 1011 3,4M (N)",436,"195,676.8","6,035.0","1,946.8",95.92,95.7,"68,857,602.0",47627,167890,"72,727,844.0","3,219,845.9","1,024,672.1",94.68
43048765,"SAFEROCK SEMI 22MM 9,6M A280",6/23/2026 11:53:55 PM,6/24/2026 4:00:43 AM,"103,139.0",55,102524194,"PALANQUILLA 130X130MM AZA 1021 3,4M (N)",242,"108,609.6","3,173.0","2,297.7",94.96,95.7,"68,857,602.0",47627,167890,"72,727,844.0","3,219,845.9","1,024,672.1",94.68
43048766,SAFEROCK SEMI 22MM 10M A280,6/24/2026 4:24:07 AM,6/24/2026 7:45:25 AM,"74,081.0",40,102524194,"PALANQUILLA 130X130MM AZA 1021 3,4M (N)",176,"78,988.8","4,294.3",613.5,93.79,95.3,"68,857,602.0",47627,167890,"72,727,844.0","3,219,845.9","1,024,672.1",94.68
43048767,"SAFEROCK SEMI 22MM 10,5M A280",6/24/2026 8:11:28 AM,6/24/2026 9:15:15 AM,"30,998.0",15,119502731,"PALANQUILLA 130X130MM AZA 1021 3,2M (N)",77,"32,524.8","1,311.8",215.0,95.31,95.8,"68,857,602.0",47627,167890,"72,727,844.0","3,219,845.9","1,024,672.1",94.68
43048768,SAFEROCK SEMI 22MM 12M A280,6/24/2026 9:37:20 AM,6/24/2026 5:44:55 PM,"166,162.0",81,119502731,"PALANQUILLA 130X130MM AZA 1021 3,2M (N)",410,"173,184.0","5,958.1","1,063.9",95.95,95.9,"68,857,602.0",47627,167890,"72,727,844.0","3,219,845.9","1,024,672.1",94.68
43048769,SAFEROCK 22MM 12M A280,6/24/2026 10:47:14 PM,6/25/2026 2:45:19 AM,"98,892.0",51,119502731,"PALANQUILLA 130X130MM AZA 1021 3,2M (N)",242,"102,220.8","1,930.7","1,398.1",96.74,95.9,"68,857,602.0",47627,167890,"72,727,844.0","3,219,845.9","1,024,672.1",94.68
43048770,SAFEROCK 22MM 12M A420,6/25/2026 3:39:37 AM,6/25/2026 11:09:14 AM,"161,858.0",82,102513099,"PALANQUILLA 130X130MM AZA 1542 3,2M (N)",407,"171,916.8","7,605.4","2,453.4",94.15,95.9,"68,857,602.0",47627,167890,"72,727,844.0","3,219,845.9","1,024,672.1",94.68
43048771,B HORMIGON 22MM 12M A630-420H (N),6/25/2026 12:11:54 PM,6/26/2026 7:38:28 AM,"332,999.0",215,102513132,"PALANQUILLA 130X130MM AZA 1541 3,1M (N)",864,"353,548.8","17,124.8","3,425.0",94.19,97.4,"68,857,602.0",47627,167890,"72,727,844.0","3,219,845.9","1,024,672.1",94.68
43048823,B HORMIGON 22MM 11M A630-420H (N),6/26/2026 8:00:22 AM,6/26/2026 11:07:19 AM,"81,266.0",52,102513132,"PALANQUILLA 130X130MM AZA 1541 3,1M (N)",209,"85,522.8","3,665.6",591.2,95.02,97.4,"68,857,602.0",47627,167890,"72,727,844.0","3,219,845.9","1,024,672.1",94.68
43048824,B HORMIGON 22MM 10M A630-420H (N),6/26/2026 11:51:21 AM,6/26/2026 4:40:10 PM,"112,321.0",73,102526100,"PALANQUILLA 130X130MM AZA 1541 3,3M (N)",271,"118,047.6","4,982.9",743.7,95.15,97.4,"68,857,602.0",47627,167890,"72,727,844.0","3,219,845.9","1,024,672.1",94.68
43048825,B HORMIGON 22MM 9M A630-420H (N),6/26/2026 4:59:16 PM,6/27/2026 3:59:37 AM,"160,003.0",108,102524188,"PALANQUILLA 130X130MM AZA 1541 3,4M (N)",375,"168,300.0","7,578.4",718.6,95.07,97.4,"68,857,602.0",47627,167890,"72,727,844.0","3,219,845.9","1,024,672.1",94.68
43048826,B HORMIGON 22MM 8M A630-420H (N),6/27/2026 4:26:13 AM,6/27/2026 9:20:11 AM,"99,495.0",68,102513137,PALANQUILLA 130X130MM AZA 1541 3M (N),264,"104,544.0","4,657.9",391.1,95.17,97.4,"68,857,602.0",47627,167890,"72,727,844.0","3,219,845.9","1,024,672.1",94.68
43048827,B HORMIGON 22MM 7M A630-420H (N),6/27/2026 9:41:31 AM,6/29/2026 2:32:42 PM,"157,407.0",103,102526100,"PALANQUILLA 130X130MM AZA 1541 3,3M (N)",224,"97,574.4","2,838.6",332.2,161.32,97.4,"68,857,602.0",47627,167890,"72,727,844.0","3,219,845.9","1,024,672.1",94.68
43048828,B HORMIGON 22MM 6M A630-420H (N),6/27/2026 5:06:27 PM,6/28/2026 12:01:20 AM,"160,198.0",166,102513132,"PALANQUILLA 130X130MM AZA 1541 3,1M (N)",407,"166,544.4","4,363.2","1,983.3",96.19,97.4,"68,857,602.0",47627,167890,"72,727,844.0","3,219,845.9","1,024,672.1",94.68
43048829,B HORMIGON 22MM 11M A630-420HS (N),6/28/2026 12:35:45 AM,6/28/2026 2:43:49 AM,"54,599.0",35,119506259,"PALANQUILLA 130X130MM AZA 1629 3,1M (N)",141,"57,697.2","1,797.0","1,301.2",94.63,97,"68,857,602.0",47627,167890,"72,727,844.0","3,219,845.9","1,024,672.1",94.68
43048830,B HORMIGON 22MM 10M A630-420HS (N),6/28/2026 3:02:32 AM,6/28/2026 6:50:07 AM,"58,365.0",38,119506261,"PALANQUILLA 130X130MM AZA 1629 3,3M (N)",141,"61,419.6","1,771.7","1,282.9",95.03,97,"68,857,602.0",47627,167890,"72,727,844.0","3,219,845.9","1,024,672.1",94.68
43048831,B HORMIGON 18MM 11M A630-420HS (N),6/29/2026 12:54:23 AM,6/29/2026 1:56:53 AM,"27,208.0",18,119506262,"PALANQUILLA 130X130MM AZA 1629 3,4M (N",66,"29,620.8","1,419.3",993.5,91.85,95,"68,857,602.0",47627,167890,"72,727,844.0","3,219,845.9","1,024,672.1",94.68
43048832,B HORMIGON 18MM 10M A630-420HS (N),6/29/2026 2:14:32 AM,6/29/2026 3:10:35 AM,"27,626.0",18,119506262,"PALANQUILLA 130X130MM AZA 1629 3,4M (N",66,"29,620.8","1,173.4",821.4,93.27,95,"68,857,602.0",47627,167890,"72,727,844.0","3,219,845.9","1,024,672.1",94.68
43048882,B HORMIGON 18MM 10M A630-420HS (N),6/29/2026 3:26:12 AM,6/29/2026 3:35:35 AM,"8,321.0",5,119506260,"PALANQUILLA 130X130MM AZA 1629 3,2M (N)",21,"8,870.4",323.2,226.2,93.81,95,"68,857,602.0",47627,167890,"72,727,844.0","3,219,845.9","1,024,672.1",94.68
43048833,B HORMIGON 18MM 12M A630-420H (N),6/29/2026 4:03:15 AM,6/29/2026 7:33:25 PM,"348,997.0",222,102524188,"PALANQUILLA 130X130MM AZA 1541 3,4M (N)",814,"365,323.2","13,410.8","2,915.4",95.53,96,"68,857,602.0",47627,167890,"72,727,844.0","3,219,845.9","1,024,672.1",94.68
43048834,B HORMIGON 18MM 11M A630-420H (N),6/29/2026 7:49:58 PM,6/29/2026 10:45:05 PM,"60,458.0",40,102524188,"PALANQUILLA 130X130MM AZA 1541 3,4M (N)",143,"64,178.4","3,018.4",702.0,94.20,96,"68,857,602.0",47627,167890,"72,727,844.0","3,219,845.9","1,024,672.1",94.68
43048835,B HORMIGON 18MM 10M A630-420H (N),6/29/2026 11:02:06 PM,6/30/2026 4:40:03 AM,"141,751.0",90,102524188,"PALANQUILLA 130X130MM AZA 1541 3,4M (N)",330,"148,104.0","4,303.6","2,049.4",95.71,96,"68,857,602.0",47627,167890,"72,727,844.0","3,219,845.9","1,024,672.1",94.68
43048836,B HORMIGON 18MM 9M A630-420H (N),6/30/2026 5:04:39 AM,6/30/2026 7:20:24 AM,"62,371.0",39,102524188,"PALANQUILLA 130X130MM AZA 1541 3,4M (N)",146,"65,524.8","2,301.4",852.4,95.19,95.9,"68,857,602.0",47627,167890,"72,727,844.0","3,219,845.9","1,024,672.1",94.68
43048837,B HORMIGON 18MM 8M A630-420H (N),6/30/2026 7:50:15 AM,6/30/2026 9:26:46 AM,"49,394.0",32,102524188,"PALANQUILLA 130X130MM AZA 1541 3,4M (N)",115,"51,612.0","2,409.6",892.4,95.70,96,"68,857,602.0",47627,167890,"72,727,844.0","3,219,845.9","1,024,672.1",94.68
43048838,B HORMIGON 18MM 7M A630-420H (N),6/30/2026 10:07:14 AM,6/30/2026 1:31:14 PM,"77,692.0",56,102524188,"PALANQUILLA 130X130MM AZA 1541 3,4M (N)",180,"80,784.0","1,464.6","1,627.4",96.17,95.9,"68,857,602.0",47627,167890,"72,727,844.0","3,219,845.9","1,024,672.1",94.68
43048839,B HORMIGON 18MM 6M A630-420H (N),6/30/2026 1:50:14 PM,6/30/2026 3:12:28 PM,"35,603.0",34,102524188,"PALANQUILLA 130X130MM AZA 1541 3,4M (N)",83,"37,250.4","1,353.2",294.2,95.58,96,"68,857,602.0",47627,167890,"72,727,844.0","3,219,845.9","1,024,672.1",94.68
43048888,B HORMIGON 18MM 11M A630-420HS (N),6/30/2026 3:47:20 PM,6/30/2026 5:22:42 PM,"35,052.0",25,119506257,"PALANQUILLA 130X130MM AZA 1629 2,9M (N) ",100,"38,280.0","1,898.8","1,329.2",91.57,95,"68,857,602.0",47627,167890,"72,727,844.0","3,219,845.9","1,024,672.1",94.68
43048840,ANGULO SEMI 50X50X5MM A270ES,6/30/2026 11:34:17 PM,6/30/2026 11:52:45 PM,"3,300.0",2,102525180,"PALANQUILLA 130X130MM AZA 1011 3,4M (N)",9,"4,039.2",599.7,139.5,81.70,94.8,"68,857,602.0",47627,167890,"72,727,844.0","3,219,845.9","1,024,672.1",94.68
43048978,ANGULO SEMI 50X50X5MM A270ES,7/1/2026 12:51:19 AM,7/1/2026 5:28:35 PM,"322,294.0",175,102525180,"PALANQUILLA 130X130MM AZA 1011 3,4M (N)",753,"337,946.4","12,699.1","2,953.3",95.37,94.8,"68,857,602.0",47627,167890,"72,727,844.0","3,219,845.9","1,024,672.1",94.68
43048979,ANGULO SEMI 50X50X3MM A270ES,7/1/2026 11:47:47 PM,7/2/2026 5:39:29 PM,"339,863.0",192,102525180,"PALANQUILLA 130X130MM AZA 1011 3,4M (N)",796,"357,244.8","14,532.3","2,849.5",95.13,95.3,"68,857,602.0",47627,167890,"72,727,844.0","3,219,845.9","1,024,672.1",94.68
43048859,REDONDO LISO 1' 6M ASTM A 36 (N),7/2/2026 11:38:16 PM,7/3/2026 3:07:06 AM,"91,323.0",89,102525180,"PALANQUILLA 130X130MM AZA 1011 3,4M (N)",212,"95,145.6","3,388.2",434.4,95.98,94.7,"68,857,602.0",47627,167890,"72,727,844.0","3,219,845.9","1,024,672.1",94.68
43048860,REDONDO LISO 1' 6M SAE 1020 (N),7/3/2026 3:35:33 AM,7/3/2026 11:10:47 AM,"173,827.0",169,102524143,"PALANQUILLA 130X130MM SAE 1020 3,4M (N)",407,"182,661.6","7,337.2","1,497.4",95.16,94.7,"68,857,602.0",47627,167890,"72,727,844.0","3,219,845.9","1,024,672.1",94.68
43048861,REDONDO LISO 1' 6M SAE 1045 (N),7/3/2026 11:26:57 AM,7/3/2026 4:14:34 PM,"121,156.0",119,102526114,"PALANQUILLA 130X130MM SAE 1045 3,4M (N)",285,"127,908.0","5,759.1",992.9,94.72,94.7,"68,857,602.0",47627,167890,"72,727,844.0","3,219,845.9","1,024,672.1",94.68
43049063,REDONDO LISO 1' 6M SAE 1020 (N),7/3/2026 4:38:39 PM,7/3/2026 5:43:48 PM,"31,479.0",33,102513153,"PALANQUILLA 130X130MM SAE 1020 3,2M (N) ",79,"33,369.6","1,570.2",320.4,94.33,94.7,"68,857,602.0",47627,167890,"72,727,844.0","3,219,845.9","1,024,672.1",94.68
43048863,B HORMIGON 25MM 12M A630-420H (N),7/3/2026 10:54:23 PM,7/4/2026 1:23:59 PM,"324,108.0",214,102526100,"PALANQUILLA 130X130MM AZA 1541 3,3M (N)",779,"339,332.4","13,629.5","1,594.9",95.51,95,"68,857,602.0",47627,167890,"72,727,844.0","3,219,845.9","1,024,672.1",94.68
43048864,B HORMIGON 25MM 11M A630-420H (N),7/4/2026 1:59:27 PM,7/4/2026 2:46:01 PM,"25,339.0",17,102526100,"PALANQUILLA 130X130MM AZA 1541 3,3M (N)",61,"26,571.6",714.9,517.7,95.36,95,"68,857,602.0",47627,167890,"72,727,844.0","3,219,845.9","1,024,672.1",94.68
43048865,B HORMIGON 25MM 9M A630-420H (N),7/4/2026 3:19:15 PM,7/5/2026 6:39:59 AM,"94,126.0",61,102513137,PALANQUILLA 130X130MM AZA 1541 3M (N),252,"99,792.0","5,072.4",593.6,94.32,95,"68,857,602.0",47627,167890,"72,727,844.0","3,219,845.9","1,024,672.1",94.68
43048862,B HORMIGON 25MM 8M A630-420H (N),7/4/2026 6:09:08 PM,7/4/2026 11:56:19 PM,"130,338.0",87,102524188,"PALANQUILLA 130X130MM AZA 1541 3,4M (N)",302,"135,537.6","4,654.9",544.7,96.16,95,"68,857,602.0",47627,167890,"72,727,844.0","3,219,845.9","1,024,672.1",94.68
43048866,B HORMIGON 25MM 7M A630-420H (N),7/5/2026 12:21:05 AM,7/5/2026 4:27:59 AM,"91,220.0",62,102524188,"PALANQUILLA 130X130MM AZA 1541 3,4M (N)",212,"95,145.6","3,514.3",411.3,95.87,95,"68,857,602.0",47627,167890,"72,727,844.0","3,219,845.9","1,024,672.1",94.68
43048966,B HORMIGON 32MM 12M A630-420HS (N),7/6/2026 1:19:32 AM,7/6/2026 7:28:09 AM,"147,866.0",100,119506258,"PALANQUILLA 130X130MM AZA 1629 3,0M (N)",399,"158,004.0","5,880.0","4,258.0",93.58,96,"68,857,602.0",47627,167890,"72,727,844.0","3,219,845.9","1,024,672.1",94.68
43048965,B HORMIGON 32MM 11M A630-420HS (N),7/6/2026 8:00:11 AM,7/6/2026 8:00:26 AM,"8,848.0",5,119506261,"PALANQUILLA 130X130MM AZA 1629 3,3M (N)",20,"8,712.0",0.0,0.0,101.56,96,"68,857,602.0",47627,167890,"72,727,844.0","3,219,845.9","1,024,672.1",94.68
43048964,B HORMIGON 32MM 7M  A630-420HS (N).,7/6/2026 8:28:21 AM,7/6/2026 9:02:40 AM,"20,975.0",13,119506260,"PALANQUILLA 130X130MM AZA 1629 3,2M (N)",54,"22,809.6","1,079.2",755.4,91.96,97,"68,857,602.0",47627,167890,"72,727,844.0","3,219,845.9","1,024,672.1",94.68
43048967,B HORMIGON 32MM 12M A630-420H (N),7/6/2026 9:52:19 AM,7/6/2026 3:03:19 PM,"122,277.0",83,102513137,PALANQUILLA 130X130MM AZA 1541 3M (N),330,"130,680.0","4,873.7","3,529.3",93.57,96,"68,857,602.0",47627,167890,"72,727,844.0","3,219,845.9","1,024,672.1",94.68
43048984,B HORMIGON 32MM 11M A630-420H (N),7/6/2026 3:33:00 PM,7/6/2026 5:51:33 PM,"52,308.0",31,102526100,"PALANQUILLA 130X130MM AZA 1541 3,3M (N)",127,"55,321.2","1,747.7","1,265.5",94.55,96,"68,857,602.0",47627,167890,"72,727,844.0","3,219,845.9","1,024,672.1",94.68
43049067,ANGULO SEMI 30X30X5MM A270ES,7/6/2026 11:52:46 PM,7/7/2026 4:23:24 AM,"70,022.0",35,102525180,"PALANQUILLA 130X130MM AZA 1011 3,4M (N)",167,"74,949.6","4,119.8",807.8,93.43,95.8,"68,857,602.0",47627,167890,"72,727,844.0","3,219,845.9","1,024,672.1",94.68
43049068,ANGULO SEMI 30X30X3MM A270ES,7/7/2026 5:54:33 AM,7/7/2026 8:20:51 AM,"65,203.0",30,102525180,"PALANQUILLA 130X130MM AZA 1011 3,4M (N)",151,"67,768.8","2,145.2",420.6,96.21,96,"68,857,602.0",47627,167890,"72,727,844.0","3,219,845.9","1,024,672.1",94.68
43048969,PLANA 50X3 MM 6M A270ES (N),7/7/2026 10:18:02 AM,7/7/2026 5:48:17 PM,"52,367.0",53,102525180,"PALANQUILLA 130X130MM AZA 1011 3,4M (N)",128,"57,446.4","4,246.7",832.7,91.16,96.3,"68,857,602.0",47627,167890,"72,727,844.0","3,219,845.9","1,024,672.1",94.68
43048991,ANGULO SEMI 80X80X10MM A270ES,7/8/2026 12:07:24 AM,7/7/2026 11:52:09 PM,"1,541.0",1,102525180,"PALANQUILLA 130X130MM AZA 1011 3,4M (N)",4,"1,795.2",213.2,41.0,85.84,94.1,"68,857,602.0",47627,167890,"72,727,844.0","3,219,845.9","1,024,672.1",94.68
43049087,ANGULO SEMI 80X80X10MM A270ES,7/8/2026 12:14:37 AM,7/8/2026 1:24:33 AM,"34,154.0",16,102526111,"PALANQUILLA 130X130MM AZA 1008 3,4M (N)",81,"36,352.8","1,844.2",354.7,93.95,94.1,"68,857,602.0",47627,167890,"72,727,844.0","3,219,845.9","1,024,672.1",94.68
43048992,ANGULO SEMI 80X80X6MM A270ES,7/8/2026 3:17:00 AM,7/8/2026 5:50:39 PM,"152,727.0",87,102525180,"PALANQUILLA 130X130MM AZA 1011 3,4M (N)",367,"164,709.6","10,018.2","1,964.4",92.73,94.9,"68,857,602.0",47627,167890,"72,727,844.0","3,219,845.9","1,024,672.1",94.68
43048993,ANG SEMI 80X80X6MM 12M ASTM A572 T2 (N),7/8/2026 12:53:15 PM,7/8/2026 2:13:20 PM,"31,381.0",19,119505172,"PALANQUILLA 130X130MM AZA 1613 3,4M (N)",76,"34,108.8","2,326.7",401.1,92.00,97,"68,857,602.0",47627,167890,"72,727,844.0","3,219,845.9","1,024,672.1",94.68
43049118,ANGULO SEMI 80X80X6MM A270ES,7/8/2026 2:34:26 PM,7/8/2026 3:15:27 PM,"18,509.0",12,102526111,"PALANQUILLA 130X130MM AZA 1008 3,4M (N)",44,"19,747.2","1,044.7",193.5,93.73,94.9,"68,857,602.0",47627,167890,"72,727,844.0","3,219,845.9","1,024,672.1",94.68
43048988,PLANA 100X10MM 6M A270ES (N),7/8/2026 11:06:58 PM,7/9/2026 1:10:59 AM,"52,780.0",57,102513096,"PALANQUILLA 130X130MM AZA 1011 3,2M (N)",132,"55,756.8","2,488.8",488.0,94.66,95.5,"68,857,602.0",47627,167890,"72,727,844.0","3,219,845.9","1,024,672.1",94.68
43049094,PLANA 100X8MM 6M A270ES (N),7/9/2026 2:03:43 AM,7/9/2026 3:29:38 AM,"40,171.0",41,102525180,"PALANQUILLA 130X130MM AZA 1011 3,4M (N)",94,"42,187.2","1,740.0",276.2,95.22,95.2,"68,857,602.0",47627,167890,"72,727,844.0","3,219,845.9","1,024,672.1",94.68
43048989,PLANA 100X6MM 6M A270ES (N),7/9/2026 4:47:10 AM,7/9/2026 6:17:42 AM,"41,313.0",43,102525180,"PALANQUILLA 130X130MM AZA 1011 3,4M (N)",96,"43,084.8","1,481.3",290.5,95.89,95.7,"68,857,602.0",47627,167890,"72,727,844.0","3,219,845.9","1,024,672.1",94.68
43048990,PLANA 100X5MM 6M A270ES (N),7/9/2026 6:47:08 AM,7/9/2026 5:43:12 PM,"221,930.0",211,102525180,"PALANQUILLA 130X130MM AZA 1011 3,4M (N)",517,"232,029.6","8,443.9","1,655.7",95.65,96,"68,857,602.0",47627,167890,"72,727,844.0","3,219,845.9","1,024,672.1",94.68
43048985,ANGULO SEMI 65X65X10MM A270ES,7/9/2026 11:56:24 PM,7/10/2026 1:30:40 AM,"37,071.0",18,102525180,"PALANQUILLA 130X130MM AZA 1011 3,4M (N)",90,"40,392.0","3,052.4",268.6,91.78,94.7,"68,857,602.0",47627,167890,"72,727,844.0","3,219,845.9","1,024,672.1",94.68
43048986,ANGULO SEMI 65X65X6MM A270ES,7/10/2026 2:46:50 AM,7/10/2026 8:27:46 AM,"110,912.0",55,102525180,"PALANQUILLA 130X130MM AZA 1011 3,4M (N)",259,"116,239.2","4,322.1","1,005.1",95.42,95.1,"68,857,602.0",47627,167890,"72,727,844.0","3,219,845.9","1,024,672.1",94.68
43048987,ANGULO SEMI 65X65X5MM A270ES,7/10/2026 10:17:51 AM,7/10/2026 1:04:49 PM,"50,387.0",27,102525180,"PALANQUILLA 130X130MM AZA 1011 3,4M (N)",121,"54,304.8","3,253.8",664.0,92.79,95.1,"68,857,602.0",47627,167890,"72,727,844.0","3,219,845.9","1,024,672.1",94.68
43048994,B HORMIGON 36MM 12M A630-420H (N),7/10/2026 5:43:18 PM,7/11/2026 3:15:01 AM,"116,162.0",77,102513132,"PALANQUILLA 130X130MM AZA 1541 3,1M (N)",307,"125,624.4","5,488.2","3,974.2",92.47,96,"68,857,602.0",47627,167890,"72,727,844.0","3,219,845.9","1,024,672.1",94.68
43048995,B HORMIGON 36MM 11M A630-420H (N),7/11/2026 3:46:21 AM,7/11/2026 4:43:38 AM,"31,141.0",22,102513145,"PALANQUILLA 130X130MM AZA 1541 2,9M (N)",88,"33,686.4","1,476.3","1,069.1",92.44,96,"68,857,602.0",47627,167890,"72,727,844.0","3,219,845.9","1,024,672.1",94.68
43048996,B HORMIGON 36MM 7M A630-420H (N),7/11/2026 5:13:37 AM,7/11/2026 6:43:50 AM,"18,551.0",13,102513132,"PALANQUILLA 130X130MM AZA 1541 3,1M (N)",56,"22,915.2","2,531.2","1,833.0",80.95,96,"68,857,602.0",47627,167890,"72,727,844.0","3,219,845.9","1,024,672.1",94.68
43048997,B HORMIGON 36MM 6M A630-420H (N),7/11/2026 7:42:52 AM,7/11/2026 8:36:45 AM,"30,808.0",28,102524188,"PALANQUILLA 130X130MM AZA 1541 3,4M (N)",73,"32,762.4","1,133.6",820.9,94.03,97,"68,857,602.0",47627,167890,"72,727,844.0","3,219,845.9","1,024,672.1",94.68
43049152,B HORMIGON 25MM 12M A630-420H (N),7/11/2026 10:52:51 AM,7/12/2026 1:46:28 AM,"357,856.0",242,102513121,"PALANQUILLA 130X130MM AZA 1541 3,2M (N)",883,"372,979.2","13,538.9","1,584.3",95.95,95,"68,857,602.0",47627,167890,"72,727,844.0","3,219,845.9","1,024,672.1",94.68
43049154,B HORMIGON R 25MM 12M A630-420HS(N),7/12/2026 2:25:44 AM,7/12/2026 3:04:55 AM,"23,537.0",15,119506262,"PALANQUILLA 130X130MM AZA 1629 3,4M (N",56,"25,132.8",925.6,670.2,93.65,97,"68,857,602.0",47627,167890,"72,727,844.0","3,219,845.9","1,024,672.1",94.68
43049141,B HORMIGON 25MM 11M A630-420H (N),7/12/2026 3:45:39 AM,7/14/2026 6:21:36 AM,"134,404.0",91,102526100,"PALANQUILLA 130X130MM AZA 1541 3,3M (N)",309,"134,600.4","4,079.8","2,954.4",99.85,95,"68,857,602.0",47627,167890,"72,727,844.0","3,219,845.9","1,024,672.1",94.68
43049153,B HORMIGON 25MM 10M A630-420H (N),7/13/2026 10:17:11 AM,7/13/2026 6:22:17 AM,"67,051.0",43,102513121,"PALANQUILLA 130X130MM AZA 1541 3,2M (N)",176,"74,342.4","4,229.0","3,062.4",90.19,95,"68,857,602.0",47627,167890,"72,727,844.0","3,219,845.9","1,024,672.1",94.68
43049142,B HORMIGON 25MM 9M A630-420H (N),7/13/2026 12:58:13 PM,7/13/2026 9:56:41 AM,"73,319.0",49,102513137,PALANQUILLA 130X130MM AZA 1541 3M (N),197,"78,012.0","4,201.4",491.7,93.98,95,"68,857,602.0",47627,167890,"72,727,844.0","3,219,845.9","1,024,672.1",94.68
43049143,B HORMIGON 25MM 8M A630-420H (N),7/13/2026 1:30:59 PM,7/13/2026 1:22:52 PM,"83,549.0",57,102524188,"PALANQUILLA 130X130MM AZA 1541 3,4M (N)",187,"83,925.6","1,560.6",182.6,99.55,95,"68,857,602.0",47627,167890,"72,727,844.0","3,219,845.9","1,024,672.1",94.68
43049144,B HORMIGON 25MM 7M A630-420H (N),7/13/2026 1:57:26 PM,7/13/2026 4:37:06 PM,"71,460.0",51,102524188,"PALANQUILLA 130X130MM AZA 1541 3,4M (N)",167,"74,949.6","3,124.0",365.6,95.34,95,"68,857,602.0",47627,167890,"72,727,844.0","3,219,845.9","1,024,672.1",94.68
43049168,B HORMIGON 25MM 7M A630-420H (N),7/13/2026 4:58:03 PM,7/13/2026 5:29:08 PM,"17,689.0",11,102513121,"PALANQUILLA 130X130MM AZA 1541 3,2M (N)",44,"18,585.6",802.7,93.9,95.18,95,"68,857,602.0",47627,167890,"72,727,844.0","3,219,845.9","1,024,672.1",94.68
43049103,PLANA 25X3MM 6M A270ES (N),7/13/2026 11:49:56 PM,7/14/2026 9:15:28 AM,"94,661.0",96,102513114,"PALANQUILLA 130X130MM AZA 1011 2,9M (N)",264,"101,059.2","5,349.3","1,048.9",93.67,96.8,"68,857,602.0",47627,167890,"72,727,844.0","3,219,845.9","1,024,672.1",94.68
43049104,PLANA 20X6MM 6M A270ES (N),7/14/2026 10:50:57 AM,7/14/2026 12:42:06 PM,"33,228.0",31,102513114,"PALANQUILLA 130X130MM AZA 1011 2,9M (N)",91,"34,834.8","1,324.9",281.9,95.39,96.6,"68,857,602.0",47627,167890,"72,727,844.0","3,219,845.9","1,024,672.1",94.68
43049105,PLANA 20X5MM 6M A270ES (N),7/14/2026 1:49:36 PM,7/14/2026 3:32:53 PM,"30,864.0",30,102513114,"PALANQUILLA 130X130MM AZA 1011 2,9M (N)",84,"32,155.2","1,079.5",211.7,95.98,96.7,"68,857,602.0",47627,167890,"72,727,844.0","3,219,845.9","1,024,672.1",94.68
43049171,CUADRADO 10MM 6M COMERCIAL (N),7/14/2026 4:35:33 PM,7/14/2026 5:48:39 PM,"23,364.0",24,102513113,"PALANQUILLA 130X130MM P PRUEBAS 2,9M (N)",63,"24,116.4",657.2,95.2,96.88,96.7,"68,857,602.0",47627,167890,"72,727,844.0","3,219,845.9","1,024,672.1",94.68
43049106,PLANA 32X10MM 6M A270ES (N),7/14/2026 11:13:06 PM,7/15/2026 12:25:51 AM,"31,829.0",30,102525180,"PALANQUILLA 130X130MM AZA 1011 3,4M (N)",75,"33,660.0","1,530.8",300.2,94.56,96.3,"68,857,602.0",47627,167890,"72,727,844.0","3,219,845.9","1,024,672.1",94.68
43049107,PLANA 38X6MM 6M A270ES (N),7/15/2026 1:58:45 AM,7/15/2026 3:25:48 AM,"38,517.0",39,102525180,"PALANQUILLA 130X130MM AZA 1011 3,4M (N)",90,"40,392.0","1,634.0",320.4,95.36,96.4,"68,857,602.0",47627,167890,"72,727,844.0","3,219,845.9","1,024,672.1",94.68
43049108,PLANA 38X5MM 6M A270ES (N),7/15/2026 4:32:42 AM,7/15/2026 5:50:04 PM,"278,754.0",268,102525180,"PALANQUILLA 130X130MM AZA 1011 3,4M (N)",650,"291,720.0","10,840.4","2,125.6",95.56,96.5,"68,857,602.0",47627,167890,"72,727,844.0","3,219,845.9","1,024,672.1",94.68
43049145,SAFEROCK SEMI 22MM 12M A520,7/15/2026 11:08:20 PM,7/16/2026 12:32:02 AM,"30,470.0",14,102513130,"PALANQUILLA 130X130MM AZA 1644 3,2M (N) ",77,"32,524.8",,,93.68,97,"68,857,602.0",47627,167890,"72,727,844.0","3,219,845.9","1,024,672.1",94.68
43049146,SAFEROCK 22MM 12M A420,7/16/2026 12:54:10 AM,7/16/2026 6:53:43 AM,"120,859.0",60,102513099,"PALANQUILLA 130X130MM AZA 1542 3,2M (N)",305,"128,832.0","6,028.4","1,944.6",93.81,95.9,"68,857,602.0",47627,167890,"72,727,844.0","3,219,845.9","1,024,672.1",94.68
43049156,SAFEROCK 22MM 10M A420,7/16/2026 7:16:17 AM,7/16/2026 8:15:46 AM,"32,065.0",17,102524193,"PALANQUILLA 130X130MM AZA 1542 3,4M (N)",76,"34,108.8","1,185.4",858.4,94.01,95.3,"68,857,602.0",47627,167890,"72,727,844.0","3,219,845.9","1,024,672.1",94.68
43049147,SAFEROCK 22MM 12M A280,7/16/2026 8:41:24 AM,7/16/2026 1:00:58 PM,"100,780.0",51,119502731,"PALANQUILLA 130X130MM AZA 1021 3,2M (N)",254,"107,289.6","3,775.6","2,734.0",93.93,95.9,"68,857,602.0",47627,167890,"72,727,844.0","3,219,845.9","1,024,672.1",94.68
43049148,SAFEROCK SEMI 22MM 12M A280,7/16/2026 2:03:05 PM,7/16/2026 6:55:04 PM,"108,486.0",54,119502731,"PALANQUILLA 130X130MM AZA 1021 3,2M (N)",270,"114,048.0","4,719.3",842.7,95.12,95.9,"68,857,602.0",47627,167890,"72,727,844.0","3,219,845.9","1,024,672.1",94.68
43049149,"SAFEROCK SEMI 22MM 10,5M A280",7/16/2026 7:17:52 PM,7/16/2026 10:09:48 PM,"41,564.0",20,119502731,"PALANQUILLA 130X130MM AZA 1021 3,2M (N)",103,"43,507.2","1,669.5",273.7,95.53,95.8,"68,857,602.0",47627,167890,"72,727,844.0","3,219,845.9","1,024,672.1",94.68
43049150,SAFEROCK SEMI 22MM 10M A280,7/16/2026 10:36:16 PM,7/17/2026 4:35:17 AM,"113,662.0",57,102524194,"PALANQUILLA 130X130MM AZA 1021 3,4M (N)",269,"120,727.2","6,182.0",883.1,94.15,95.3,"68,857,602.0",47627,167890,"72,727,844.0","3,219,845.9","1,024,672.1",94.68
43049151,"SAFEROCK SEMI 22MM 9,6M A280",7/17/2026 4:56:32 AM,7/17/2026 12:36:07 PM,"119,980.0",60,102524194,"PALANQUILLA 130X130MM AZA 1021 3,4M (N)",281,"126,112.8","3,557.0","2,575.8",95.14,95.7,"68,857,602.0",47627,167890,"72,727,844.0","3,219,845.9","1,024,672.1",94.68
43049186,B HORMIGON 22MM 10M A630-420H (N),7/17/2026 1:38:01 PM,7/17/2026 4:30:14 PM,"77,598.0",50,102526100,"PALANQUILLA 130X130MM AZA 1541 3,3M (N)",187,"81,457.2","3,358.0",501.2,95.26,97.4,"68,857,602.0",47627,167890,"72,727,844.0","3,219,845.9","1,024,672.1",94.68
43049187,B HORMIGON 22MM 7M A630-420H (N),7/17/2026 4:52:03 PM,7/17/2026 5:43:54 PM,"28,791.0",19,102526100,"PALANQUILLA 130X130MM AZA 1541 3,3M (N)",69,"30,056.4","1,132.8",132.6,95.79,97.4,"68,857,602.0",47627,167890,"72,727,844.0","3,219,845.9","1,024,672.1",94.68
43049215,B HORMIGON 28MM 12M A630-420H (N),7/17/2026 11:02:18 PM,7/18/2026 12:02:21 AM,"28,144.0",18,102526100,"PALANQUILLA 130X130MM AZA 1541 3,3M (N)",70,"30,492.0","2,002.3","1,449.9",92.30,96,"68,857,602.0",47627,167890,"72,727,844.0","3,219,845.9","1,024,672.1",94.68
43049160,B HORMIGON 28MM 12M A630-420H (N),7/18/2026 12:21:42 AM,7/18/2026 10:42:12 PM,"480,700.0",300,102513121,"PALANQUILLA 130X130MM AZA 1541 3,2M (N)",1198,"506,035.2","14,694.4","10,640.8",94.99,96,"68,857,602.0",47627,167890,"72,727,844.0","3,219,845.9","1,024,672.1",94.68
43049161,B HORMIGON 28MM 11M A630-420H (N),7/18/2026 11:09:00 PM,7/20/2026 9:56:51 AM,"102,643.0",68,102513137,PALANQUILLA 130X130MM AZA 1541 3M (N),275,"108,900.0","3,629.1","2,627.9",94.25,94,"68,857,602.0",47627,167890,"72,727,844.0","3,219,845.9","1,024,672.1",94.68
43049162,B HORMIGON 28MM 10M A630-420H (N),7/19/2026 12:56:31 AM,7/19/2026 2:00:58 AM,"35,297.0",22,102524188,"PALANQUILLA 130X130MM AZA 1541 3,4M (N)",84,"37,699.2","1,393.3","1,008.9",93.63,96,"68,857,602.0",47627,167890,"72,727,844.0","3,219,845.9","1,024,672.1",94.68
43049163,B HORMIGON 28MM 9M A630-420H (N),7/19/2026 2:25:02 AM,7/20/2026 2:20:22 AM,"127,646.0",85,102524188,"PALANQUILLA 130X130MM AZA 1541 3,4M (N)",305,"136,884.0","5,358.0","3,880.0",93.25,94,"68,857,602.0",47627,167890,"72,727,844.0","3,219,845.9","1,024,672.1",94.68
43049164,B HORMIGON 28MM 8M A630-420H (N),7/20/2026 3:11:19 AM,7/20/2026 6:47:28 AM,"73,689.0",49,102524188,"PALANQUILLA 130X130MM AZA 1541 3,4M (N)",172,"77,193.6","2,032.7","1,471.9",95.46,96,"68,857,602.0",47627,167890,"72,727,844.0","3,219,845.9","1,024,672.1",94.68
43049096,B HORMIGON 28MM 11M A630-420HS (N),7/20/2026 10:42:51 AM,7/20/2026 11:22:28 AM,"23,249.0",16,119506258,"PALANQUILLA 130X130MM AZA 1629 3,0M (N)",63,"24,948.0",985.4,713.6,93.19,97,"68,857,602.0",47627,167890,"72,727,844.0","3,219,845.9","1,024,672.1",94.68
43049165,B HORMIGON 28MM 7M A630-420H (N),7/20/2026 11:59:46 AM,7/20/2026 5:40:07 PM,"115,829.0",83,102513121,"PALANQUILLA 130X130MM AZA 1541 3,2M (N)",291,"122,918.4","4,111.9","2,977.5",94.23,96,"68,857,602.0",47627,167890,"72,727,844.0","3,219,845.9","1,024,672.1",94.68
43049157,SAFEROCK 25MM 12M A420,7/20/2026 11:41:15 PM,7/21/2026 2:22:58 AM,"71,971.0",39,102524193,"PALANQUILLA 130X130MM AZA 1542 3,4M (N)",170,"76,296.0","3,884.5",440.5,94.33,95.3,"68,857,602.0",47627,167890,"72,727,844.0","3,219,845.9","1,024,672.1",94.68
43049158,SAFEROCK SEMI 25MM 12M A420,7/21/2026 2:45:56 AM,7/21/2026 4:27:19 AM,"46,875.0",25,102524193,"PALANQUILLA 130X130MM AZA 1542 3,4M (N)",109,"48,919.2","1,665.7",378.6,95.82,95.3,"68,857,602.0",47627,167890,"72,727,844.0","3,219,845.9","1,024,672.1",94.68
43049159,SAFEROCK 25MM 10M A420,7/21/2026 4:57:33 AM,7/21/2026 6:10:22 AM,"35,696.0",18,102524193,"PALANQUILLA 130X130MM AZA 1542 3,4M (N)",85,"38,148.0","1,422.2","1,029.8",93.57,95.4,"68,857,602.0",47627,167890,"72,727,844.0","3,219,845.9","1,024,672.1",94.68
43049203,B HORMIGON 25MM 12M A630-420H (N),7/21/2026 6:57:33 AM,7/23/2026 7:29:24 AM,"941,013.0",606,102526100,"PALANQUILLA 130X130MM AZA 1541 3,3M (N)",2244,"977,486.4","39,904.9","4,669.7",96.27,95,"68,857,602.0",47627,167890,"72,727,844.0","3,219,845.9","1,024,672.1",94.68
43049204,B HORMIGON 25MM 11M A630-420H (N),7/23/2026 7:56:18 AM,7/23/2026 11:07:18 PM,"244,485.0",154,102526100,"PALANQUILLA 130X130MM AZA 1541 3,3M (N)",594,"258,746.4","8,271.6","5,989.8",94.49,95,"68,857,602.0",47627,167890,"72,727,844.0","3,219,845.9","1,024,672.1",94.68
43049205,B HORMIGON 25MM 10M A630-420H (N),7/23/2026 11:32:50 PM,7/25/2026 4:14:49 AM,"567,629.0",384,102526100,"PALANQUILLA 130X130MM AZA 1541 3,3M (N)",1365,"594,594.0","15,639.7","11,325.3",95.46,95,"68,857,602.0",47627,167890,"72,727,844.0","3,219,845.9","1,024,672.1",94.68
43049206,B HORMIGON 25MM 9M A630-420H (N),7/25/2026 4:39:53 AM,7/26/2026 5:45:07 AM,"520,446.0",345,102513137,PALANQUILLA 130X130MM AZA 1541 3M (N),1375,"544,500.0","21,534.1","2,519.9",95.58,95,"68,857,602.0",47627,167890,"72,727,844.0","3,219,845.9","1,024,672.1",94.68
43049207,B HORMIGON 25MM 8M A630-420H (N),7/26/2026 6:07:27 AM,7/27/2026 6:30:02 AM,"157,109.0",105,102524188,"PALANQUILLA 130X130MM AZA 1541 3,4M (N)",360,"161,568.0","4,131.0",483.4,97.24,95,"68,857,602.0",47627,167890,"72,727,844.0","3,219,845.9","1,024,672.1",94.68
43049208,B HORMIGON 25MM 7M A630-420H (N),7/27/2026 6:48:25 AM,7/27/2026 9:47:38 AM,"81,705.0",54,102524188,"PALANQUILLA 130X130MM AZA 1541 3,4M (N)",191,"85,720.8","3,595.1",420.7,95.32,95,"68,857,602.0",47627,167890,"72,727,844.0","3,219,845.9","1,024,672.1",94.68
43049209,B HORMIGON 25MM 6M A630-420H (N),7/27/2026 10:12:32 AM,7/27/2026 12:54:47 PM,"57,886.0",57,102526100,"PALANQUILLA 130X130MM AZA 1541 3,3M (N)",143,"62,290.8","2,554.8","1,850.0",92.93,95,"68,857,602.0",47627,167890,"72,727,844.0","3,219,845.9","1,024,672.1",94.68
43049283,B HORMIGON 25MM 9M A630-420H (N),7/27/2026 1:17:51 PM,7/27/2026 5:14:04 PM,"77,666.0",49,102513137,PALANQUILLA 130X130MM AZA 1541 3M (N),207,"81,972.0","3,854.9",451.1,94.75,95,"68,857,602.0",47627,167890,"72,727,844.0","3,219,845.9","1,024,672.1",94.68
43049284,B HORMIGON 25MM 11M A630-420H (N),7/27/2026 5:37:38 PM,7/27/2026 5:48:48 PM,"10,124.0",7,102513137,PALANQUILLA 130X130MM AZA 1541 3M (N),27,"10,692.0",329.4,238.6,94.69,95,"68,857,602.0",47627,167890,"72,727,844.0","3,219,845.9","1,024,672.1",94.68
43049210,B HORMIGON 32MM 12M A630-420H (N),7/28/2026 12:20:49 AM,7/30/2026 3:07:04 AM,"774,143.0",522,102513137,PALANQUILLA 130X130MM AZA 1541 3M (N),2066,"818,136.0","28,763.4","20,828.6",94.62,96,"68,857,602.0",47627,167890,"72,727,844.0","3,219,845.9","1,024,672.1",94.68
43049211,B HORMIGON 32MM 11M A630-420H (N),7/30/2026 3:35:05 AM,7/30/2026 1:57:23 PM,"256,467.0",159,102526100,"PALANQUILLA 130X130MM AZA 1541 3,3M (N)",620,"270,072.0","7,890.9","5,714.1",94.96,96,"68,857,602.0",47627,167890,"72,727,844.0","3,219,845.9","1,024,672.1",94.68
43049243,B HORMIGON 32MM 10M A630-420H (N),7/30/2026 2:23:26 PM,7/31/2026 8:51:44 AM,"318,652.0",211,102513132,"PALANQUILLA 130X130MM AZA 1541 3,1M (N)",838,"342,909.6","14,790.0","10,710.0",92.93,96,"68,857,602.0",47627,167890,"72,727,844.0","3,219,845.9","1,024,672.1",94.68
43049244,B HORMIGON 32MM 9M A630-420H (N),7/31/2026 9:23:09 AM,7/31/2026 2:06:04 PM,"113,350.0",71,102513121,"PALANQUILLA 130X130MM AZA 1541 3,2M (N)",281,"118,694.4","3,156.6","2,285.8",95.50,96,"68,857,602.0",47627,167890,"72,727,844.0","3,219,845.9","1,024,672.1",94.68
43049433,B HORMIGON 32MM 8M A630-420H (N),7/31/2026 2:42:45 PM,7/31/2026 5:47:43 PM,"84,354.0",52,102513121,"PALANQUILLA 130X130MM AZA 1541 3,2M (N)",212,"89,548.8","3,013.0","2,181.8",94.20,96,"68,857,602.0",47627,167890,"72,727,844.0","3,219,845.9","1,024,672.1",94.68
43049166,ANGULO SEMI 40X40X5MM A270ES,7/31/2026 11:53:26 PM,7/31/2026 11:46:27 PM,"3,267.0",2,102525180,"PALANQUILLA 130X130MM AZA 1011 3,4M (N)",10,"4,488.0","1,020.8",200.2,72.79,95.4,"68,857,602.0",47627,167890,"72,727,844.0","3,219,845.9","1,024,672.1",94.68
43049329,ANGULO SEMI 40X40X5MM A270ES,8/1/2026 12:27:41 AM,8/1/2026 4:23:26 AM,"88,258.0",48,102525180,"PALANQUILLA 130X130MM AZA 1011 3,4M (N)",207,"92,901.6","4,012.3",786.7,95.00,95.4,"68,857,602.0",47627,167890,"72,727,844.0","3,219,845.9","1,024,672.1",94.68
43049491,ANGULO SEMI 40X40X3MM A270ES,8/1/2026 5:59:23 AM,8/3/2026 5:53:29 PM,"567,452.0",306,102525180,"PALANQUILLA 130X130MM AZA 1011 3,4M (N)",1321,"592,864.8","19,214.5","6,198.3",95.71,95.7,"68,857,602.0",47627,167890,"72,727,844.0","3,219,845.9","1,024,672.1",94.68
43049331,B HORMIGON 22MM 12M A630-420HS (N),8/3/2026 11:30:42 PM,8/4/2026 2:51:09 AM,"95,008.0",60,119506259,"PALANQUILLA 130X130MM AZA 1629 3,1M (N)",243,"99,435.6","2,568.0","1,859.6",95.55,97,"68,857,602.0",47627,167890,"72,727,844.0","3,219,845.9","1,024,672.1",94.68
43049332,B HORMIGON 22MM 11M A630-420HS (N),8/4/2026 3:20:28 AM,8/4/2026 4:04:23 AM,"25,128.0",16,119506259,"PALANQUILLA 130X130MM AZA 1629 3,1M (N)",64,"26,188.8",615.3,445.5,95.95,97,"68,857,602.0",47627,167890,"72,727,844.0","3,219,845.9","1,024,672.1",94.68
43049333,B HORMIGON 22MM 10M A630-420HS (N),8/4/2026 4:25:02 AM,8/4/2026 5:41:41 AM,"38,050.0",25,119506261,"PALANQUILLA 130X130MM AZA 1629 3,3M (N)",92,"40,075.2","1,174.6",850.6,94.95,97,"68,857,602.0",47627,167890,"72,727,844.0","3,219,845.9","1,024,672.1",94.68
43049336,PLANA RESALTE 50X4 MM 11M A345 ES (N),8/4/2026 11:16:48 AM,8/4/2026 3:32:03 PM,"55,543.0",29,102524194,"PALANQUILLA 130X130MM AZA 1021 3,4M (N)",132,"59,241.6","2,973.4",725.2,93.76,97,"68,857,602.0",47627,167890,"72,727,844.0","3,219,845.9","1,024,672.1",94.68
43049337,PLANA 50X3 MM 6M A270ES (N),8/4/2026 5:10:36 PM,8/4/2026 5:37:01 PM,"6,256.0",6,102525180,"PALANQUILLA 130X130MM AZA 1011 3,4M (N)",15,"6,732.0",398.0,78.0,92.93,96.3,"68,857,602.0",47627,167890,"72,727,844.0","3,219,845.9","1,024,672.1",94.68
43049387,PLANA 50X12MM 6M A270ES,8/4/2026 10:57:04 PM,8/5/2026 12:06:48 AM,"35,439.0",33,102525180,"PALANQUILLA 130X130MM AZA 1011 3,4M (N)",83,"37,250.4","1,576.2",235.3,95.14,95.1,"68,857,602.0",47627,167890,"72,727,844.0","3,219,845.9","1,024,672.1",94.68
43049388,PLANA 50X10MM 6M A270ES (N),8/5/2026 12:58:36 AM,8/5/2026 6:57:28 AM,"140,085.0",136,102525180,"PALANQUILLA 130X130MM AZA 1011 3,4M (N)",324,"145,411.2","4,542.9",783.3,96.34,95.4,"68,857,602.0",47627,167890,"72,727,844.0","3,219,845.9","1,024,672.1",94.68
43049534,PLANA 63X12MM 6M A270ES,8/5/2026 9:14:26 AM,8/5/2026 10:20:01 AM,"34,358.0",35,102525180,"PALANQUILLA 130X130MM AZA 1011 3,4M (N)",82,"36,801.6","2,186.4",257.2,93.36,94.8,"68,857,602.0",47627,167890,"72,727,844.0","3,219,845.9","1,024,672.1",94.68
43049389,PLANA 63X10MM 6M A270 (N),8/5/2026 11:06:20 AM,8/5/2026 12:02:16 PM,"31,958.0",33,102525180,"PALANQUILLA 130X130MM AZA 1011 3,4M (N)",75,"33,660.0","1,423.0",279.0,94.94,95.2,"68,857,602.0",47627,167890,"72,727,844.0","3,219,845.9","1,024,672.1",94.68
43049390,PLANA 63X6MM 6M A270ES (N),8/5/2026 2:35:09 PM,8/5/2026 5:43:41 PM,"16,442.0",17,102525180,"PALANQUILLA 130X130MM AZA 1011 3,4M (N)",49,"21,991.2","4,639.5",909.7,74.77,95.7,"68,857,602.0",47627,167890,"72,727,844.0","3,219,845.9","1,024,672.1",94.68
43049335,B HORMIGON 22MM 6M A630-420H (N),8/5/2026 9:15:19 PM,8/5/2026 9:43:09 PM,"59,206.0",65,102513132,"PALANQUILLA 130X130MM AZA 1541 3,1M (N)",117,"47,876.4",0.0,0.0,123.66,97.4,"68,857,602.0",47627,167890,"72,727,844.0","3,219,845.9","1,024,672.1",94.68
43049391,PLANA 50X6MM 6M A270ES (N),8/5/2026 10:56:38 PM,8/6/2026 1:52:38 AM,"38,756.0",37,102525180,"PALANQUILLA 130X130MM AZA 1011 3,4M (N)",94,"42,187.2","3,293.7",463.9,91.87,96,"68,857,602.0",47627,167890,"72,727,844.0","3,219,845.9","1,024,672.1",94.68
43049392,PLANA 50X5MM 6M A270ES (N),8/6/2026 2:29:13 AM,8/6/2026 7:30:22 AM,"89,300.0",87,102525180,"PALANQUILLA 130X130MM AZA 1011 3,4M (N)",214,"96,043.2","5,637.8","1,105.4",92.98,96,"68,857,602.0",47627,167890,"72,727,844.0","3,219,845.9","1,024,672.1",94.68
43049561,PLANA 50X5MM 6M A270ES (N),8/6/2026 8:06:21 AM,8/6/2026 9:38:28 AM,"34,442.0",33,102513096,"PALANQUILLA 130X130MM AZA 1011 3,2M (N)",86,"36,326.4","1,553.8",330.6,94.81,96,"68,857,602.0",47627,167890,"72,727,844.0","3,219,845.9","1,024,672.1",94.68
43049398,B HORMIGON 32MM 12M A630-420HS (N),8/6/2026 12:31:15 PM,8/7/2026 3:39:59 AM,"224,803.0",151,119506258,"PALANQUILLA 130X130MM AZA 1629 3,0M (N)",588,"232,848.0","6,774.4","4,905.6",96.54,96,"68,857,602.0",47627,167890,"72,727,844.0","3,219,845.9","1,024,672.1",94.68
43049399,B HORMIGON 32MM 11M A630-420HS (N),8/7/2026 4:09:27 AM,8/7/2026 6:43:25 AM,"70,225.0",48,119506261,"PALANQUILLA 130X130MM AZA 1629 3,3M (N)",172,"74,923.2","2,725.0","1,973.2",93.73,96,"68,857,602.0",47627,167890,"72,727,844.0","3,219,845.9","1,024,672.1",94.68
43049393,B HORMIGON 32MM 12M A630-420H (N),8/7/2026 8:52:58 AM,8/7/2026 1:45:56 PM,"120,174.0",80,102513137,PALANQUILLA 130X130MM AZA 1541 3M (N),319,"126,324.0","3,567.0","2,583.0",95.13,96,"68,857,602.0",47627,167890,"72,727,844.0","3,219,845.9","1,024,672.1",94.68
43049394,B HORMIGON 32MM 9M A630-420H (N),8/7/2026 2:10:24 PM,8/7/2026 3:22:50 PM,"36,104.0",23,102513121,"PALANQUILLA 130X130MM AZA 1541 3,2M (N)",91,"38,438.4","1,354.0",980.5,93.93,96,"68,857,602.0",47627,167890,"72,727,844.0","3,219,845.9","1,024,672.1",94.68
43049395,B HORMIGON 32MM 8M A630-420H (N),8/7/2026 3:58:27 PM,8/7/2026 5:04:38 PM,"29,431.0",20,102513121,"PALANQUILLA 130X130MM AZA 1541 3,2M (N)",75,"31,680.0","1,304.4",944.6,92.90,96,"68,857,602.0",47627,167890,"72,727,844.0","3,219,845.9","1,024,672.1",94.68
43049396,B HORMIGON 32MM 7M A630-420H (N),8/7/2026 5:31:32 PM,8/7/2026 5:51:24 PM,"17,072.0",11,102513121,"PALANQUILLA 130X130MM AZA 1541 3,2M (N)",40,"16,896.0",102.1,73.9,101.04,96,"68,857,602.0",47627,167890,"72,727,844.0","3,219,845.9","1,024,672.1",94.68
43049604,B HORMIGON 32MM 9M A630-420HS (N),8/7/2026 9:00:32 PM,8/7/2026 8:34:59 PM,"21,721.0",14,119506260,"PALANQUILLA 130X130MM AZA 1629 3,2M (N)",1,422.4,0.0,0.0,"5,142.28",97,"68,857,602.0",47627,167890,"72,727,844.0","3,219,845.9","1,024,672.1",94.68
43049400,B HORMIGON 28MM 12M A630-420H (N),8/7/2026 11:39:04 PM,8/8/2026 9:48:32 AM,"239,372.0",149,102513121,"PALANQUILLA 130X130MM AZA 1541 3,2M (N)",584,"246,681.6","5,880.0","4,258.0",97.04,96,"68,857,602.0",47627,167890,"72,727,844.0","3,219,845.9","1,024,672.1",94.68
43049401,B HORMIGON 28MM 11M A630-420H (N),8/8/2026 10:13:54 AM,8/8/2026 3:53:42 PM,"135,984.0",91,102513137,PALANQUILLA 130X130MM AZA 1541 3M (N),363,"143,748.0","4,503.1","3,260.9",94.60,94,"68,857,602.0",47627,167890,"72,727,844.0","3,219,845.9","1,024,672.1",94.68
43049402,B HORMIGON 28MM 10M A630-420H (N),8/8/2026 4:40:21 PM,8/10/2026 2:33:19 AM,"105,341.0",69,102524188,"PALANQUILLA 130X130MM AZA 1541 3,4M (N)",246,"110,404.8","2,937.0","2,126.8",95.41,96,"68,857,602.0",47627,167890,"72,727,844.0","3,219,845.9","1,024,672.1",94.68
43049403,B HORMIGON 28MM 9M A630-420H (N),8/10/2026 2:56:56 AM,8/10/2026 6:06:21 AM,"86,610.0",56,102524188,"PALANQUILLA 130X130MM AZA 1541 3,4M (N)",202,"90,657.6","2,347.6","1,700.0",95.54,94,"68,857,602.0",47627,167890,"72,727,844.0","3,219,845.9","1,024,672.1",94.68
43049404,B HORMIGON 28MM 8M A630-420H (N),8/10/2026 6:33:29 AM,8/10/2026 11:35:27 AM,"124,254.0",83,102524188,"PALANQUILLA 130X130MM AZA 1541 3,4M (N)",290,"130,152.0","3,420.8","2,477.2",95.47,96,"68,857,602.0",47627,167890,"72,727,844.0","3,219,845.9","1,024,672.1",94.68
43049405,B HORMIGON 28MM 7M A630-420H (N),8/10/2026 12:03:20 PM,8/10/2026 4:15:35 PM,"110,450.0",73,102513121,"PALANQUILLA 130X130MM AZA 1541 3,2M (N)",275,"116,160.0","3,311.8","2,398.2",95.08,96,"68,857,602.0",47627,167890,"72,727,844.0","3,219,845.9","1,024,672.1",94.68
43049589,B HORMIGON 25MM 12M A630-420H (N),8/10/2026 11:36:27 PM,8/11/2026 2:28:09 PM,"359,242.0",236,102526100,"PALANQUILLA 130X130MM AZA 1541 3,3M (N)",861,"375,051.6","14,153.4","1,656.3",95.78,95,"68,857,602.0",47627,167890,"72,727,844.0","3,219,845.9","1,024,672.1",94.68
43049607,B HORMIGON 25MM 11M A630-420H (N),8/11/2026 2:56:55 PM,8/11/2026 5:49:45 PM,"81,186.0",51,102526100,"PALANQUILLA 130X130MM AZA 1541 3,3M (N)",198,"86,248.8","2,936.4","2,126.4",94.13,95,"68,857,602.0",47627,167890,"72,727,844.0","3,219,845.9","1,024,672.1",94.68
43049407,ANGULO SEMI 65X65X8MM A270ES,8/11/2026 11:25:17 PM,8/12/2026 1:05:23 AM,"40,542.0",24,102525180,"PALANQUILLA 130X130MM AZA 1011 3,4M (N)",96,"43,084.8","2,203.8",339.0,94.10,95.4,"68,857,602.0",47627,167890,"72,727,844.0","3,219,845.9","1,024,672.1",94.68
43049408,ANGULO SEMI 65X65X6MM A270ES,8/12/2026 2:06:20 AM,8/12/2026 4:08:55 AM,"45,766.0",25,102525180,"PALANQUILLA 130X130MM AZA 1011 3,4M (N)",107,"48,021.6","1,830.0",425.6,95.30,95.1,"68,857,602.0",47627,167890,"72,727,844.0","3,219,845.9","1,024,672.1",94.68
43049409,ANGULO SEMI 65X65X5MM A270ES,8/12/2026 5:48:42 AM,8/12/2026 5:26:10 PM,"193,749.0",106,102525180,"PALANQUILLA 130X130MM AZA 1011 3,4M (N)",459,"205,999.2","10,173.9","2,076.3",94.05,95.1,"68,857,602.0",47627,167890,"72,727,844.0","3,219,845.9","1,024,672.1",94.68
43049590,B HORMIGON 18MM 10M A630-420HS (N),8/12/2026 10:50:55 PM,8/12/2026 11:48:36 PM,"29,325.0",19,119506262,"PALANQUILLA 130X130MM AZA 1629 3,4M (N",70,"31,416.0","1,230.0",861.0,93.34,95,"68,857,602.0",47627,167890,"72,727,844.0","3,219,845.9","1,024,672.1",94.68
43049638,B HORMIGON 18MM 7M A630-420HS (N),8/13/2026 12:04:50 AM,8/13/2026 12:46:00 AM,"22,231.0",16,119506262,"PALANQUILLA 130X130MM AZA 1629 3,4M (N",52,"23,337.6",909.0,197.6,95.26,97,"68,857,602.0",47627,167890,"72,727,844.0","3,219,845.9","1,024,672.1",94.68
43049639,B HORMIGON 18MM 12M A630-420H (N),8/13/2026 1:21:21 AM,8/13/2026 3:02:41 AM,"47,688.0",31,102524188,"PALANQUILLA 130X130MM AZA 1541 3,4M (N)",112,"50,265.6","2,117.3",460.3,94.87,96,"68,857,602.0",47627,167890,"72,727,844.0","3,219,845.9","1,024,672.1",94.68
43049591,B HORMIGON 18MM 11M A630-420H (N),8/13/2026 3:20:39 AM,8/13/2026 5:07:52 AM,"51,850.0",34,102524188,"PALANQUILLA 130X130MM AZA 1541 3,4M (N)",121,"54,304.8","1,991.6",463.2,95.48,96,"68,857,602.0",47627,167890,"72,727,844.0","3,219,845.9","1,024,672.1",94.68
43049592,B HORMIGON 18MM 10M A630-420H (N),8/13/2026 5:24:35 AM,8/13/2026 11:27:18 AM,"98,575.0",64,102524188,"PALANQUILLA 130X130MM AZA 1541 3,4M (N)",229,"102,775.2","2,845.3","1,354.9",95.91,96,"68,857,602.0",47627,167890,"72,727,844.0","3,219,845.9","1,024,672.1",94.68
43049593,B HORMIGON 18MM 7M A630-420H (N),8/13/2026 11:50:13 AM,8/13/2026 1:25:24 PM,"46,625.0",32,102524188,"PALANQUILLA 130X130MM AZA 1541 3,4M (N)",101,"45,328.8",731.8,813.2,102.86,95.9,"68,857,602.0",47627,167890,"72,727,844.0","3,219,845.9","1,024,672.1",94.68
43049594,SAFEROCK 22MM 12M A420,8/13/2026 4:12:10 PM,8/13/2026 11:27:14 PM,"54,818.0",28,102513099,"PALANQUILLA 130X130MM AZA 1542 3,2M (N)",139,"58,713.6","2,945.5",950.1,93.37,95.9,"68,857,602.0",47627,167890,"72,727,844.0","3,219,845.9","1,024,672.1",94.68
43049685,SAFEROCK 22MM 12M A420,8/13/2026 11:55:03 PM,8/14/2026 12:51:17 AM,"24,686.0",14,102524193,"PALANQUILLA 130X130MM AZA 1542 3,4M (N)",61,"27,376.8","2,034.5",656.3,90.17,95.9,"68,857,602.0",47627,167890,"72,727,844.0","3,219,845.9","1,024,672.1",94.68
43049596,SAFEROCK SEMI 22MM 12M A280,8/14/2026 1:14:57 AM,8/14/2026 6:28:25 AM,"120,129.0",52,119502731,"PALANQUILLA 130X130MM AZA 1021 3,2M (N)",297,"125,452.8","4,517.2",806.6,95.76,95.9,"68,857,602.0",47627,167890,"72,727,844.0","3,219,845.9","1,024,672.1",94.68
43049597,"SAFEROCK SEMI 22MM 10,5M A280",8/14/2026 6:54:13 AM,8/14/2026 8:16:42 AM,"40,542.0",20,119502731,"PALANQUILLA 130X130MM AZA 1021 3,2M (N)",100,"42,240.0","1,458.9",239.2,95.98,95.8,"68,857,602.0",47627,167890,"72,727,844.0","3,219,845.9","1,024,672.1",94.68
43049640,"SAFEROCK 22MM 10,5M A520",8/14/2026 8:45:06 AM,8/14/2026 9:38:10 AM,"28,541.0",15,102513130,"PALANQUILLA 130X130MM AZA 1644 3,2M (N) ",73,"30,835.2","1,674.2",620.1,92.56,97,"68,857,602.0",47627,167890,"72,727,844.0","3,219,845.9","1,024,672.1",94.68
43049598,SAFEROCK SEMI 22MM 10M A280,8/14/2026 10:01:49 AM,8/14/2026 1:54:57 PM,"101,464.0",56,102524194,"PALANQUILLA 130X130MM AZA 1021 3,4M (N)",239,"107,263.2","5,074.3",724.9,94.59,95.3,"68,857,602.0",47627,167890,"72,727,844.0","3,219,845.9","1,024,672.1",94.68
43049698,SAFEROCK 22MM 12M A280,8/14/2026 2:41:44 PM,8/14/2026 5:42:15 PM,"73,372.0",36,119502731,"PALANQUILLA 130X130MM AZA 1021 3,2M (N)",184,"77,721.6","2,522.8","1,826.8",94.40,95.9,"68,857,602.0",47627,167890,"72,727,844.0","3,219,845.9","1,024,672.1",94.68
43049708,"SAFEROCK SEMI 25MM 10,8M A280",8/15/2026 12:03:11 AM,8/15/2026 12:29:52 AM,"18,324.0",9,102524194,"PALANQUILLA 130X130MM AZA 1021 3,4M (N)",44,"19,747.2",825.5,597.7,92.79,95.3,"68,857,602.0",47627,167890,"72,727,844.0","3,219,845.9","1,024,672.1",94.68
43049586,SAFEROCK 25MM 12M A420,8/15/2026 12:56:01 AM,8/15/2026 1:50:19 AM,"31,019.0",15,102524193,"PALANQUILLA 130X130MM AZA 1542 3,4M (N)",72,"32,313.6","1,162.7",131.9,95.99,95.3,"68,857,602.0",47627,167890,"72,727,844.0","3,219,845.9","1,024,672.1",94.68
43049587,SAFEROCK SEMI 25MM 12M A420,8/15/2026 2:11:07 AM,8/15/2026 3:04:42 AM,"31,214.0",14,102524193,"PALANQUILLA 130X130MM AZA 1542 3,4M (N)",72,"32,313.6",896.0,203.6,96.60,95.3,"68,857,602.0",47627,167890,"72,727,844.0","3,219,845.9","1,024,672.1",94.68
43049588,SAFEROCK SEMI 25MM 10M A420,8/15/2026 7:41:38 AM,8/15/2026 7:42:09 AM,"28,183.0",15,102524193,"PALANQUILLA 130X130MM AZA 1542 3,4M (N)",4,"1,795.2",0.0,0.0,"1,569.91",95.4,"68,857,602.0",47627,167890,"72,727,844.0","3,219,845.9","1,024,672.1",94.68
43049585,"SAFEROCK 25MM 8,4M A520",8/15/2026 8:23:30 AM,8/15/2026 8:10:38 AM,"26,831.0",16,102526117,"PALANQUILLA 130X130MM AZA 1644 3,4M (N)",66,"29,620.8","1,618.1","1,171.7",90.58,97,"68,857,602.0",47627,167890,"72,727,844.0","3,219,845.9","1,024,672.1",94.68
43049612,B HORMIGON 25MM 6M A630-420H (N),8/15/2026 12:05:41 PM,8/15/2026 1:19:02 PM,"36,319.0",37,102526100,"PALANQUILLA 130X130MM AZA 1541 3,3M (N)",88,"38,332.8","1,168.0",845.8,94.75,95,"68,857,602.0",47627,167890,"72,727,844.0","3,219,845.9","1,024,672.1",94.68
43049611,B HORMIGON 25MM 7M A630-420H (N),8/15/2026 1:45:20 PM,8/17/2026 2:24:45 AM,"137,605.0",91,102524188,"PALANQUILLA 130X130MM AZA 1541 3,4M (N)",324,"145,411.2","6,988.4",817.8,94.63,95,"68,857,602.0",47627,167890,"72,727,844.0","3,219,845.9","1,024,672.1",94.68
43049608,B HORMIGON 25MM 11M A630-420H (N),8/17/2026 2:44:37 AM,8/17/2026 6:52:18 AM,"101,987.0",68,102526100,"PALANQUILLA 130X130MM AZA 1541 3,3M (N)",250,"108,900.0","5,334.4","3,862.8",93.65,95,"68,857,602.0",47627,167890,"72,727,844.0","3,219,845.9","1,024,672.1",94.68
43049609,B HORMIGON 25MM 10M A630-420H (N),8/17/2026 7:12:41 AM,8/17/2026 9:19:21 AM,"45,399.0",30,102526100,"PALANQUILLA 130X130MM AZA 1541 3,3M (N)",111,"48,351.6","1,712.5","1,240.1",93.89,95,"68,857,602.0",47627,167890,"72,727,844.0","3,219,845.9","1,024,672.1",94.68
43049610,B HORMIGON 25MM 8M A630-420H (N),8/17/2026 9:21:55 AM,8/17/2026 10:59:55 AM,"52,172.0",33,102524188,"PALANQUILLA 130X130MM AZA 1541 3,4M (N)",118,"52,958.4",704.0,82.4,98.52,95,"68,857,602.0",47627,167890,"72,727,844.0","3,219,845.9","1,024,672.1",94.68
43049641,B HORMIGON 25MM 7M A630-420HS (N),8/17/2026 11:32:55 AM,8/17/2026 12:29:23 PM,"29,466.0",20,119506262,"PALANQUILLA 130X130MM AZA 1629 3,4M (N",69,"30,967.2",870.7,630.5,95.15,97,"68,857,602.0",47627,167890,"72,727,844.0","3,219,845.9","1,024,672.1",94.68
43049613,HEXAGONO 1' 8M SAE 1045 (N),8/17/2026 1:55:34 PM,8/17/2026 4:05:04 PM,"62,552.0",31,102526114,"PALANQUILLA 130X130MM SAE 1045 3,4M (N)",148,"66,422.4","3,301.2",569.2,94.17,94.2,"68,857,602.0",47627,167890,"72,727,844.0","3,219,845.9","1,024,672.1",94.68
43049614,HEXAGONO SEMI 1' 8M SAE 1045 (N),8/17/2026 4:28:44 PM,8/17/2026 5:41:53 PM,"41,240.0",21,102526114,"PALANQUILLA 130X130MM SAE 1045 3,4M (N)",96,"43,084.8","1,581.3",263.5,95.72,94.2,"68,857,602.0",47627,167890,"72,727,844.0","3,219,845.9","1,024,672.1",94.68
43049669,PLANA 25X3MM 6M A270ES (N),8/18/2026 12:24:19 AM,8/19/2026 10:36:16 AM,"130,016.0",126,102513114,"PALANQUILLA 130X130MM AZA 1011 2,9M (N)",356,"136,276.8","5,234.4","1,026.4",95.41,96.8,"68,857,602.0",47627,167890,"72,727,844.0","3,219,845.9","1,024,672.1",94.68
43049668,"PLANA 1""X1/8"" X 7,315m ASTM A36 (P)",8/18/2026 11:14:55 AM,8/19/2026 6:42:04 AM,"107,918.0",106,102513114,"PALANQUILLA 130X130MM AZA 1011 2,9M (N)",300,"114,840.0","4,014.8","2,907.2",93.97,97,"68,857,602.0",47627,167890,"72,727,844.0","3,219,845.9","1,024,672.1",94.68
43049670,REDONDO LISO 1/2' 6M SAE 1020 (N),8/19/2026 12:53:32 PM,8/19/2026 2:20:31 PM,"31,901.0",30,102513162,"PALANQUILLA 130X130MM SAE 1020 2,9M (N)",88,"33,686.4","1,477.6",307.8,94.70,96,"68,857,602.0",47627,167890,"72,727,844.0","3,219,845.9","1,024,672.1",94.68
43049671,PLANA 32X3MM 6M A270ES (N),8/19/2026 3:41:49 PM,8/19/2026 5:44:55 PM,"26,065.0",25,102513114,"PALANQUILLA 130X130MM AZA 1011 2,9M (N)",72,"27,561.6","1,251.3",245.4,94.57,96.6,"68,857,602.0",47627,167890,"72,727,844.0","3,219,845.9","1,024,672.1",94.68
43049772,ANGULO SEMI 20X20X3MM A270ES,8/20/2026 12:21:02 AM,8/20/2026 1:23:06 AM,"20,676.0",10,102513114,"PALANQUILLA 130X130MM AZA 1011 2,9M (N)",55,"21,054.0",310.5,67.5,98.20,96.3,"68,857,602.0",47627,167890,"72,727,844.0","3,219,845.9","1,024,672.1",94.68
43049738,ANGULO SEMI 20X20X3MM A270ES,8/20/2026 1:44:22 AM,8/20/2026 6:03:16 PM,"75,009.0",38,102524390,"PALANQUILLA 130X130MM AZA 1008 3,2M (N) ",143,"60,403.2","2,523.3",548.5,124.18,96.3,"68,857,602.0",47627,167890,"72,727,844.0","3,219,845.9","1,024,672.1",94.68
43049674,"PLANA ASERRADA 32X4,85MM 6M A270ES (N)",8/20/2026 10:32:18 AM,8/20/2026 3:02:57 PM,"61,929.0",62,102513096,"PALANQUILLA 130X130MM AZA 1011 3,2M (N)",156,"65,894.4","3,315.3",650.1,93.98,96.5,"68,857,602.0",47627,167890,"72,727,844.0","3,219,845.9","1,024,672.1",94.68
43049675,PLANA 38X3MM 6M A270ES (N),8/20/2026 4:42:23 PM,8/20/2026 5:46:24 PM,"14,086.0",15,102513096,"PALANQUILLA 130X130MM AZA 1011 3,2M (N)",35,"14,784.0",583.6,114.4,95.28,96.6,"68,857,602.0",47627,167890,"72,727,844.0","3,219,845.9","1,024,672.1",94.68
43049710,SAFEROCK 25MM 10M A420,8/20/2026 6:35:58 PM,8/20/2026 6:03:39 PM,"30,009.0",16,102526087,PALANQUILLA 130X130MM AZA 1542 3.3M (N) ,1,435.6,0.0,0.0,"6,889.12",95.4,"68,857,602.0",47627,167890,"72,727,844.0","3,219,845.9","1,024,672.1",94.68
43049776,PLANA 25X10MM 6M A270ES (N),8/20/2026 11:09:17 PM,8/20/2026 11:58:02 PM,"21,192.0",22,102513096,"PALANQUILLA 130X130MM AZA 1011 3,2M (N)",53,"22,387.2",999.3,195.9,94.66,96.5,"68,857,602.0",47627,167890,"72,727,844.0","3,219,845.9","1,024,672.1",94.68
43049677,PLANA 25X10MM 6M A270ES (N),8/21/2026 12:11:44 AM,8/21/2026 12:30:37 AM,"9,464.0",9,102525180,"PALANQUILLA 130X130MM AZA 1011 3,4M (N)",22,"9,873.6",342.5,67.2,95.85,96.5,"68,857,602.0",47627,167890,"72,727,844.0","3,219,845.9","1,024,672.1",94.68
43049676,REDONDO LISO 16MM 6M SAE 1020 (N),8/21/2026 1:17:32 AM,8/21/2026 5:53:28 AM,"105,158.0",102,102524143,"PALANQUILLA 130X130MM SAE 1020 3,4M (N)",246,"110,404.8","4,439.6",807.2,95.25,95.8,"68,857,602.0",47627,167890,"72,727,844.0","3,219,845.9","1,024,672.1",94.68
43049739,ANGULO SEMI 25X25X3MM A270ES,8/21/2026 8:02:21 AM,8/21/2026 5:53:17 PM,"151,691.0",74,102526111,"PALANQUILLA 130X130MM AZA 1008 3,4M (N)",351,"157,528.8","4,447.8","1,390.0",96.29,96.3,"68,857,602.0",47627,167890,"72,727,844.0","3,219,845.9","1,024,672.1",94.68
43049779,ANGULO SEMI 25X25X3MM A270ES,8/21/2026 3:28:16 PM,8/21/2026 3:50:59 PM,"14,123.0",7,102524390,"PALANQUILLA 130X130MM AZA 1008 3,2M (N) ",32,"13,516.8",0.0,0.0,104.48,96.3,"68,857,602.0",47627,167890,"72,727,844.0","3,219,845.9","1,024,672.1",94.68
43049615,"BARRA TRASPASO CARGA 25MM 6,2M A630-420H",8/21/2026 11:19:56 PM,8/22/2026 12:47:33 AM,"32,529.0",35,119502582,"PALANQUILLA 130X130MM AZA 1050 3,4M (N) ",77,"34,557.6",,,94.13,97,"68,857,602.0",47627,167890,"72,727,844.0","3,219,845.9","1,024,672.1",94.68
43049740,B HORMIGON 25MM 12M A630-420H (N),8/22/2026 1:52:00 AM,8/24/2026 1:17:51 AM,"402,508.0",260,102526100,"PALANQUILLA 130X130MM AZA 1541 3,3M (N)",970,"422,532.0","17,926.2","2,097.8",95.26,95,"68,857,602.0",47627,167890,"72,727,844.0","3,219,845.9","1,024,672.1",94.68
43049741,B HORMIGON 25MM 11M A630-420H (N),8/24/2026 1:44:01 AM,8/24/2026 5:46:54 AM,"100,090.0",62,102526100,"PALANQUILLA 130X130MM AZA 1541 3,3M (N)",245,"106,722.0","3,846.6","2,785.4",93.79,95,"68,857,602.0",47627,167890,"72,727,844.0","3,219,845.9","1,024,672.1",94.68
43049742,B HORMIGON 25MM 10M A630-420H (N),8/24/2026 6:20:31 AM,8/24/2026 9:24:02 AM,"82,345.0",52,102526100,"PALANQUILLA 130X130MM AZA 1541 3,3M (N)",199,"86,684.4","2,516.9","1,822.5",94.99,95,"68,857,602.0",47627,167890,"72,727,844.0","3,219,845.9","1,024,672.1",94.68
43049743,B HORMIGON 25MM 8M A630-420H (N),8/24/2026 9:57:21 AM,8/24/2026 1:07:53 PM,"89,597.0",59,102524188,"PALANQUILLA 130X130MM AZA 1541 3,4M (N)",209,"93,799.2","3,762.0",440.2,95.52,95,"68,857,602.0",47627,167890,"72,727,844.0","3,219,845.9","1,024,672.1",94.68
43049744,B HORMIGON 25MM 7M A630-420H (N),8/24/2026 1:28:10 PM,8/24/2026 4:20:01 PM,"80,972.0",58,102524188,"PALANQUILLA 130X130MM AZA 1541 3,4M (N)",189,"84,823.2","3,447.7",403.5,95.46,95,"68,857,602.0",47627,167890,"72,727,844.0","3,219,845.9","1,024,672.1",94.68
43049745,B HORMIGON 25MM 6M A630-420H (N),8/24/2026 4:52:11 PM,8/24/2026 5:45:07 PM,"31,130.0",28,102526100,"PALANQUILLA 130X130MM AZA 1541 3,3M (N)",75,"32,670.0",893.2,646.8,95.29,95,"68,857,602.0",47627,167890,"72,727,844.0","3,219,845.9","1,024,672.1",94.68
43049746,B HORMIGON 28MM 12M A630-420H (N),8/24/2026 11:49:55 PM,8/25/2026 4:56:53 AM,"144,623.0",92,102513121,"PALANQUILLA 130X130MM AZA 1541 3,2M (N)",358,"151,219.2","3,825.8","2,770.4",95.64,96,"68,857,602.0",47627,167890,"72,727,844.0","3,219,845.9","1,024,672.1",94.68
43049747,B HORMIGON 28MM 11M A630-420H (N),8/25/2026 5:27:56 AM,8/25/2026 8:42:59 AM,"77,488.0",52,102513137,PALANQUILLA 130X130MM AZA 1541 3M (N),208,"82,368.0","2,830.4","2,049.6",94.08,94,"68,857,602.0",47627,167890,"72,727,844.0","3,219,845.9","1,024,672.1",94.68
43049748,B HORMIGON 28MM 10M A630-420H (N),8/25/2026 9:03:29 AM,8/25/2026 12:06:46 PM,"74,542.0",50,102524188,"PALANQUILLA 130X130MM AZA 1541 3,4M (N)",176,"78,988.8","2,579.1","1,867.7",94.37,96,"68,857,602.0",47627,167890,"72,727,844.0","3,219,845.9","1,024,672.1",94.68
43049749,B HORMIGON 28MM 9M A630-420H (N),8/25/2026 12:30:50 PM,8/25/2026 1:52:46 PM,"41,623.0",28,102524188,"PALANQUILLA 130X130MM AZA 1541 3,4M (N)",96,"43,084.8",847.8,614.0,96.61,94,"68,857,602.0",47627,167890,"72,727,844.0","3,219,845.9","1,024,672.1",94.68
43049750,B HORMIGON 28MM 8M A630-420H (N),8/25/2026 2:15:34 PM,8/25/2026 3:32:34 PM,"40,491.0",28,102524188,"PALANQUILLA 130X130MM AZA 1541 3,4M (N)",97,"43,533.6","1,764.7","1,277.9",93.01,96,"68,857,602.0",47627,167890,"72,727,844.0","3,219,845.9","1,024,672.1",94.68
43049751,B HORMIGON 28MM 7M A630-420H (N),8/25/2026 3:58:35 PM,8/25/2026 5:43:26 PM,"51,127.0",33,102513121,"PALANQUILLA 130X130MM AZA 1541 3,2M (N)",128,"54,067.2","1,705.3","1,234.9",94.56,96,"68,857,602.0",47627,167890,"72,727,844.0","3,219,845.9","1,024,672.1",94.68
43049757,B HORMIGON 18MM 9M A630-420H (N),8/25/2026 10:56:58 PM,8/26/2026 4:39:34 AM,"117,129.0",74,102524188,"PALANQUILLA 130X130MM AZA 1541 3,4M (N)",274,"122,971.2","4,263.2","1,579.0",95.25,95.9,"68,857,602.0",47627,167890,"72,727,844.0","3,219,845.9","1,024,672.1",94.68
43049758,B HORMIGON 18MM 8M A630-420H (N),8/26/2026 5:04:09 AM,8/26/2026 9:33:35 AM,"101,359.0",67,102524188,"PALANQUILLA 130X130MM AZA 1541 3,4M (N)",235,"105,468.0","2,998.5","1,110.5",96.10,96,"68,857,602.0",47627,167890,"72,727,844.0","3,219,845.9","1,024,672.1",94.68
43049831,B HORMIGON 18MM 7M A630-420H (N),8/26/2026 9:55:04 AM,8/26/2026 9:55:35 AM,"9,295.0",8,119502582,"PALANQUILLA 130X130MM AZA 1050 3,4M (N) ",10,"4,488.0",,,207.11,95.9,"68,857,602.0",47627,167890,"72,727,844.0","3,219,845.9","1,024,672.1",94.68
43049832,B HORMIGON 18MM 7M A630-420H (N),8/26/2026 10:12:29 AM,8/26/2026 10:46:00 AM,"19,155.0",14,119502584,"PALANQUILLA 130x130MM AZA 1050 3,2M (N) ",48,"20,275.2",530.6,589.6,94.48,95.9,"68,857,602.0",47627,167890,"72,727,844.0","3,219,845.9","1,024,672.1",94.68
43049759,B HORMIGON 18MM 7M A630-420H (N),8/26/2026 11:01:42 AM,8/26/2026 1:29:39 PM,"49,110.0",35,102524188,"PALANQUILLA 130X130MM AZA 1541 3,4M (N)",115,"51,612.0","1,185.2","1,316.8",95.15,95.9,"68,857,602.0",47627,167890,"72,727,844.0","3,219,845.9","1,024,672.1",94.68
43049760,B HORMIGON 18MM 6M A630-420H (N),8/26/2026 1:51:52 PM,8/27/2026 1:29:02 AM,"179,027.0",171,102524188,"PALANQUILLA 130X130MM AZA 1541 3,4M (N)",419,"188,047.2","7,409.5","1,610.7",95.20,96,"68,857,602.0",47627,167890,"72,727,844.0","3,219,845.9","1,024,672.1",94.68
43049756,B HORMIGON 18MM 10M A630-420H (N),8/27/2026 1:49:07 AM,8/27/2026 2:49:49 AM,"30,950.0",21,102524188,"PALANQUILLA 130X130MM AZA 1541 3,4M (N)",74,"33,211.2","1,531.8",729.4,93.19,96,"68,857,602.0",47627,167890,"72,727,844.0","3,219,845.9","1,024,672.1",94.68
43049755,B HORMIGON 18MM 11M A630-420H (N),8/27/2026 3:29:10 AM,8/27/2026 1:06:47 PM,"232,159.0",151,102524188,"PALANQUILLA 130X130MM AZA 1541 3,4M (N)",554,"248,635.2","13,367.5","3,108.7",93.37,96,"68,857,602.0",47627,167890,"72,727,844.0","3,219,845.9","1,024,672.1",94.68
43049754,B HORMIGON 18MM 12M A630-420H (N),8/27/2026 1:34:21 PM,8/31/2026 8:18:20 AM,"1,238,139.0",790,102524188,"PALANQUILLA 130X130MM AZA 1541 3,4M (N)",2894,"1,298,827.2","49,851.0","10,837.2",95.33,96,"68,857,602.0",47627,167890,"72,727,844.0","3,219,845.9","1,024,672.1",94.68
43049887,B HORMIGON 18MM 12M A630-420H (N),8/31/2026 8:49:37 AM,8/31/2026 5:44:59 PM,"200,519.0",128,102513137,PALANQUILLA 130X130MM AZA 1541 3M (N),527,"208,692.0","6,713.5","1,459.5",96.08,96,"68,857,602.0",47627,167890,"72,727,844.0","3,219,845.9","1,024,672.1",94.68
43049985,PLANA 50X3 MM 6M A270ES (N),9/1/2026 1:12:45 AM,9/1/2026 5:43:42 PM,"172,041.0",172,102525180,"PALANQUILLA 130X130MM AZA 1011 3,4M (N)",409,"183,559.2","9,630.0","1,888.2",93.73,96.3,"68,857,602.0",47627,167890,"72,727,844.0","3,219,845.9","1,024,672.1",94.68
43049890,ANGULO SEMI 50X50X4MM A270ES,9/1/2026 11:39:49 PM,9/2/2026 11:56:54 AM,"188,962.0",104,102525180,"PALANQUILLA 130X130MM AZA 1011 3,4M (N)",460,"206,448.0","14,619.5","2,866.6",91.53,94.8,"68,857,602.0",47627,167890,"72,727,844.0","3,219,845.9","1,024,672.1",94.68
43049891,ANGULO SEMI 50X50X3MM A270ES,9/2/2026 2:48:43 PM,9/2/2026 5:44:22 PM,"49,750.0",27,102525180,"PALANQUILLA 130X130MM AZA 1011 3,4M (N)",121,"54,304.8","3,808.1",746.7,91.61,95.3,"68,857,602.0",47627,167890,"72,727,844.0","3,219,845.9","1,024,672.1",94.68
43049892,B HORMIGON 36MM 12M A630-420H (N),9/2/2026 11:10:25 PM,9/3/2026 12:02:06 AM,"30,155.0",20,102513132,"PALANQUILLA 130X130MM AZA 1541 3,1M (N)",80,"32,736.0","1,497.0","1,084.0",92.12,96,"68,857,602.0",47627,167890,"72,727,844.0","3,219,845.9","1,024,672.1",94.68
43049893,B HORMIGON 36MM 10M A630-420H (N),9/3/2026 12:35:59 AM,9/3/2026 1:38:23 AM,"32,792.0",22,102513121,"PALANQUILLA 130X130MM AZA 1541 3,2M (N)",84,"35,481.6","1,560.0","1,129.6",92.42,96,"68,857,602.0",47627,167890,"72,727,844.0","3,219,845.9","1,024,672.1",94.68
43049894,B HORMIGON 36MM 6M A630-420H (N),9/3/2026 2:05:15 AM,9/3/2026 4:22:27 AM,"65,420.0",68,102524188,"PALANQUILLA 130X130MM AZA 1541 3,4M (N)",155,"69,564.0","2,403.5","1,740.5",94.04,97,"68,857,602.0",47627,167890,"72,727,844.0","3,219,845.9","1,024,672.1",94.68
43049895,B HORMIGON 32MM 12M A630-420HS (N),9/3/2026 5:53:32 AM,9/3/2026 6:39:03 AM,"22,372.0",15,119506258,"PALANQUILLA 130X130MM AZA 1629 3,0M (N)",60,"23,760.0",805.0,583.0,94.16,96,"68,857,602.0",47627,167890,"72,727,844.0","3,219,845.9","1,024,672.1",94.68
43049896,B HORMIGON 32MM 10M A630-420HS (N),9/3/2026 7:08:32 AM,9/3/2026 10:15:20 AM,"81,088.0",53,119506259,"PALANQUILLA 130X130MM AZA 1629 3,1M (N)",213,"87,159.6","3,521.5","2,550.1",93.03,96,"68,857,602.0",47627,167890,"72,727,844.0","3,219,845.9","1,024,672.1",94.68
43049897,B HORMIGON 32MM 6M A630-420H (N),9/3/2026 11:13:48 AM,9/3/2026 12:30:05 PM,"41,019.0",44,102526100,"PALANQUILLA 130X130MM AZA 1541 3,3M (N)",100,"43,560.0","1,473.8","1,067.2",94.17,96,"68,857,602.0",47627,167890,"72,727,844.0","3,219,845.9","1,024,672.1",94.68
43049899,B HORMIGON 32MM 11M A630-420H (N),9/3/2026 1:04:23 PM,9/3/2026 3:51:01 PM,"58,095.0",35,102526100,"PALANQUILLA 130X130MM AZA 1541 3,3M (N)",142,"61,855.2","2,180.9","1,579.3",93.92,96,"68,857,602.0",47627,167890,"72,727,844.0","3,219,845.9","1,024,672.1",94.68
43049900,B HORMIGON 32MM 10M A630-420H (N),9/3/2026 4:16:05 PM,9/4/2026 2:14:59 AM,"119,180.0",79,102513132,"PALANQUILLA 130X130MM AZA 1541 3,1M (N)",310,"126,852.0","4,449.8","3,222.2",93.95,96,"68,857,602.0",47627,167890,"72,727,844.0","3,219,845.9","1,024,672.1",94.68
43049901,B HORMIGON 32MM 9M A630-420H (N),9/4/2026 2:39:26 AM,9/4/2026 4:33:40 AM,"52,602.0",34,102513121,"PALANQUILLA 130X130MM AZA 1541 3,2M (N)",114,"48,153.6",986.2,714.2,109.24,96,"68,857,602.0",47627,167890,"72,727,844.0","3,219,845.9","1,024,672.1",94.68
43049903,B HORMIGON 32MM 7M A630-420H (N),9/4/2026 5:04:37 AM,9/4/2026 8:31:15 AM,"91,541.0",58,102513121,"PALANQUILLA 130X130MM AZA 1541 3,2M (N)",231,"97,574.4","3,499.4","2,534.0",93.82,96,"68,857,602.0",47627,167890,"72,727,844.0","3,219,845.9","1,024,672.1",94.68
43049898,B HORMIGON 32MM 12M A630-420H (N),9/4/2026 9:04:27 AM,9/4/2026 10:53:43 AM,"48,503.0",33,102513137,PALANQUILLA 130X130MM AZA 1541 3M (N),132,"52,272.0","2,186.0","1,583.0",92.79,96,"68,857,602.0",47627,167890,"72,727,844.0","3,219,845.9","1,024,672.1",94.68
43049902,B HORMIGON 28MM 12M A630-420HS (N),9/4/2026 12:14:53 PM,9/4/2026 1:23:02 PM,"32,715.0",21,119506260,"PALANQUILLA 130X130MM AZA 1629 3,2M (N)",84,"35,481.6","1,604.6","1,162.0",92.20,96,"68,857,602.0",47627,167890,"72,727,844.0","3,219,845.9","1,024,672.1",94.68
43049904,B HORMIGON 28MM 12M A630-420H (N),9/4/2026 1:57:40 PM,9/5/2026 12:48:19 AM,"158,000.0",99,102513121,"PALANQUILLA 130X130MM AZA 1541 3,2M (N)",395,"166,848.0","5,131.9","3,716.2",94.70,96,"68,857,602.0",47627,167890,"72,727,844.0","3,219,845.9","1,024,672.1",94.68
43049905,B HORMIGON 28MM 11M A630-420H (N),9/5/2026 1:18:21 AM,9/5/2026 3:45:38 AM,"57,807.0",38,102513137,PALANQUILLA 130X130MM AZA 1541 3M (N),152,"60,192.0","1,383.3","1,001.7",96.04,94,"68,857,602.0",47627,167890,"72,727,844.0","3,219,845.9","1,024,672.1",94.68
43049906,B HORMIGON 28MM 9M A630-420H (N),9/5/2026 4:12:39 AM,9/5/2026 8:08:35 AM,"105,855.0",67,102524188,"PALANQUILLA 130X130MM AZA 1541 3,4M (N)",251,"112,648.8","3,940.4","2,853.4",93.97,94,"68,857,602.0",47627,167890,"72,727,844.0","3,219,845.9","1,024,672.1",94.68
43049907,B HORMIGON 28MM 8M A630-420H (N),9/5/2026 8:32:27 AM,9/5/2026 9:35:47 AM,"32,878.0",24,102524188,"PALANQUILLA 130X130MM AZA 1541 3,4M (N)",77,"34,557.6",974.2,705.4,95.14,96,"68,857,602.0",47627,167890,"72,727,844.0","3,219,845.9","1,024,672.1",94.68
43049908,B HORMIGON 28MM 7M A630-420H (N),9/5/2026 10:03:29 AM,9/5/2026 12:16:53 PM,"60,092.0",43,102513121,"PALANQUILLA 130X130MM AZA 1541 3,2M (N)",150,"63,360.0","1,895.4","1,372.6",94.84,96,"68,857,602.0",47627,167890,"72,727,844.0","3,219,845.9","1,024,672.1",94.68
43050100,B HORMIGON 28MM 6M A630-420H (N),9/5/2026 12:45:09 PM,9/5/2026 1:43:00 PM,"30,975.0",32,102513121,"PALANQUILLA 130X130MM AZA 1541 3,2M (N)",76,"32,102.4",653.9,473.5,96.49,96,"68,857,602.0",47627,167890,"72,727,844.0","3,219,845.9","1,024,672.1",94.68
43049910,B HORMIGON 25MM 12M A630-420H (N),9/7/2026 1:23:28 AM,9/8/2026 1:32:14 AM,"571,781.0",376,102526100,"PALANQUILLA 130X130MM AZA 1541 3,3M (N)",1377,"599,821.2","25,102.7","2,937.6",95.33,95,"68,857,602.0",47627,167890,"72,727,844.0","3,219,845.9","1,024,672.1",94.68
43049911,B HORMIGON 25MM 11M A630-420H (N),9/8/2026 1:52:05 AM,9/8/2026 4:57:54 AM,"78,831.0",53,102526100,"PALANQUILLA 130X130MM AZA 1541 3,3M (N)",191,"83,199.6","2,533.8","1,834.8",94.75,95,"68,857,602.0",47627,167890,"72,727,844.0","3,219,845.9","1,024,672.1",94.68
43049912,B HORMIGON 25MM 10M A630-420H (N),9/8/2026 5:37:16 AM,9/8/2026 10:11:21 AM,"85,473.0",57,102526100,"PALANQUILLA 130X130MM AZA 1541 3,3M (N)",206,"89,733.6","2,471.1","1,789.5",95.25,95,"68,857,602.0",47627,167890,"72,727,844.0","3,219,845.9","1,024,672.1",94.68
43049913,B HORMIGON 25MM 8M A630-420H (N),9/8/2026 10:37:38 AM,9/8/2026 2:38:30 PM,"114,737.0",79,102524188,"PALANQUILLA 130X130MM AZA 1541 3,4M (N)",264,"118,483.2","3,353.7",392.5,96.84,95,"68,857,602.0",47627,167890,"72,727,844.0","3,219,845.9","1,024,672.1",94.68
43049914,SAFEROCK SEMI 25MM 12M A420,9/8/2026 4:24:57 PM,9/8/2026 5:49:52 PM,"37,345.0",18,102524193,"PALANQUILLA 130X130MM AZA 1542 3,4M (N)",87,"39,045.6","1,385.7",314.9,95.64,95.3,"68,857,602.0",47627,167890,"72,727,844.0","3,219,845.9","1,024,672.1",94.68
43050117,SAFEROCK SEMI 25MM 12M A420,9/8/2026 6:21:28 PM,9/8/2026 6:22:41 PM,"5,150.0",2,119502414,"PALANQUILLA 130X130MM DESARROLLO 3,4M (N",12,"5,385.6",192.0,43.6,95.63,95.3,"68,857,602.0",47627,167890,"72,727,844.0","3,219,845.9","1,024,672.1",94.68
43049992,"SAFEROCK SEMI 25MM 10,5M A420",9/8/2026 6:47:23 PM,9/8/2026 10:01:04 PM,"78,084.0",37,102524193,"PALANQUILLA 130X130MM AZA 1542 3,4M (N)",188,"84,374.4","5,829.1",461.3,92.54,95,"68,857,602.0",47627,167890,"72,727,844.0","3,219,845.9","1,024,672.1",94.68
43049993,HEXAGONO 1' 8M SAE 1045 (N),9/8/2026 11:16:38 PM,9/9/2026 1:17:07 AM,"55,298.0",27,102526114,"PALANQUILLA 130X130MM SAE 1045 3,4M (N)",132,"59,241.6","3,363.7",579.9,93.34,94.2,"68,857,602.0",47627,167890,"72,727,844.0","3,219,845.9","1,024,672.1",94.68
43049994,PLANA 50X6MM 6M A270ES (N),9/9/2026 2:40:22 AM,9/9/2026 3:48:12 AM,"31,437.0",31,102525180,"PALANQUILLA 130X130MM AZA 1011 3,4M (N)",74,"33,211.2","1,555.2",219.0,94.66,96,"68,857,602.0",47627,167890,"72,727,844.0","3,219,845.9","1,024,672.1",94.68
43049995,PLANA 50X5MM 6M A270ES (N),9/9/2026 4:40:26 AM,9/9/2026 8:13:15 AM,"77,203.0",76,102525180,"PALANQUILLA 130X130MM AZA 1011 3,4M (N)",181,"81,232.8","3,369.2",660.6,95.04,96,"68,857,602.0",47627,167890,"72,727,844.0","3,219,845.9","1,024,672.1",94.68
43050122,ANGULO SEMI 30X30X3MM A270ES,9/9/2026 5:57:32 PM,9/10/2026 2:08:13 AM,"195,584.0",102,102526111,"PALANQUILLA 130X130MM AZA 1008 3,4M (N)",453,"203,306.4","6,448.1","1,791.1",96.20,96,"68,857,602.0",47627,167890,"72,727,844.0","3,219,845.9","1,024,672.1",94.68
43050004,SAFEROCK 22MM 12M A420,9/10/2026 3:27:02 AM,9/10/2026 7:26:01 AM,"96,927.0",50,102513099,"PALANQUILLA 130X130MM AZA 1542 3,2M (N)",242,"102,220.8","4,002.6","1,291.2",94.82,95.9,"68,857,602.0",47627,167890,"72,727,844.0","3,219,845.9","1,024,672.1",94.68
43050152,SAFEROCK 22MM 12M A280,9/10/2026 8:13:05 AM,9/10/2026 10:28:17 AM,"61,746.0",33,119502731,"PALANQUILLA 130X130MM AZA 1021 3,2M (N)",155,"65,472.0","2,161.1","1,564.9",94.31,95.9,"68,857,602.0",47627,167890,"72,727,844.0","3,219,845.9","1,024,672.1",94.68
43050006,SAFEROCK SEMI 22MM 10M A280,9/10/2026 10:51:01 AM,9/10/2026 1:18:40 PM,"62,648.0",34,102524194,"PALANQUILLA 130X130MM AZA 1021 3,4M (N)",148,"66,422.4","3,302.6",471.8,94.32,95.3,"68,857,602.0",47627,167890,"72,727,844.0","3,219,845.9","1,024,672.1",94.68
43050007,"SAFEROCK SEMI 22MM 9,6M A280",9/10/2026 2:14:59 PM,9/10/2026 4:01:17 PM,"56,984.0",31,102524194,"PALANQUILLA 130X130MM AZA 1021 3,4M (N)",132,"59,241.6","1,309.4",948.2,96.19,95.7,"68,857,602.0",47627,167890,"72,727,844.0","3,219,845.9","1,024,672.1",94.68
43050008,"SAFEROCK SEMI 22MM 9,6M A420",9/10/2026 4:23:38 PM,9/10/2026 7:41:53 PM,"90,265.0",50,102524193,"PALANQUILLA 130X130MM AZA 1542 3,4M (N)",209,"93,799.2","2,049.8","1,484.4",96.23,95.7,"68,857,602.0",47627,167890,"72,727,844.0","3,219,845.9","1,024,672.1",94.68
43050009,REDONDO LISO 7/8' 6M ASTM A 36 (N),9/10/2026 8:55:17 PM,9/10/2026 10:22:45 PM,"38,518.0",37,102525180,"PALANQUILLA 130X130MM AZA 1011 3,4M (N)",90,"40,392.0","1,322.8",551.2,95.36,95,"68,857,602.0",47627,167890,"72,727,844.0","3,219,845.9","1,024,672.1",94.68
43050010,REDONDO LISO 7/8' 6M SAE 1045 (N),9/10/2026 10:42:56 PM,9/11/2026 12:19:36 AM,"40,563.0",39,102526114,"PALANQUILLA 130X130MM SAE 1045 3,4M (N)",96,"43,084.8","1,194.5","1,327.3",94.15,95,"68,857,602.0",47627,167890,"72,727,844.0","3,219,845.9","1,024,672.1",94.68
43050011,REDONDO LISO 7/8' 6M SAE 1020 (N),9/11/2026 12:36:27 AM,9/11/2026 4:24:48 AM,"102,940.0",97,102524143,"PALANQUILLA 130X130MM SAE 1020 3,4M (N)",241,"108,160.8","4,533.9",687.0,95.17,95,"68,857,602.0",47627,167890,"72,727,844.0","3,219,845.9","1,024,672.1",94.68
43050012,REDONDO LISO 19MM 6M SAE 1020 (N),9/11/2026 5:40:59 AM,9/11/2026 10:55:09 AM,"140,465.0",133,102524143,"PALANQUILLA 130X130MM SAE 1020 3,4M (N)",330,"148,104.0","6,047.5","1,591.5",94.84,95.2,"68,857,602.0",47627,167890,"72,727,844.0","3,219,845.9","1,024,672.1",94.68
43050013,REDONDO LISO 3/4' 6M SAE 1020 (N),9/14/2026 12:56:49 AM,9/14/2026 1:50:41 AM,"24,176.0",23,102524143,"PALANQUILLA 130X130MM SAE 1020 3,4M (N)",58,"26,030.4","1,412.9",441.5,92.88,95.2,"68,857,602.0",47627,167890,"72,727,844.0","3,219,845.9","1,024,672.1",94.68
43050165,REDONDO LISO 3/4' 6M SAE 1020 (N),9/14/2026 2:04:57 AM,9/14/2026 2:16:58 AM,"10,239.0",11,102513153,"PALANQUILLA 130X130MM SAE 1020 3,2M (N) ",22,"9,292.8",0.0,0.0,110.18,95.2,"68,857,602.0",47627,167890,"72,727,844.0","3,219,845.9","1,024,672.1",94.68
43050014,REDONDO LISO 3/4' 6M ASTM A 36 (N),9/14/2026 2:29:02 AM,9/14/2026 8:51:32 AM,"168,893.0",166,102525180,"PALANQUILLA 130X130MM AZA 1011 3,4M (N)",395,"177,276.0","7,856.1",526.9,95.27,95.2,"68,857,602.0",47627,167890,"72,727,844.0","3,219,845.9","1,024,672.1",94.68
43049996,REDONDO LISO 1 3/4' 6M SAE 1045 (N),9/14/2026 1:58:15 PM,9/14/2026 3:48:07 PM,"37,605.0",37,102513159,"PALANQUILLA 130X130MM SAE 1045 3,2M (N) ",108,"45,619.2","6,309.1","1,705.2",82.43,97,"68,857,602.0",47627,167890,"72,727,844.0","3,219,845.9","1,024,672.1",94.68
43049997,REDONDO LISO 1 3/4' 6M SAE 1020 (N),9/14/2026 4:19:43 PM,9/14/2026 5:20:00 PM,"29,278.0",28,102513153,"PALANQUILLA 130X130MM SAE 1020 3,2M (N) ",80,"33,792.0","2,618.1","1,895.9",86.64,95.5,"68,857,602.0",47627,167890,"72,727,844.0","3,219,845.9","1,024,672.1",94.68
43049998,REDONDO LISO 1 1/2' 6M SAE 1020 (N),9/14/2026 9:09:59 PM,9/15/2026 2:27:14 AM,"66,551.0",63,102524143,"PALANQUILLA 130X130MM SAE 1020 3,4M (N)",160,"71,808.0","4,720.6",536.4,92.68,94.3,"68,857,602.0",47627,167890,"72,727,844.0","3,219,845.9","1,024,672.1",94.68
43049999,REDONDO LISO 1 1/2' 6M ASTM A 36 (N),9/15/2026 2:44:58 AM,9/15/2026 3:46:04 AM,"31,153.0",31,102525180,"PALANQUILLA 130X130MM AZA 1011 3,4M (N)",74,"33,211.2","1,759.9",298.3,93.80,94.3,"68,857,602.0",47627,167890,"72,727,844.0","3,219,845.9","1,024,672.1",94.68
43050000,REDONDO LISO 1 1/2' 6M SAE 1045 (N),9/15/2026 4:03:52 AM,9/15/2026 5:14:08 AM,"31,045.0",30,102526114,"PALANQUILLA 130X130MM SAE 1045 3,4M (N)",74,"33,211.2","1,895.4",270.8,93.48,94.3,"68,857,602.0",47627,167890,"72,727,844.0","3,219,845.9","1,024,672.1",94.68
43050002,REDONDO LISO 1 1/4' 6M SAE 1020 (N),9/15/2026 7:28:23 AM,9/15/2026 8:26:44 AM,"28,155.0",28,102513153,"PALANQUILLA 130X130MM SAE 1020 3,2M (N) ",73,"30,835.2","2,297.3",382.9,91.31,95.1,"68,857,602.0",47627,167890,"72,727,844.0","3,219,845.9","1,024,672.1",94.68
43050123,ANGULO SEMI 40X40X5MM A270ES,9/15/2026 7:13:23 PM,9/15/2026 9:33:48 PM,"60,864.0",30,102525180,"PALANQUILLA 130X130MM AZA 1011 3,4M (N)",144,"64,627.2","3,146.3",616.9,94.18,95.4,"68,857,602.0",47627,167890,"72,727,844.0","3,219,845.9","1,024,672.1",94.68
43050124,ANGULO SEMI 40X40X4MM A270ES,9/15/2026 11:38:42 PM,9/16/2026 5:26:49 AM,"101,080.0",55,102525180,"PALANQUILLA 130X130MM AZA 1011 3,4M (N)",241,"108,160.8","5,920.0","1,160.8",93.45,95.3,"68,857,602.0",47627,167890,"72,727,844.0","3,219,845.9","1,024,672.1",94.68
43050197,ANGULO SEMI 40X40X3MM A270ES,9/16/2026 7:57:15 AM,9/16/2026 3:40:39 PM,"119,340.0",68,102526111,"PALANQUILLA 130X130MM AZA 1008 3,4M (N)",277,"124,317.6","3,763.6","1,214.0",96.00,95.7,"68,857,602.0",47627,167890,"72,727,844.0","3,219,845.9","1,024,672.1",94.68
43050126,B HORMIGON 18MM 11M A630-420H (N),9/16/2026 6:55:14 PM,9/16/2026 9:31:40 PM,"68,506.0",45,102524188,"PALANQUILLA 130X130MM AZA 1541 3,4M (N)",162,"72,705.6","3,407.2",792.4,94.22,96,"68,857,602.0",47627,167890,"72,727,844.0","3,219,845.9","1,024,672.1",94.68
43050127,B HORMIGON 18MM 10M A630-420H (N),9/16/2026 9:51:33 PM,9/17/2026 12:41:47 AM,"65,970.0",43,102524188,"PALANQUILLA 130X130MM AZA 1541 3,4M (N)",154,"69,115.2","2,130.6","1,014.6",95.45,96,"68,857,602.0",47627,167890,"72,727,844.0","3,219,845.9","1,024,672.1",94.68
43050128,B HORMIGON 18MM 9M A630-420H (N),9/17/2026 1:01:09 AM,9/17/2026 3:07:54 AM,"60,059.0",40,102524188,"PALANQUILLA 130X130MM AZA 1541 3,4M (N)",140,"62,832.0","2,023.5",749.5,95.59,95.9,"68,857,602.0",47627,167890,"72,727,844.0","3,219,845.9","1,024,672.1",94.68
43050129,B HORMIGON 18MM 8M A630-420H (N),9/17/2026 3:31:45 AM,9/17/2026 7:34:05 AM,"91,214.0",60,102524188,"PALANQUILLA 130X130MM AZA 1541 3,4M (N)",212,"95,145.6","2,869.0","1,062.6",95.87,96,"68,857,602.0",47627,167890,"72,727,844.0","3,219,845.9","1,024,672.1",94.68
43050130,B HORMIGON 18MM 7M A630-420H (N),9/17/2026 7:51:04 AM,9/17/2026 11:13:34 AM,"80,651.0",57,102524188,"PALANQUILLA 130X130MM AZA 1541 3,4M (N)",188,"84,374.4","2,764.0","3,071.2",95.59,95.9,"68,857,602.0",47627,167890,"72,727,844.0","3,219,845.9","1,024,672.1",94.68
43050131,B HORMIGON 18MM 6M A630-420H (N),9/17/2026 11:31:34 AM,9/17/2026 11:57:39 AM,"14,972.0",15,102524188,"PALANQUILLA 130X130MM AZA 1541 3,4M (N)",34,"15,259.2",235.9,51.3,98.12,96,"68,857,602.0",47627,167890,"72,727,844.0","3,219,845.9","1,024,672.1",94.68
43050170,PLANA 32X3MM 6M A270ES (N),9/21/2026 10:03:32 AM,9/21/2026 11:00:30 PM,"159,519.0",160,102513114,"PALANQUILLA 130X130MM AZA 1011 2,9M (N)",440,"168,432.0","7,451.9","1,461.2",94.71,96.6,"68,857,602.0",47627,167890,"72,727,844.0","3,219,845.9","1,024,672.1",94.68
43050172,"PLANA ASERRADA 25X4,85MM 6M A270ES (N)",9/22/2026 2:11:22 AM,9/22/2026 3:42:21 AM,"32,091.0",31,102513114,"PALANQUILLA 130X130MM AZA 1011 2,9M (N)",90,"34,452.0","1,946.8",414.2,93.15,96.7,"68,857,602.0",47627,167890,"72,727,844.0","3,219,845.9","1,024,672.1",94.68
43050171,"PLANA 1""X3/16"" X 6,1m ASTM A36 (P)",9/22/2026 5:04:35 AM,9/22/2026 10:11:39 AM,"84,914.0",82,102513114,"PALANQUILLA 130X130MM AZA 1011 2,9M (N)",230,"88,044.0","1,815.4","1,314.6",96.44,97,"68,857,602.0",47627,167890,"72,727,844.0","3,219,845.9","1,024,672.1",94.68
43050173,PLANA 25X5MM 6M A270ES (N),9/22/2026 10:28:23 AM,9/22/2026 12:23:35 PM,"40,716.0",40,102513114,"PALANQUILLA 130X130MM AZA 1011 2,9M (N)",111,"42,490.8","1,463.4",311.4,95.82,96.5,"68,857,602.0",47627,167890,"72,727,844.0","3,219,845.9","1,024,672.1",94.68

Material_prod2,Fecha_inicio2,Fecha_final2,qty_prod2,Num_pal2,Item_cons2,Material_cons2,Lam_pal4,qty_cons2,KG_DESPUNTE_202,KG_LAMINILLA_302,Ren_cal4,Rend_Met2,qty_prod5,Num_pal5,Lam_pal5,qty_cons5,KG_DESPUNTE_205,KG_LAMINILLA_305,Suma6
B HORMIGON 18MM 12M A630-420H (N),1/2/2026 9:10:51 AM,8/31/2026 5:44:59 PM,"4,505,874.0",2880,102526100,PALANQUILLA 130X130MM AZA 1541 3M (N),10618,"4,736,094.0","190,700.2","41,456.6",95.14,96,"68,857,602.0",47627,167890,"72,727,844.0","3,219,845.9","1,024,672.1",94.68
B HORMIGON 18MM 11M A630-420H (N),1/2/2026 4:36:06 PM,9/16/2026 9:31:40 PM,"795,087.0",522,102524188,"PALANQUILLA 130X130MM AZA 1541 3,4M (N)",1875,"841,500.0","37,719.6","8,772.0",94.48,96,"68,857,602.0",47627,167890,"72,727,844.0","3,219,845.9","1,024,672.1",94.68
B HORMIGON 18MM 10M A630-420H (N),1/3/2026 3:36:44 AM,9/17/2026 12:41:47 AM,"638,598.0",413,102524188,"PALANQUILLA 130X130MM AZA 1541 3,4M (N)",1503,"672,804.0","23,171.8","11,034.2",94.92,96,"68,857,602.0",47627,167890,"72,727,844.0","3,219,845.9","1,024,672.1",94.68
B HORMIGON 18MM 9M A630-420H (N),1/3/2026 5:30:51 AM,9/17/2026 3:07:54 AM,"495,746.0",325,102526100,"PALANQUILLA 130X130MM AZA 1541 3,4M (N)",1167,"521,822.4","19,028.7","7,047.7",95.00,95.9,"68,857,602.0",47627,167890,"72,727,844.0","3,219,845.9","1,024,672.1",94.68
B HORMIGON 18MM 8M A630-420H (N),1/3/2026 8:30:27 AM,9/17/2026 7:34:05 AM,"565,719.0",374,102526100,"PALANQUILLA 130X130MM AZA 1541 3,4M (N)",1325,"592,772.4","20,413.1","8,177.5",95.44,96,"68,857,602.0",47627,167890,"72,727,844.0","3,219,845.9","1,024,672.1",94.68
B HORMIGON 18MM 7M A630-420H (N),1/3/2026 9:47:05 AM,9/17/2026 11:13:34 AM,"627,342.0",441,119502584,"PALANQUILLA 130X130MM AZA 1541 3,4M (N)",1455,"650,073.6","15,390.8","17,100.9",96.50,95.9,"68,857,602.0",47627,167890,"72,727,844.0","3,219,845.9","1,024,672.1",94.68
B HORMIGON 18MM 6M A630-420H (N),1/3/2026 11:14:11 AM,9/17/2026 11:57:39 AM,"605,169.0",586,102526100,"PALANQUILLA 130X130MM AZA 1541 3,4M (N)",1388,"622,274.4","23,853.1","5,185.5",97.25,96,"68,857,602.0",47627,167890,"72,727,844.0","3,219,845.9","1,024,672.1",94.68
B HORMIGON 18MM 12M A630-420HS (N),1/3/2026 3:39:51 PM,1/5/2026 6:09:25 AM,"134,976.0",87,119506262,"PALANQUILLA 130X130MM AZA 1629 3,4M (N",320,"143,616.0","5,082.4","3,557.7",93.98,95,"68,857,602.0",47627,167890,"72,727,844.0","3,219,845.9","1,024,672.1",94.68
B HORMIGON 18MM 11M A630-420HS (N),1/5/2026 6:38:35 AM,6/30/2026 5:22:42 PM,"112,179.0",77,119506262,"PALANQUILLA 130X130MM AZA 1629 3,4M (N",280,"119,064.0","4,980.5","3,486.3",94.22,95,"68,857,602.0",47627,167890,"72,727,844.0","3,219,845.9","1,024,672.1",94.68
B HORMIGON 32MM 12M A630-420H (N),1/5/2026 11:09:43 AM,9/4/2026 10:53:43 AM,"1,751,700.0",1180,102513137,PALANQUILLA 130X130MM AZA 1541 3M (N),4680,"1,853,280.0","62,163.8","45,015.2",94.52,96,"68,857,602.0",47627,167890,"72,727,844.0","3,219,845.9","1,024,672.1",94.68
SAFEROCK 25MM 12M A420,1/6/2026 2:48:56 AM,8/15/2026 1:50:19 AM,"560,986.0",284,102524193,"PALANQUILLA 130X130MM AZA 1542 3,4M (N)",1325,"594,660.0","30,244.2","3,429.8",94.34,95.3,"68,857,602.0",47627,167890,"72,727,844.0","3,219,845.9","1,024,672.1",94.68
"SAFEROCK SEMI 25MM 10,5M A280",1/6/2026 6:13:42 AM,1/6/2026 4:07:51 PM,"77,144.0",38,102524194,"PALANQUILLA 130X130MM AZA 1021 3,4M (N)",181,"81,232.8","3,384.1","2,450.5",94.97,95,"68,857,602.0",47627,167890,"72,727,844.0","3,219,845.9","1,024,672.1",94.68
"SAFEROCK 25MM 11,96M A520",1/6/2026 8:12:16 AM,6/14/2026 12:19:14 AM,"133,886.0",66,119502414,"PALANQUILLA 130X130MM DESARROLLO 3,4M (N",327,"146,757.6","7,465.5","5,406.1",91.23,97,"68,857,602.0",47627,167890,"72,727,844.0","3,219,845.9","1,024,672.1",94.68
"SAFEROCK 25MM 8,4M A520",1/6/2026 10:49:12 AM,8/15/2026 8:10:38 AM,"169,846.0",91,119502414,"PALANQUILLA 130X130MM DESARROLLO 3,4M (N",400,"179,520.0","5,610.9","4,063.1",94.61,97,"68,857,602.0",47627,167890,"72,727,844.0","3,219,845.9","1,024,672.1",94.68
SAFEROCK 25MM 12M A520D,1/6/2026 12:49:12 PM,3/12/2026 1:25:01 AM,"185,476.0",93,119507026,"PALANQUILLA 130X130MM AZA 1631 3,4M (N)",440,"197,472.0","6,957.7","5,038.3",93.93,97,"68,857,602.0",47627,167890,"72,727,844.0","3,219,845.9","1,024,672.1",94.68
ANG SEMI 75X75X6MM 12M ASTM A572 T2 (N),1/6/2026 9:32:34 PM,1/6/2026 10:15:48 PM,"21,894.0",11,119505172,"PALANQUILLA 130X130MM AZA 1613 3,4M (N)",57,"25,581.6","3,145.3",542.3,85.58,97,"68,857,602.0",47627,167890,"72,727,844.0","3,219,845.9","1,024,672.1",94.68
ANGULO SEMI 80X80X8MM A270ES,1/7/2026 12:27:08 AM,5/5/2026 3:40:21 AM,"179,895.0",93,102525180,"PALANQUILLA 130X130MM AZA 1011 3,4M (N)",432,"193,881.6","14,182.5","2,780.9",92.79,93.4,"68,857,602.0",47627,167890,"72,727,844.0","3,219,845.9","1,024,672.1",94.68
ANGULO SEMI 80X80X6MM A270ES,1/7/2026 6:58:25 AM,7/8/2026 5:50:39 PM,"541,837.0",281,102526111,"PALANQUILLA 130X130MM AZA 1011 3,4M (N)",1301,"583,888.8","35,530.8","6,955.4",92.80,94.9,"68,857,602.0",47627,167890,"72,727,844.0","3,219,845.9","1,024,672.1",94.68
PLANA 25X3MM 6M A270ES (N),1/7/2026 6:14:57 PM,8/19/2026 10:36:16 AM,"464,524.0",459,102513114,"PALANQUILLA 130X130MM AZA 1011 2,9M (N)",1302,"498,405.6","28,327.2","5,554.4",93.20,96.8,"68,857,602.0",47627,167890,"72,727,844.0","3,219,845.9","1,024,672.1",94.68
CUADRADO 10MM 6M COMERCIAL (N),1/8/2026 3:54:14 AM,7/14/2026 5:48:39 PM,"264,603.0",257,102513114,"PALANQUILLA 130X130MM P PRUEBAS 2,9M (N)",737,"282,123.6","15,758.7","2,283.9",93.79,96.7,"68,857,602.0",47627,167890,"72,727,844.0","3,219,845.9","1,024,672.1",94.68
PLANA 20X5MM 6M A270ES (N),1/8/2026 10:16:57 AM,7/14/2026 3:32:53 PM,"116,245.0",115,102513114,"PALANQUILLA 130X130MM AZA 1011 2,9M (N)",321,"122,878.8","5,546.3","1,087.5",94.60,96.7,"68,857,602.0",47627,167890,"72,727,844.0","3,219,845.9","1,024,672.1",94.68
ANGULO SEMI 20X20X3MM A270ES,1/8/2026 4:54:56 PM,8/20/2026 6:03:16 PM,"495,894.0",249,102524390,"PALANQUILLA 130X130MM AZA 1011 3,2M (N)",1190,"497,706.0","16,651.3","3,619.9",99.64,96.3,"68,857,602.0",47627,167890,"72,727,844.0","3,219,845.9","1,024,672.1",94.68
PLANA 38X3MM 6M A270ES (N),1/9/2026 7:13:36 AM,8/20/2026 5:46:24 PM,"478,906.0",463,102524390,"PALANQUILLA 130X130MM AZA 1011 3,2M (N)",1222,"514,192.8","32,328.8","6,207.9",93.14,96.6,"68,857,602.0",47627,167890,"72,727,844.0","3,219,845.9","1,024,672.1",94.68
PLANA 32X5MM 6M A270ES (N),1/9/2026 2:14:55 PM,6/17/2026 6:50:55 AM,"240,497.0",230,102513096,"PALANQUILLA 130X130MM AZA 1011 3,2M (N)",607,"256,396.8","13,008.9","2,890.9",93.80,96.6,"68,857,602.0",47627,167890,"72,727,844.0","3,219,845.9","1,024,672.1",94.68
ANGULO SEMI 25X25X5MM A270ES,1/9/2026 6:33:33 PM,1/9/2026 9:16:01 PM,"30,817.0",14,102525180,"PALANQUILLA 130X130MM AZA 1011 3,4M (N)",77,"34,557.6","3,173.8",566.8,89.18,96.1,"68,857,602.0",47627,167890,"72,727,844.0","3,219,845.9","1,024,672.1",94.68
ANGULO SEMI 25X25X3MM A270ES,1/9/2026 11:02:28 PM,8/21/2026 5:53:17 PM,"660,103.0",320,102526111,"PALANQUILLA 130X130MM AZA 1011 3,4M (N)",1528,"683,812.8","19,860.9","4,973.9",96.53,96.3,"68,857,602.0",47627,167890,"72,727,844.0","3,219,845.9","1,024,672.1",94.68
REDONDO LISO 5/8' 6M SAE 1020 (N),1/10/2026 7:19:36 AM,6/18/2026 2:58:08 PM,"148,736.0",143,102524143,"PALANQUILLA 130X130MM SAE 1020 3,4M (N)",353,"158,426.4","7,862.0","1,828.4",93.88,95.9,"68,857,602.0",47627,167890,"72,727,844.0","3,219,845.9","1,024,672.1",94.68
REDONDO LISO 16MM 6M SAE 1020 (N),1/10/2026 8:20:11 AM,8/21/2026 5:53:28 AM,"543,144.0",527,102524143,"PALANQUILLA 130X130MM SAE 1020 3,4M (N)",1294,"574,609.2","26,624.4","4,840.8",94.52,95.8,"68,857,602.0",47627,167890,"72,727,844.0","3,219,845.9","1,024,672.1",94.68
B HORMIGON 16MM 6M A630-420H (N),1/10/2026 10:39:47 AM,1/12/2026 9:36:41 AM,"226,338.0",219,102526114,"PALANQUILLA 130X130MM SAE 1045 3,4M (N)",528,"236,966.4","6,164.5","4,463.9",95.51,96.5,"68,857,602.0",47627,167890,"72,727,844.0","3,219,845.9","1,024,672.1",94.68
CUADRADO 14MM 6M COMERCIAL (N),1/12/2026 11:03:01 AM,1/12/2026 12:21:05 PM,"32,676.0",32,102526111,"PALANQUILLA 130X130MM AZA 1008 3,4M (N)",78,"35,006.4",665.8,"1,664.6",93.34,96.6,"68,857,602.0",47627,167890,"72,727,844.0","3,219,845.9","1,024,672.1",94.68
PLANA 38X5MM 6M A270ES (N),1/12/2026 4:46:47 PM,7/15/2026 5:50:04 PM,"515,280.0",500,119507252,"PALANQUILLA 135X135MM DESARROLLO 3,2M (N",1183,"532,184.8","16,060.2","3,250.4",96.82,96.5,"68,857,602.0",47627,167890,"72,727,844.0","3,219,845.9","1,024,672.1",94.68
ANGULO SEMI 30X30X3MM A270ES,1/13/2026 5:09:48 AM,9/10/2026 2:08:13 AM,"2,319,936.0",1190,119507252,"PALANQUILLA 135X135MM DESARROLLO 3,2M (N",5456,"2,452,460.8","109,655.4","24,947.9",94.60,96,"68,857,602.0",47627,167890,"72,727,844.0","3,219,845.9","1,024,672.1",94.68
PLANA 50X3 MM 6M A270ES (N),1/13/2026 9:26:51 PM,9/1/2026 5:43:42 PM,"648,972.0",640,102526111,"PALANQUILLA 130X130MM AZA 1011 3,4M (N)",1602,"714,912.0","55,974.9","10,366.1",90.78,96.3,"68,857,602.0",47627,167890,"72,727,844.0","3,219,845.9","1,024,672.1",94.68
ANGULO SEMI 40X40X4MM A270ES,1/14/2026 5:59:01 PM,9/16/2026 5:26:49 AM,"344,924.0",178,102526111,"PALANQUILLA 130X130MM AZA 1011 3,4M (N)",823,"369,362.4","20,462.0","3,976.4",93.38,95.3,"68,857,602.0",47627,167890,"72,727,844.0","3,219,845.9","1,024,672.1",94.68
ANGULO SEMI 40X40X3MM A270ES,1/14/2026 11:24:14 PM,9/16/2026 3:40:39 PM,"2,225,214.0",1205,102526111,"PALANQUILLA 130X130MM AZA 1011 3,4M (N)",5246,"2,354,404.8","97,680.8","31,510.0",94.51,95.7,"68,857,602.0",47627,167890,"72,727,844.0","3,219,845.9","1,024,672.1",94.68
ANGULO SEMI 40X40X3MM 6M A36 (AL),1/15/2026 3:05:46 PM,1/15/2026 3:47:29 PM,"17,970.0",9,102513096,"PALANQUILLA 130X130MM AZA 1011 3,2M (N)",46,"19,430.4","1,221.0",239.4,92.48,97,"68,857,602.0",47627,167890,"72,727,844.0","3,219,845.9","1,024,672.1",94.68
ANGULO SEMI 50X50X4MM A270ES,1/15/2026 6:48:34 PM,9/2/2026 11:56:54 AM,"510,082.0",265,102526111,"PALANQUILLA 130X130MM AZA 1011 3,4M (N)",1226,"550,228.8","33,447.3","6,699.5",92.70,94.8,"68,857,602.0",47627,167890,"72,727,844.0","3,219,845.9","1,024,672.1",94.68
ANGULO SEMI 50X50X3MM A270ES,1/15/2026 11:04:08 PM,9/2/2026 5:44:22 PM,"1,432,468.0",800,102526111,"PALANQUILLA 130X130MM AZA 1011 3,4M (N)",3397,"1,524,573.6","77,576.5","15,604.1",93.96,95.3,"68,857,602.0",47627,167890,"72,727,844.0","3,219,845.9","1,024,672.1",94.68
B HORMIGON 25MM 12M A630-420H (N),1/16/2026 5:03:57 PM,9/8/2026 1:32:14 AM,"4,107,397.0",2699,102526100,"PALANQUILLA 130X130MM AZA 1541 3,3M (N)",9918,"4,308,625.2","187,441.5","21,934.7",95.33,95,"68,857,602.0",47627,167890,"72,727,844.0","3,219,845.9","1,024,672.1",94.68
B HORMIGON 25MM 10M A630-420H (N),1/16/2026 7:51:21 PM,9/8/2026 10:11:21 AM,"1,382,904.0",917,102526100,"PALANQUILLA 130X130MM AZA 1541 3,4M (N)",3355,"1,460,791.2","45,546.1","32,981.7",94.67,95,"68,857,602.0",47627,167890,"72,727,844.0","3,219,845.9","1,024,672.1",94.68
B HORMIGON 25MM 9M A630-420H (N),1/17/2026 5:15:12 AM,7/27/2026 5:14:04 PM,"1,041,150.0",686,102524188,PALANQUILLA 130X130MM AZA 1541 3M (N),2738,"1,088,524.8","52,239.7","6,113.2",95.65,95,"68,857,602.0",47627,167890,"72,727,844.0","3,219,845.9","1,024,672.1",94.68
B HORMIGON 25MM 7M A630-420H (N),1/17/2026 8:13:05 AM,8/24/2026 4:20:01 PM,"950,500.0",644,102526100,"PALANQUILLA 130X130MM AZA 1541 3,4M (N)",2256,"993,801.6","49,456.5","5,787.5",95.64,95,"68,857,602.0",47627,167890,"72,727,844.0","3,219,845.9","1,024,672.1",94.68
B HORMIGON 25MM 8M A630-420H (N),1/19/2026 1:12:13 AM,9/8/2026 2:38:30 PM,"979,590.0",648,102524188,"PALANQUILLA 130X130MM AZA 1541 3,4M (N)",2246,"1,008,004.8","32,946.9","3,855.5",97.18,95,"68,857,602.0",47627,167890,"72,727,844.0","3,219,845.9","1,024,672.1",94.68
B HORMIGON 25MM 6M A630-420H (N),1/19/2026 4:23:30 AM,8/24/2026 5:45:07 PM,"301,241.0",300,102526100,"PALANQUILLA 130X130MM AZA 1541 3,4M (N)",729,"319,796.4","10,762.1","7,793.3",94.20,95,"68,857,602.0",47627,167890,"72,727,844.0","3,219,845.9","1,024,672.1",94.68
B HORMIGON 25MM 12M A630-420HS (N),1/19/2026 6:17:36 AM,4/21/2026 11:49:52 PM,"128,053.0",85,119506262,"PALANQUILLA 130X130MM AZA 1629 3,4M (N",316,"138,520.8","6,071.3","4,396.5",92.44,95,"68,857,602.0",47627,167890,"72,727,844.0","3,219,845.9","1,024,672.1",94.68
B HORMIGON 25MM 11M A630-420HS (N),1/19/2026 7:34:02 AM,6/12/2026 11:51:01 PM,"46,269.0",30,119506262,"PALANQUILLA 130X130MM AZA 1629 3,4M (N",111,"49,090.8","2,526.2",295.6,94.25,95,"68,857,602.0",47627,167890,"72,727,844.0","3,219,845.9","1,024,672.1",94.68
B HORMIGON 25MM 9M A630-420HS (N),1/19/2026 8:38:04 AM,1/19/2026 10:06:29 AM,"40,747.0",26,119506262,"PALANQUILLA 130X130MM AZA 1629 3,4M (N",97,"43,533.6","1,616.2","1,170.4",93.60,95,"68,857,602.0",47627,167890,"72,727,844.0","3,219,845.9","1,024,672.1",94.68
PLANA 50X6MM 6M A270ES (N),1/19/2026 12:26:16 PM,9/9/2026 3:48:12 AM,"312,158.0",300,102525180,"PALANQUILLA 130X130MM AZA 1011 3,4M (N)",766,"343,780.8","28,245.7","3,978.3",90.80,96,"68,857,602.0",47627,167890,"72,727,844.0","3,219,845.9","1,024,672.1",94.68
PLANA 75X12MM 6M A270ES,1/19/2026 6:45:39 PM,6/9/2026 2:02:45 AM,"88,480.0",92,102525180,"PALANQUILLA 130X130MM AZA 1011 3,4M (N)",224,"100,531.2","10,075.6","1,975.6",88.01,94.5,"68,857,602.0",47627,167890,"72,727,844.0","3,219,845.9","1,024,672.1",94.68
PLANA 75X10MM 6M A270ES (N),1/19/2026 10:50:57 PM,6/9/2026 4:28:40 AM,"151,559.0",143,102525180,"PALANQUILLA 130X130MM AZA 1011 3,4M (N)",370,"166,056.0","12,120.4","2,376.6",91.27,94.7,"68,857,602.0",47627,167890,"72,727,844.0","3,219,845.9","1,024,672.1",94.68
PLANA 75X8MM 6M A270ES (N),1/20/2026 2:28:15 AM,6/9/2026 7:48:45 AM,"287,238.0",297,102525180,"PALANQUILLA 130X130MM AZA 1011 3,4M (N)",683,"306,530.4","16,129.7","3,162.7",93.71,95.1,"68,857,602.0",47627,167890,"72,727,844.0","3,219,845.9","1,024,672.1",94.68
PLANA 75X6MM 6M A270ES (N),1/20/2026 6:26:30 AM,6/9/2026 11:34:37 AM,"113,589.0",115,102525180,"PALANQUILLA 130X130MM AZA 1011 3,4M (N)",273,"122,522.4","7,875.6","1,544.2",92.71,95.4,"68,857,602.0",47627,167890,"72,727,844.0","3,219,845.9","1,024,672.1",94.68
PLANA 75X5MM 6M A270ES (N),1/20/2026 9:22:02 AM,6/9/2026 5:40:22 PM,"263,082.0",255,102525180,"PALANQUILLA 130X130MM AZA 1011 3,4M (N)",631,"283,192.8","16,814.0","3,296.9",92.90,95.6,"68,857,602.0",47627,167890,"72,727,844.0","3,219,845.9","1,024,672.1",94.68
ANGULO SEMI 65X65X10MM A270ES,1/20/2026 2:17:28 PM,7/10/2026 1:30:40 AM,"68,303.0",32,102525180,"PALANQUILLA 130X130MM AZA 1011 3,4M (N)",165,"74,052.0","5,284.0",465.0,92.24,94.7,"68,857,602.0",47627,167890,"72,727,844.0","3,219,845.9","1,024,672.1",94.68
ANGULO SEMI 65X65X6MM A270ES,1/20/2026 5:31:21 PM,8/12/2026 4:08:55 AM,"349,069.0",173,102525180,"PALANQUILLA 130X130MM AZA 1011 3,4M (N)",823,"369,362.4","16,623.0","3,865.8",94.51,95.1,"68,857,602.0",47627,167890,"72,727,844.0","3,219,845.9","1,024,672.1",94.68
ANGULO SEMI 65X65X5MM A270ES,1/20/2026 11:19:09 PM,8/12/2026 5:26:10 PM,"621,526.0",343,102525180,"PALANQUILLA 130X130MM AZA 1011 3,4M (N)",1484,"666,019.2","36,952.0","7,541.2",93.32,95.1,"68,857,602.0",47627,167890,"72,727,844.0","3,219,845.9","1,024,672.1",94.68
ANG SEMI 65X65X5MM 12M ASTM A572 T2 (N),1/21/2026 1:53:49 AM,3/17/2026 1:28:18 PM,"45,065.0",24,119505172,"PALANQUILLA 130X130MM AZA 1613 3,4M (N)",110,"49,368.0","3,670.2",632.8,91.28,97,"68,857,602.0",47627,167890,"72,727,844.0","3,219,845.9","1,024,672.1",94.68
"SAFEROCK SEMI 22MM 10,8M A280",1/21/2026 5:57:21 PM,1/21/2026 7:07:16 PM,"27,349.0",14,102524194,"PALANQUILLA 130X130MM AZA 1021 3,4M (N)",66,"29,620.8","2,013.6",258.2,92.33,96,"68,857,602.0",47627,167890,"72,727,844.0","3,219,845.9","1,024,672.1",94.68
SAFEROCK 22MM 12M A280,1/21/2026 8:03:57 PM,9/10/2026 10:28:17 AM,"1,129,007.0",569,119502731,"PALANQUILLA 130X130MM AZA 1021 3,2M (N)",2825,"1,193,280.0","40,652.1","29,437.7",94.61,95.9,"68,857,602.0",47627,167890,"72,727,844.0","3,219,845.9","1,024,672.1",94.68
SAFEROCK 22MM 6M A280,1/22/2026 4:05:31 AM,4/25/2026 1:47:26 AM,"81,631.0",83,119502731,"PALANQUILLA 130X130MM AZA 1021 3,2M (N)",194,"81,945.6","2,370.0","1,716.2",99.62,95.9,"68,857,602.0",47627,167890,"72,727,844.0","3,219,845.9","1,024,672.1",94.68
SAFEROCK SEMI 22MM 12M A280,1/22/2026 5:14:44 AM,8/14/2026 6:28:25 AM,"1,462,912.0",697,119502731,"PALANQUILLA 130X130MM AZA 1021 3,2M (N)",3629,"1,532,889.6","59,374.9","10,602.7",95.43,95.9,"68,857,602.0",47627,167890,"72,727,844.0","3,219,845.9","1,024,672.1",94.68
SAFEROCK 22MM 10.5M A280,1/22/2026 8:24:56 AM,3/29/2026 4:47:22 AM,"135,165.0",68,119502731,"PALANQUILLA 130X130MM AZA 1021 3,2M (N)",335,"141,504.0","7,815.4","5,659.4",95.52,97,"68,857,602.0",47627,167890,"72,727,844.0","3,219,845.9","1,024,672.1",94.68
"SAFEROCK SEMI 22MM 10,5M A280",1/22/2026 9:29:21 AM,8/14/2026 8:16:42 AM,"348,845.0",170,119507252,"PALANQUILLA 135X135MM DESARROLLO 3,2M (N",848,"362,039.0","12,142.8","1,990.6",96.36,95.8,"68,857,602.0",47627,167890,"72,727,844.0","3,219,845.9","1,024,672.1",94.68
SAFEROCK SEMI 22MM 10M A280,1/22/2026 12:06:07 PM,9/10/2026 1:18:40 PM,"727,951.0",387,102524194,"PALANQUILLA 130X130MM AZA 1021 3,4M (N)",1725,"774,180.0","40,450.4","5,778.6",94.03,95.3,"68,857,602.0",47627,167890,"72,727,844.0","3,219,845.9","1,024,672.1",94.68
"SAFEROCK SEMI 22MM 9,6M A280",1/22/2026 2:06:56 PM,9/10/2026 4:01:17 PM,"598,560.0",304,102524194,"PALANQUILLA 130X130MM AZA 1021 3,4M (N)",1401,"628,768.8","17,521.1","12,687.7",95.20,95.7,"68,857,602.0",47627,167890,"72,727,844.0","3,219,845.9","1,024,672.1",94.68
"SAFEROCK SEMI 22MM 10,5M A280D",1/23/2026 12:39:06 AM,3/10/2026 6:10:46 PM,"262,876.0",131,119505172,"PALANQUILLA 130X130MM AZA 1613 3,4M (N)",663,"297,554.4","29,794.1","4,884.3",88.35,97,"68,857,602.0",47627,167890,"72,727,844.0","3,219,845.9","1,024,672.1",94.68
"SAFEROCK 19MM 11,96M A520",1/23/2026 2:14:14 PM,6/6/2026 3:15:16 PM,"46,994.0",24,102526117,"PALANQUILLA 130X130MM AZA 1644 3,4M (N)",115,"51,612.0","2,678.5","1,939.6",91.05,97,"68,857,602.0",47627,167890,"72,727,844.0","3,219,845.9","1,024,672.1",94.68
PLANA 100X12MM 6M A270ES (N),1/26/2026 5:35:21 PM,5/29/2026 12:54:53 AM,"94,227.0",90,102525180,"PALANQUILLA 130X130MM AZA 1011 3,4M (N)",223,"100,082.4","4,895.5",959.9,94.15,95.1,"68,857,602.0",47627,167890,"72,727,844.0","3,219,845.9","1,024,672.1",94.68
PLANA 100X10MM 6M A270ES (N),1/26/2026 7:22:38 PM,7/9/2026 1:10:59 AM,"294,803.0",310,102525180,"PALANQUILLA 130X130MM AZA 1011 3,4M (N)",728,"311,942.4","14,548.2","2,591.2",94.51,95.5,"68,857,602.0",47627,167890,"72,727,844.0","3,219,845.9","1,024,672.1",94.68
PLANA 100X8MM 6M A270ES (N),1/27/2026 12:42:36 AM,7/9/2026 3:29:38 AM,"144,402.0",143,102525180,"PALANQUILLA 130X130MM AZA 1011 3,4M (N)",340,"152,328.0","7,675.6","1,218.4",94.80,95.2,"68,857,602.0",47627,167890,"72,727,844.0","3,219,845.9","1,024,672.1",94.68
PLANA 100X5MM 6M A270ES (N),1/27/2026 4:23:36 AM,7/9/2026 5:43:12 PM,"708,380.0",687,102525180,"PALANQUILLA 130X130MM AZA 1011 3,4M (N)",1665,"743,767.2","29,586.0","5,801.2",95.24,96,"68,857,602.0",47627,167890,"72,727,844.0","3,219,845.9","1,024,672.1",94.68
SAFEROCK SEMI 25MM 12M A420,1/27/2026 2:16:22 PM,9/8/2026 6:22:41 PM,"332,794.0",160,119502414,"PALANQUILLA 130X130MM DESARROLLO 3,4M (N",777,"348,717.6","12,974.8","2,948.8",95.43,95.3,"68,857,602.0",47627,167890,"72,727,844.0","3,219,845.9","1,024,672.1",94.68
"SAFEROCK SEMI 25MM 11,6M A420",1/27/2026 9:25:39 PM,3/23/2026 7:47:11 AM,"81,923.0",40,102524193,"PALANQUILLA 130X130MM AZA 1542 3,4M (N)",203,"91,106.4","5,326.4","3,857.0",89.92,95.4,"68,857,602.0",47627,167890,"72,727,844.0","3,219,845.9","1,024,672.1",94.68
"SAFEROCK SEMI 25MM 10,8M A420",1/28/2026 6:30:56 AM,3/23/2026 10:05:16 AM,"137,550.0",71,102524193,"PALANQUILLA 130X130MM AZA 1542 3,4M (N)",323,"144,962.4","4,299.2","3,113.2",94.89,95.3,"68,857,602.0",47627,167890,"72,727,844.0","3,219,845.9","1,024,672.1",94.68
SAFEROCK SEMI 25MM 10M A420,1/28/2026 8:28:49 AM,8/15/2026 7:42:09 AM,"208,710.0",99,102524193,"PALANQUILLA 130X130MM AZA 1542 3,4M (N)",433,"194,330.4","10,448.7","1,559.5",107.40,95.4,"68,857,602.0",47627,167890,"72,727,844.0","3,219,845.9","1,024,672.1",94.68
SAFEROCK 25MM 10M A420,1/28/2026 11:14:32 AM,8/20/2026 6:03:39 PM,"153,671.0",78,102526087,PALANQUILLA 130X130MM AZA 1542 3.3M (N) ,295,"132,382.8","4,805.4","3,479.8",116.08,95.4,"68,857,602.0",47627,167890,"72,727,844.0","3,219,845.9","1,024,672.1",94.68
REDONDO LISO 1' 6M A615 GR60(P),1/28/2026 4:26:50 PM,1/28/2026 6:24:43 PM,"55,030.0",54,119502582,"PALANQUILLA 130X130MM AZA 1050 3,4M (N) ",132,"59,241.6","3,733.0",478.6,92.89,97,"68,857,602.0",47627,167890,"72,727,844.0","3,219,845.9","1,024,672.1",94.68
REDONDO LISO 1' 6M SAE 1020 (N),1/28/2026 6:43:55 PM,7/3/2026 5:43:48 PM,"441,531.0",437,102524143,"PALANQUILLA 130X130MM SAE 1020 3,4M (N)",1046,"467,359.2","21,450.5","4,377.7",94.47,94.7,"68,857,602.0",47627,167890,"72,727,844.0","3,219,845.9","1,024,672.1",94.68
REDONDO LISO 1' 6M SAE 1045 (N),1/29/2026 12:08:39 AM,7/3/2026 4:14:34 PM,"168,490.0",165,102526114,"PALANQUILLA 130X130MM SAE 1045 3,4M (N)",396,"177,724.8","7,876.7","1,358.1",94.80,94.7,"68,857,602.0",47627,167890,"72,727,844.0","3,219,845.9","1,024,672.1",94.68
PLANA 50X8MM 6M A270ES (N),1/29/2026 3:44:59 AM,6/1/2026 5:42:31 PM,"229,979.0",229,102525180,"PALANQUILLA 130X130MM AZA 1011 3,4M (N)",551,"247,288.8","14,821.9","3,087.9",93.00,95.7,"68,857,602.0",47627,167890,"72,727,844.0","3,219,845.9","1,024,672.1",94.68
PLANA 50X5MM 6M A270ES (N),1/29/2026 6:54:37 AM,9/9/2026 8:13:15 AM,"706,785.0",689,102525180,"PALANQUILLA 130X130MM AZA 1011 3,4M (N)",1684,"753,508.8","47,520.0","9,343.6",93.80,96,"68,857,602.0",47627,167890,"72,727,844.0","3,219,845.9","1,024,672.1",94.68
ANGULO SEMI 30X30X5MM A270ES,1/29/2026 3:36:29 PM,7/7/2026 4:23:24 AM,"161,168.0",81,119507252,"PALANQUILLA 135X135MM DESARROLLO 3,2M (N",382,"171,856.0","8,966.9","1,721.1",93.78,95.8,"68,857,602.0",47627,167890,"72,727,844.0","3,219,845.9","1,024,672.1",94.68
CUADRADO 18MM 6M COMERCIAL (N),1/30/2026 7:13:57 AM,1/30/2026 8:24:45 AM,"32,559.0",33,102526111,"PALANQUILLA 130X130MM AZA 1008 3,4M (N)",77,"34,557.6","1,229.9",768.7,94.22,95.4,"68,857,602.0",47627,167890,"72,727,844.0","3,219,845.9","1,024,672.1",94.68
REDONDO LISO 18MM 6M SAE 1020 (N),1/30/2026 10:04:47 AM,6/11/2026 12:25:57 PM,"65,689.0",64,102524143,"PALANQUILLA 130X130MM SAE 1020 3,4M (N)",157,"70,461.6","4,026.9",745.7,93.23,95.3,"68,857,602.0",47627,167890,"72,727,844.0","3,219,845.9","1,024,672.1",94.68
B HORMIGON 22MM 12M A630-420H (N),2/2/2026 4:16:39 AM,6/26/2026 7:38:28 AM,"1,180,821.0",761,102513132,"PALANQUILLA 130X130MM AZA 1541 3,2M (N)",3046,"1,246,713.6","54,910.5","10,982.1",94.71,97.4,"68,857,602.0",47627,167890,"72,727,844.0","3,219,845.9","1,024,672.1",94.68
B HORMIGON 22MM 10M A630-420H (N),2/2/2026 7:38:46 PM,7/17/2026 4:30:14 PM,"393,393.0",256,102526100,"PALANQUILLA 130X130MM AZA 1541 3,4M (N)",949,"414,440.4","18,314.0","2,733.4",94.92,97.4,"68,857,602.0",47627,167890,"72,727,844.0","3,219,845.9","1,024,672.1",94.68
B HORMIGON 22MM 7M A630-420H (N),2/2/2026 9:10:52 PM,7/17/2026 5:43:54 PM,"317,108.0",212,102526100,"PALANQUILLA 130X130MM AZA 1541 3,4M (N)",604,"266,217.6","10,844.0","1,269.0",119.12,97.4,"68,857,602.0",47627,167890,"72,727,844.0","3,219,845.9","1,024,672.1",94.68
B HORMIGON 22MM 6M A630-420H (N),2/3/2026 1:38:31 AM,8/5/2026 9:43:09 PM,"313,241.0",320,102513132,"PALANQUILLA 130X130MM AZA 1541 3,2M (N)",760,"312,879.6","7,540.6","3,427.6",100.12,97.4,"68,857,602.0",47627,167890,"72,727,844.0","3,219,845.9","1,024,672.1",94.68
PLANA 50X12MM 6M A270ES,2/3/2026 6:13:51 AM,8/5/2026 12:06:48 AM,"109,131.0",103,102525180,"PALANQUILLA 130X130MM AZA 1011 3,4M (N)",259,"116,239.2","6,185.1",923.1,93.88,95.1,"68,857,602.0",47627,167890,"72,727,844.0","3,219,845.9","1,024,672.1",94.68
PLANA 50X10MM 6M A270ES (N),2/3/2026 8:54:19 AM,8/5/2026 6:57:28 AM,"353,947.0",349,102525180,"PALANQUILLA 130X130MM AZA 1011 3,4M (N)",828,"371,606.4","15,062.4","2,597.0",95.25,95.4,"68,857,602.0",47627,167890,"72,727,844.0","3,219,845.9","1,024,672.1",94.68
PLANA 63X12MM 6M A270ES,2/3/2026 2:37:42 PM,8/5/2026 10:20:01 AM,"83,588.0",84,102525180,"PALANQUILLA 130X130MM AZA 1011 3,4M (N)",202,"90,657.6","6,325.4",744.2,92.20,94.8,"68,857,602.0",47627,167890,"72,727,844.0","3,219,845.9","1,024,672.1",94.68
PLANA 63X10MM 6M A270 (N),2/3/2026 6:04:36 PM,8/5/2026 12:02:16 PM,"81,901.0",87,102525180,"PALANQUILLA 130X130MM AZA 1011 3,4M (N)",194,"87,067.2","4,319.3",846.9,94.07,95.2,"68,857,602.0",47627,167890,"72,727,844.0","3,219,845.9","1,024,672.1",94.68
PLANA 63X6MM 6M A270ES (N),2/3/2026 9:41:12 PM,8/5/2026 5:43:41 PM,"56,346.0",54,102525180,"PALANQUILLA 130X130MM AZA 1011 3,4M (N)",143,"64,178.4","6,548.4","1,284.0",87.80,95.7,"68,857,602.0",47627,167890,"72,727,844.0","3,219,845.9","1,024,672.1",94.68
PLANA 63X5MM 6M A270ES (N),2/4/2026 12:33:22 AM,2/4/2026 8:11:14 AM,"148,679.0",142,102525180,"PALANQUILLA 130X130MM AZA 1011 3,4M (N)",354,"158,452.8","8,171.5","1,602.3",93.83,95.8,"68,857,602.0",47627,167890,"72,727,844.0","3,219,845.9","1,024,672.1",94.68
ANGULO SEMI 40X40X5MM A270ES,2/4/2026 5:46:52 PM,9/15/2026 9:33:48 PM,"394,920.0",199,102525180,"PALANQUILLA 130X130MM AZA 1011 3,4M (N)",937,"420,525.6","21,537.9","4,223.1",93.91,95.4,"68,857,602.0",47627,167890,"72,727,844.0","3,219,845.9","1,024,672.1",94.68
B HORMIGON 25MM 11M A630-420H (N),2/5/2026 3:20:10 PM,9/8/2026 4:57:54 AM,"1,175,969.0",764,102526100,PALANQUILLA 130X130MM AZA 1541 3M (N),2846,"1,240,654.8","42,808.5","30,999.3",94.79,95,"68,857,602.0",47627,167890,"72,727,844.0","3,219,845.9","1,024,672.1",94.68
PLANA 38X10MM 6M A270ES (N),2/6/2026 11:33:58 AM,6/10/2026 12:06:14 PM,"98,829.0",97,102525180,"PALANQUILLA 130X130MM AZA 1011 3,4M (N)",236,"105,916.8","6,155.2",932.6,93.31,95.8,"68,857,602.0",47627,167890,"72,727,844.0","3,219,845.9","1,024,672.1",94.68
PLANA 38X8MM 6M A270ES (N),2/6/2026 3:36:13 PM,6/10/2026 1:36:08 PM,"65,806.0",64,102525180,"PALANQUILLA 130X130MM AZA 1011 3,4M (N)",154,"69,115.2","2,766.7",542.5,95.21,96,"68,857,602.0",47627,167890,"72,727,844.0","3,219,845.9","1,024,672.1",94.68
CUADRADO 16MM 6M COMERCIAL (N),2/7/2026 7:14:29 AM,6/6/2026 5:45:53 PM,"51,979.0",53,102526111,"PALANQUILLA 130X130MM AZA 1008 3,4M (N)",130,"56,232.0","3,544.2",708.8,92.44,95.5,"68,857,602.0",47627,167890,"72,727,844.0","3,219,845.9","1,024,672.1",94.68
SAFEROCK SEMI 22MM 12M A280D,2/9/2026 2:48:29 AM,2/9/2026 7:20:51 AM,"63,041.0",36,119505172,"PALANQUILLA 130X130MM AZA 1613 3,4M (N)",149,"66,871.2","3,290.7",539.5,94.27,97,"68,857,602.0",47627,167890,"72,727,844.0","3,219,845.9","1,024,672.1",94.68
B HORMIGON 36MM 12M A630-420HS (N),2/11/2026 5:40:40 PM,6/15/2026 1:39:44 PM,"160,069.0",108,119506259,"PALANQUILLA 130X130MM AZA 1629 3,1M (N)",428,"175,137.6","10,150.4","7,350.3",91.40,96,"68,857,602.0",47627,167890,"72,727,844.0","3,219,845.9","1,024,672.1",94.68
B HORMIGON 36MM 8M A630-420HS (N),2/11/2026 8:47:02 PM,6/15/2026 3:46:54 PM,"42,436.0",28,119506260,"PALANQUILLA 130X130MM AZA 1629 3,2M (N)",111,"46,160.4","2,160.2","1,564.3",91.93,97,"68,857,602.0",47627,167890,"72,727,844.0","3,219,845.9","1,024,672.1",94.68
B HORMIGON 36MM 10M A630-420H (N),2/11/2026 10:17:03 PM,9/3/2026 1:38:23 AM,"67,182.0",48,102513121,"PALANQUILLA 130X130MM AZA 1541 3,2M (N)",174,"73,497.6","3,663.1","2,652.6",91.41,96,"68,857,602.0",47627,167890,"72,727,844.0","3,219,845.9","1,024,672.1",94.68
B HORMIGON 36MM 9M A630-420H (N),2/11/2026 11:58:30 PM,5/7/2026 8:25:41 AM,"85,579.0",59,102513145,"PALANQUILLA 130X130MM AZA 1541 2,9M (N)",241,"92,254.8","3,872.0","2,803.8",92.76,97,"68,857,602.0",47627,167890,"72,727,844.0","3,219,845.9","1,024,672.1",94.68
B HORMIGON R 28MM 12M A630-420H (N),2/12/2026 3:02:17 PM,4/21/2026 12:47:23 AM,"65,205.0",46,102513121,"PALANQUILLA 130X130MM AZA 1541 3,2M (N)",187,"78,988.8","7,994.6","5,789.2",82.55,97,"68,857,602.0",47627,167890,"72,727,844.0","3,219,845.9","1,024,672.1",94.68
B HORMIGON 28MM 12M A630-420H (N),2/12/2026 4:04:12 PM,9/5/2026 12:48:19 AM,"2,300,852.0",1452,102526100,"PALANQUILLA 130X130MM AZA 1541 3,3M (N)",5787,"2,445,352.8","86,311.8","62,501.6",94.09,96,"68,857,602.0",47627,167890,"72,727,844.0","3,219,845.9","1,024,672.1",94.68
B HORMIGON 28MM 11M A630-420H (N),2/13/2026 11:58:54 AM,9/5/2026 3:45:38 AM,"665,792.0",445,102513137,PALANQUILLA 130X130MM AZA 1541 3M (N),1757,"695,824.8","24,596.1","17,810.9",95.68,94,"68,857,602.0",47627,167890,"72,727,844.0","3,219,845.9","1,024,672.1",94.68
B HORMIGON 28MM 10M A630-420H (N),2/13/2026 4:59:01 PM,8/25/2026 12:06:46 PM,"577,958.0",378,102524188,"PALANQUILLA 130X130MM AZA 1541 3,4M (N)",1307,"586,555.2","20,200.7","14,628.1",98.53,96,"68,857,602.0",47627,167890,"72,727,844.0","3,219,845.9","1,024,672.1",94.68
B HORMIGON 28MM 9M A630-420H (N),2/13/2026 10:19:36 PM,9/5/2026 8:08:35 AM,"712,890.0",474,102524188,"PALANQUILLA 130X130MM AZA 1541 3,4M (N)",1696,"761,164.8","27,999.4","20,275.4",93.66,94,"68,857,602.0",47627,167890,"72,727,844.0","3,219,845.9","1,024,672.1",94.68
B HORMIGON 28MM 7M A630-420H (N),2/14/2026 1:59:54 AM,9/5/2026 12:16:53 PM,"743,609.0",505,102513121,"PALANQUILLA 130X130MM AZA 1541 3,2M (N)",1908,"805,939.2","36,151.6","26,178.6",92.27,96,"68,857,602.0",47627,167890,"72,727,844.0","3,219,845.9","1,024,672.1",94.68
B HORMIGON 28MM 8M A630-420H (N),2/16/2026 1:53:51 AM,9/5/2026 9:35:47 AM,"633,510.0",426,102526100,PALANQUILLA 130X130MM AZA 1541 3M (N),1510,"662,455.2","18,882.7","13,673.7",95.63,96,"68,857,602.0",47627,167890,"72,727,844.0","3,219,845.9","1,024,672.1",94.68
B HORMIGON 28MM 6M A630-420H (N),2/16/2026 6:39:28 AM,9/5/2026 1:43:00 PM,"52,127.0",55,102524188,"PALANQUILLA 130X130MM AZA 1541 3,4M (N)",126,"54,542.4","1,400.9","1,014.5",95.57,96,"68,857,602.0",47627,167890,"72,727,844.0","3,219,845.9","1,024,672.1",94.68
B HORMIGON R 25MM 12M A630-420HS(N),2/16/2026 9:28:56 AM,7/12/2026 3:04:55 AM,"183,995.0",122,119506262,"PALANQUILLA 130X130MM AZA 1629 3,4M (N",451,"197,194.8","11,313.9","1,885.9",93.31,97,"68,857,602.0",47627,167890,"72,727,844.0","3,219,845.9","1,024,672.1",94.68
"SAFEROCK SEMI 25MM 10,5M A420",2/16/2026 4:33:46 PM,9/8/2026 10:01:04 PM,"198,996.0",94,102524193,"PALANQUILLA 130X130MM AZA 1542 3,4M (N)",472,"211,833.6","11,896.2",941.4,93.94,95,"68,857,602.0",47627,167890,"72,727,844.0","3,219,845.9","1,024,672.1",94.68
REDONDO LISO 12MM 6M SAE 1020 (N),2/18/2026 6:54:17 PM,6/20/2026 11:50:33 PM,"798,899.0",801,119507252,"PALANQUILLA 135X135MM DESARROLLO 3,2M (N",2215,"848,124.0","50,853.0","11,055.0",94.20,95.9,"68,857,602.0",47627,167890,"72,727,844.0","3,219,845.9","1,024,672.1",94.68
PLANA 25X5MM 6M A270ES (N),2/19/2026 9:13:19 PM,9/22/2026 12:23:35 PM,"131,790.0",129,102513114,"PALANQUILLA 130X130MM AZA 1011 2,9M (N)",363,"138,956.4","5,909.1","1,257.3",94.84,96.5,"68,857,602.0",47627,167890,"72,727,844.0","3,219,845.9","1,024,672.1",94.68
PLANA 18X8MM 6M COM (Canto-RED) (N),2/20/2026 1:38:35 AM,3/6/2026 3:52:16 AM,"65,451.0",69,102513114,"PALANQUILLA 130X130MM AZA 1011 2,9M (N)",181,"69,286.8","3,217.1",618.7,94.46,96.6,"68,857,602.0",47627,167890,"72,727,844.0","3,219,845.9","1,024,672.1",94.68
PLANA 18X8MM 6M COMERCIAL (N),2/20/2026 3:36:40 AM,6/21/2026 6:32:10 AM,"55,037.0",59,102513114,"PALANQUILLA 130X130MM AZA 1011 2,9M (N)",152,"58,185.6","3,407.2",655.2,94.59,96.6,"68,857,602.0",47627,167890,"72,727,844.0","3,219,845.9","1,024,672.1",94.68
"PLANA 19X7,3MM 6M COMERCIAL (N)",2/20/2026 5:20:44 AM,3/31/2026 6:04:10 PM,"63,695.0",63,119507251,"PALANQUILLA 135X135MM DESARROLLO 2,7M (N",176,"67,425.6","3,156.7",573.9,94.47,96.7,"68,857,602.0",47627,167890,"72,727,844.0","3,219,845.9","1,024,672.1",94.68
PLANA 32X3MM 6M A270ES (N),2/20/2026 9:44:35 AM,9/21/2026 11:00:30 PM,"633,218.0",625,119507251,"PALANQUILLA 135X135MM DESARROLLO 2,7M (N",1743,"667,314.0","28,506.5","5,589.5",94.89,96.6,"68,857,602.0",47627,167890,"72,727,844.0","3,219,845.9","1,024,672.1",94.68
CUADRADO 12MM 6M COMERCIAL (N),2/20/2026 8:05:29 PM,6/17/2026 5:46:11 PM,"235,990.0",224,102524390,"PALANQUILLA 130X130MM P PRUEBAS 3,2M (N)",598,"251,130.0","12,763.6","2,376.4",93.97,96.6,"68,857,602.0",47627,167890,"72,727,844.0","3,219,845.9","1,024,672.1",94.68
PLANA 32X6MM 6M A270ES (N),2/21/2026 4:19:37 AM,6/17/2026 12:22:53 AM,"62,339.0",62,102513096,"PALANQUILLA 130X130MM AZA 1011 3,2M (N)",159,"67,161.6","4,032.0",790.6,92.82,96.5,"68,857,602.0",47627,167890,"72,727,844.0","3,219,845.9","1,024,672.1",94.68
"PLANA ASERRADA 32X4,85MM 6M A270ES (N)",2/21/2026 9:06:22 AM,8/20/2026 3:02:57 PM,"188,525.0",186,102513096,"PALANQUILLA 130X130MM AZA 1011 3,2M (N)",473,"199,795.2","9,422.6","1,847.6",94.36,96.5,"68,857,602.0",47627,167890,"72,727,844.0","3,219,845.9","1,024,672.1",94.68
ANGULO SEMI 50X50X6MM A270ES,2/24/2026 2:40:23 PM,6/4/2026 2:08:08 AM,"148,021.0",70,102525180,"PALANQUILLA 130X130MM AZA 1011 3,4M (N)",354,"158,875.2","9,074.8","1,779.4",93.17,94.6,"68,857,602.0",47627,167890,"72,727,844.0","3,219,845.9","1,024,672.1",94.68
ANGULO SEMI 50X50X5MM A270ES,2/24/2026 8:58:45 PM,7/1/2026 5:28:35 PM,"781,640.0",406,102525180,"PALANQUILLA 130X130MM AZA 1011 3,4M (N)",1854,"832,075.2","42,129.5","9,797.6",93.94,94.8,"68,857,602.0",47627,167890,"72,727,844.0","3,219,845.9","1,024,672.1",94.68
ANGULO SEMI 80X80X10MM A270ES,2/25/2026 5:11:52 PM,7/8/2026 1:24:33 AM,"96,873.0",47,102526111,"PALANQUILLA 130X130MM AZA 1011 3,4M (N)",233,"104,570.4","6,455.9","1,241.5",92.64,94.1,"68,857,602.0",47627,167890,"72,727,844.0","3,219,845.9","1,024,672.1",94.68
ANG SEMI 80X80X6MM 12M ASTM A572 T2 (N),2/26/2026 7:43:35 AM,7/8/2026 2:13:20 PM,"65,579.0",34,119505172,"PALANQUILLA 130X130MM AZA 1613 3,4M (N)",157,"70,461.6","4,164.6",718.0,93.07,97,"68,857,602.0",47627,167890,"72,727,844.0","3,219,845.9","1,024,672.1",94.68
REDONDO LISO 1 3/4' 6M SAE 1045 (N),2/26/2026 11:16:09 AM,9/14/2026 3:48:07 PM,"65,628.0",69,102513159,"PALANQUILLA 130X130MM SAE 1045 3,2M (N) ",196,"82,790.4","13,510.8","3,651.6",79.27,97,"68,857,602.0",47627,167890,"72,727,844.0","3,219,845.9","1,024,672.1",94.68
REDONDO LISO 1 3/4' 6M A36 (N),2/26/2026 12:26:40 PM,2/26/2026 3:15:02 PM,"15,630.0",15,102525180,"PALANQUILLA 130X130MM AZA 1011 3,4M (N)",43,"19,298.4","2,127.7","1,540.7",80.99,97,"68,857,602.0",47627,167890,"72,727,844.0","3,219,845.9","1,024,672.1",94.68
REDONDO LISO 1 1/2' 6M ASTM A 36 (N),2/26/2026 5:28:11 PM,9/15/2026 3:46:04 AM,"48,150.0",47,102525180,"PALANQUILLA 130X130MM AZA 1011 3,4M (N)",117,"52,509.6","3,727.8",631.8,91.70,94.3,"68,857,602.0",47627,167890,"72,727,844.0","3,219,845.9","1,024,672.1",94.68
REDONDO LISO 1 1/2' 6M SAE 1020 (N),2/26/2026 6:22:00 PM,9/15/2026 2:27:14 AM,"219,420.0",206,102524143,"PALANQUILLA 130X130MM SAE 1020 3,4M (N)",519,"232,927.2","12,128.9","1,378.3",94.20,94.3,"68,857,602.0",47627,167890,"72,727,844.0","3,219,845.9","1,024,672.1",94.68
REDONDO LISO 1 1/2' 6M SAE 1045 (N),2/26/2026 8:44:12 PM,9/15/2026 5:14:08 AM,"116,548.0",110,102526114,"PALANQUILLA 130X130MM SAE 1045 3,4M (N)",276,"123,868.8","6,405.7",915.1,94.09,94.3,"68,857,602.0",47627,167890,"72,727,844.0","3,219,845.9","1,024,672.1",94.68
REDONDO LISO 1 1/4' 6M ASTM A 36 (N),2/26/2026 11:04:48 PM,6/3/2026 1:17:48 PM,"73,469.0",73,102513096,"PALANQUILLA 130X130MM AZA 1011 3,2M (N)",189,"79,833.6","5,641.4",723.2,92.03,95.1,"68,857,602.0",47627,167890,"72,727,844.0","3,219,845.9","1,024,672.1",94.68
REDONDO LISO 1 1/4' 6M SAE 1020 (N),2/27/2026 12:03:56 AM,9/15/2026 8:26:44 AM,"204,876.0",199,102513153,"PALANQUILLA 130X130MM SAE 1020 3,2M (N) ",521,"220,070.4","14,559.4","2,426.6",93.10,95.1,"68,857,602.0",47627,167890,"72,727,844.0","3,219,845.9","1,024,672.1",94.68
REDONDO LISO 1 1/4' 6M SAE 1045 (N),2/27/2026 3:01:13 AM,3/24/2026 10:24:22 AM,"62,953.0",61,102513159,"PALANQUILLA 130X130MM SAE 1045 3,2M (N) ",157,"66,316.8","2,968.1",395.7,94.93,95.1,"68,857,602.0",47627,167890,"72,727,844.0","3,219,845.9","1,024,672.1",94.68
REDONDO LISO 1 1/4' 6M A615 GR60(P),2/27/2026 4:24:07 AM,2/27/2026 5:12:23 AM,"21,266.0",20,119502584,"PALANQUILLA 130x130MM AZA 1050 3,2M (N) ",55,"23,232.0","1,742.6",223.4,91.54,97,"68,857,602.0",47627,167890,"72,727,844.0","3,219,845.9","1,024,672.1",94.68
REDONDO LISO 1 1/8' 6M ASTM A 36 (N),2/27/2026 6:36:33 AM,2/27/2026 7:28:02 AM,"27,099.0",27,102525180,"PALANQUILLA 130X130MM AZA 1011 3,4M (N)",66,"29,620.8","1,462.6","1,059.2",91.49,95.3,"68,857,602.0",47627,167890,"72,727,844.0","3,219,845.9","1,024,672.1",94.68
CUADRADO 25MM 6M COMERCIAL (N),2/27/2026 8:49:14 AM,2/27/2026 9:59:18 AM,"30,527.0",30,102524390,"PALANQUILLA 130X130MM AZA 1008 3,2M (N) ",77,"32,524.8","1,798.0",199.8,93.86,96.3,"68,857,602.0",47627,167890,"72,727,844.0","3,219,845.9","1,024,672.1",94.68
B HORMIGON 36MM 11M A630-420HS (N),3/2/2026 8:37:03 PM,3/2/2026 9:42:25 PM,"30,534.0",22,119506257,"PALANQUILLA 130X130MM AZA 1629 2,9M (N) ",78,"29,858.4",0.0,0.0,102.26,96,"68,857,602.0",47627,167890,"72,727,844.0","3,219,845.9","1,024,672.1",94.68
REDONDO LISO 19MM 6M SAE 1020 (N),3/3/2026 12:50:18 AM,9/11/2026 10:55:09 AM,"396,638.0",377,102524143,"PALANQUILLA 130X130MM SAE 1020 3,4M (N)",942,"422,769.6","20,687.5","5,444.1",93.82,95.2,"68,857,602.0",47627,167890,"72,727,844.0","3,219,845.9","1,024,672.1",94.68
REDONDO LISO 3/4' 6M SAE 1020 (N),3/3/2026 4:58:02 AM,9/14/2026 2:16:58 AM,"185,943.0",178,102524143,"PALANQUILLA 130X130MM SAE 1020 3,4M (N)",429,"191,954.4","6,584.2","2,057.6",96.87,95.2,"68,857,602.0",47627,167890,"72,727,844.0","3,219,845.9","1,024,672.1",94.68
REDONDO LISO 3/4' 6M ASTM A 36 (N),3/3/2026 6:20:37 AM,9/14/2026 8:51:32 AM,"299,118.0",289,102526111,"PALANQUILLA 130X130MM AZA 1011 3,4M (N)",705,"316,404.0","16,199.4","1,086.6",94.54,95.2,"68,857,602.0",47627,167890,"72,727,844.0","3,219,845.9","1,024,672.1",94.68
REDONDO LISO 3/4' 6M SAE 1045 (N),3/3/2026 7:16:44 AM,6/11/2026 3:09:29 AM,"47,873.0",45,102526114,"PALANQUILLA 130X130MM SAE 1045 3,4M (N)",115,"51,612.0","2,869.5",869.5,92.76,95.2,"68,857,602.0",47627,167890,"72,727,844.0","3,219,845.9","1,024,672.1",94.68
REDONDO LISO 7/8' 6M ASTM A 36 (N),3/3/2026 9:46:13 AM,9/10/2026 10:22:45 PM,"67,766.0",65,102525180,"PALANQUILLA 130X130MM AZA 1011 3,4M (N)",157,"70,461.6","1,902.8",792.8,96.17,95,"68,857,602.0",47627,167890,"72,727,844.0","3,219,845.9","1,024,672.1",94.68
REDONDO LISO 7/8' 6M SAE 1020 (N),3/3/2026 10:37:13 AM,9/11/2026 4:24:48 AM,"394,498.0",374,102524143,"PALANQUILLA 130X130MM SAE 1020 3,4M (N)",951,"416,908.8","16,780.3","5,630.5",94.62,95,"68,857,602.0",47627,167890,"72,727,844.0","3,219,845.9","1,024,672.1",94.68
"PLANA 25X2,85MM 6M A270ES ARR(N)",3/4/2026 7:42:37 PM,3/5/2026 1:15:44 AM,"53,613.0",54,102513114,"PALANQUILLA 130X130MM AZA 1011 2,9M (N)",157,"60,099.6","5,911.2",575.4,89.21,96.8,"68,857,602.0",47627,167890,"72,727,844.0","3,219,845.9","1,024,672.1",94.68
"PLANA ASERRADA 25X4,85MM 6M A270ES (N)",3/5/2026 10:36:36 PM,9/22/2026 3:42:21 AM,"65,102.0",62,102513114,"PALANQUILLA 130X130MM AZA 1011 2,9M (N)",182,"69,669.6","3,766.3",801.3,93.44,96.7,"68,857,602.0",47627,167890,"72,727,844.0","3,219,845.9","1,024,672.1",94.68
"PLANA 32x2,85mm 6m A270ES ARR(N)",3/6/2026 5:08:17 PM,3/6/2026 6:39:18 PM,"23,839.0",24,102513114,"PALANQUILLA 130X130MM AZA 1011 2,9M (N)",65,"24,882.0",950.5,92.5,95.81,96.7,"68,857,602.0",47627,167890,"72,727,844.0","3,219,845.9","1,024,672.1",94.68
SAFEROCK 22MM 12M A420,3/10/2026 8:24:49 AM,9/10/2026 7:26:01 AM,"934,018.0",476,102524193,"PALANQUILLA 130X130MM AZA 1542 3,4M (N)",2347,"1,000,850.4","50,531.8","16,300.6",93.32,95.9,"68,857,602.0",47627,167890,"72,727,844.0","3,219,845.9","1,024,672.1",94.68
SAFEROCK SEMI 22MM 12M A420,3/10/2026 10:45:15 AM,3/10/2026 11:43:16 AM,"23,680.0",12,102513099,"PALANQUILLA 130X130MM AZA 1542 3,2M (N)",59,"24,921.6","1,047.6",194.0,95.02,95.9,"68,857,602.0",47627,167890,"72,727,844.0","3,219,845.9","1,024,672.1",94.68
PLANA 100X6MM 6M A270ES (N),3/13/2026 12:16:13 AM,7/9/2026 6:17:42 AM,"114,432.0",115,102525180,"PALANQUILLA 130X130MM AZA 1011 3,4M (N)",270,"121,176.0","5,638.4","1,105.6",94.43,95.7,"68,857,602.0",47627,167890,"72,727,844.0","3,219,845.9","1,024,672.1",94.68
B HORMIGON 22MM 11M A630-420H (N),3/16/2026 10:37:46 AM,6/26/2026 11:07:19 AM,"190,545.0",122,102513132,"PALANQUILLA 130X130MM AZA 1541 3,1M (N)",489,"200,098.8","8,226.9","1,326.9",95.23,97.4,"68,857,602.0",47627,167890,"72,727,844.0","3,219,845.9","1,024,672.1",94.68
B HORMIGON 22MM 9M A630-420H (N),3/16/2026 3:01:08 PM,6/27/2026 3:59:37 AM,"372,097.0",252,102524188,"PALANQUILLA 130X130MM AZA 1541 3,4M (N)",873,"391,802.4","17,998.6","1,706.8",94.97,97.4,"68,857,602.0",47627,167890,"72,727,844.0","3,219,845.9","1,024,672.1",94.68
B HORMIGON 22MM 8M A630-420H (N),3/16/2026 5:01:24 PM,6/27/2026 9:20:11 AM,"168,077.0",113,102513137,PALANQUILLA 130X130MM AZA 1541 3M (N),447,"177,012.0","8,242.9",692.1,94.95,97.4,"68,857,602.0",47627,167890,"72,727,844.0","3,219,845.9","1,024,672.1",94.68
B HORMIGON 22MM 11M A630-420HS (N),3/16/2026 6:51:17 PM,8/4/2026 4:04:23 AM,"101,923.0",66,119506259,"PALANQUILLA 130X130MM AZA 1629 3,1M (N)",263,"107,619.6","3,304.0","2,392.6",94.71,97,"68,857,602.0",47627,167890,"72,727,844.0","3,219,845.9","1,024,672.1",94.68
ANGULO SEMI 65X65X8MM A270ES,3/16/2026 10:34:20 PM,8/12/2026 1:05:23 AM,"106,120.0",58,102525180,"PALANQUILLA 130X130MM AZA 1011 3,4M (N)",257,"115,341.6","7,992.1","1,229.6",92.00,95.4,"68,857,602.0",47627,167890,"72,727,844.0","3,219,845.9","1,024,672.1",94.68
ANG SEMI 60X60X6MM 12M ASTM A572 T2 (N),3/17/2026 4:07:16 PM,3/17/2026 5:20:33 PM,"32,612.0",17,119505172,"PALANQUILLA 130X130MM AZA 1613 3,4M (N)",76,"34,108.8","1,276.7",220.1,95.61,97,"68,857,602.0",47627,167890,"72,727,844.0","3,219,845.9","1,024,672.1",94.68
ANG SEMI 60X60X5MM 12M ASTM A572 T2 (N),3/17/2026 6:46:08 PM,3/17/2026 8:02:30 PM,"33,628.0",18,119505172,"PALANQUILLA 130X130MM AZA 1613 3,4M (N)",78,"35,006.4","1,175.7",202.7,96.06,97,"68,857,602.0",47627,167890,"72,727,844.0","3,219,845.9","1,024,672.1",94.68
ANGULO SEMI 80X80X12MM A270ES,3/17/2026 11:27:26 PM,3/18/2026 1:30:20 AM,"31,181.0",16,102525180,"PALANQUILLA 130X130MM AZA 1011 3,4M (N)",76,"34,108.8","2,717.3",210.5,91.42,93.5,"68,857,602.0",47627,167890,"72,727,844.0","3,219,845.9","1,024,672.1",94.68
ANG SEMI 50X50X5MM 12M ASTM A572 T2 (N),3/20/2026 2:33:06 AM,3/20/2026 3:19:28 AM,"23,219.0",13,119505172,"PALANQUILLA 130X130MM AZA 1613 3,4M (N)",54,"24,235.2",866.8,149.4,95.81,97,"68,857,602.0",47627,167890,"72,727,844.0","3,219,845.9","1,024,672.1",94.68
ANG SEMI 50X50X4MM 12M ASTM A572 T2 (N),3/20/2026 4:28:08 AM,3/20/2026 5:37:35 AM,"31,956.0",19,119505172,"PALANQUILLA 130X130MM AZA 1613 3,4M (N)",76,"34,108.8","1,836.2",316.6,93.69,97,"68,857,602.0",47627,167890,"72,727,844.0","3,219,845.9","1,024,672.1",94.68
ANG SEMI 45X45X4MM 12M ASTM A572 T2 (N),3/20/2026 6:17:23 PM,3/20/2026 7:45:03 PM,"37,413.0",18,119505172,"PALANQUILLA 130X130MM AZA 1613 3,4M (N)",88,"39,494.4","1,775.3",306.1,94.73,97,"68,857,602.0",47627,167890,"72,727,844.0","3,219,845.9","1,024,672.1",94.68
REDONDO LISO 1' 6M ASTM A 36 (N),3/23/2026 2:22:59 AM,7/3/2026 3:07:06 AM,"166,467.0",165,102525180,"PALANQUILLA 130X130MM AZA 1011 3,4M (N)",394,"176,827.2","10,310.9","1,321.9",94.14,94.7,"68,857,602.0",47627,167890,"72,727,844.0","3,219,845.9","1,024,672.1",94.68
REDONDO LISO 1 3/8'' 6M SAE 1020 (N),3/23/2026 5:32:10 PM,3/23/2026 7:18:25 PM,"29,430.0",31,102524143,"PALANQUILLA 130X130MM SAE 1020 3,4M (N)",77,"34,557.6","4,258.5",869.1,85.16,97,"68,857,602.0",47627,167890,"72,727,844.0","3,219,845.9","1,024,672.1",94.68
HEXAGONO SEMI 1 1/8' 8MM SAE 1045 (N),3/24/2026 11:59:02 AM,3/24/2026 1:32:40 PM,"40,310.0",22,102526114,"PALANQUILLA 130X130MM SAE 1045 3,4M (N)",98,"42,609.6","1,333.8",965.8,94.60,95.4,"68,857,602.0",47627,167890,"72,727,844.0","3,219,845.9","1,024,672.1",94.68
PLANA RESALTE 50X4 MM 11M A345 ES (N),3/27/2026 3:21:08 PM,8/4/2026 3:32:03 PM,"110,177.0",59,102524194,"PALANQUILLA 130X130MM AZA 1021 3,4M (N)",275,"123,420.0","10,646.3","2,596.7",89.27,97,"68,857,602.0",47627,167890,"72,727,844.0","3,219,845.9","1,024,672.1",94.68
SAFEROCK 22MM 10M A280,3/30/2026 2:32:27 AM,3/31/2026 2:09:55 PM,"109,338.0",56,119507252,"PALANQUILLA 135X135MM DESARROLLO 3,2M (N",265,"118,001.0","5,024.5","3,638.4",92.66,95.3,"68,857,602.0",47627,167890,"72,727,844.0","3,219,845.9","1,024,672.1",94.68
REDONDO LISO 1/2' 6M SAE 1020 (N),3/31/2026 7:35:48 PM,8/19/2026 2:20:31 PM,"69,284.0",67,119507251,"PALANQUILLA 135X135MM DESARROLLO 2,7M (N",190,"72,793.2","2,904.2",605.0,95.18,96,"68,857,602.0",47627,167890,"72,727,844.0","3,219,845.9","1,024,672.1",94.68
PLANA 32X10MM 6M A270ES (N),4/1/2026 11:22:08 PM,7/15/2026 12:25:51 AM,"80,252.0",79,119507252,"PALANQUILLA 135X135MM DESARROLLO 3,2M (N",192,"86,824.8","5,360.8","1,212.0",92.43,96.3,"68,857,602.0",47627,167890,"72,727,844.0","3,219,845.9","1,024,672.1",94.68
PLANA 32X8MM 6M A270ES (N),4/2/2026 4:23:58 AM,4/2/2026 5:36:42 AM,"31,842.0",35,119507252,"PALANQUILLA 135X135MM DESARROLLO 3,2M (N",74,"33,625.6","1,625.4",158.2,94.70,96.4,"68,857,602.0",47627,167890,"72,727,844.0","3,219,845.9","1,024,672.1",94.68
B HORMIGON 28MM 7M A630-420HS (N),4/21/2026 1:30:58 AM,4/21/2026 2:10:06 AM,"22,172.0",16,119506260,"PALANQUILLA 130X130MM AZA 1629 3,2M (N)",55,"23,232.0",614.8,445.2,95.44,97,"68,857,602.0",47627,167890,"72,727,844.0","3,219,845.9","1,024,672.1",94.68
"BARRA TRASPASO CARGA 25MM 6,2M A630-420H",4/22/2026 3:16:42 AM,8/22/2026 12:47:33 AM,"54,285.0",57,119502582,"PALANQUILLA 130X130MM AZA 1050 3,4M (N) ",127,"56,997.6",,,95.24,97,"68,857,602.0",47627,167890,"72,727,844.0","3,219,845.9","1,024,672.1",94.68
B HORMIGON R 32MM 12M A630-420HS (N),4/22/2026 2:54:28 PM,4/23/2026 2:30:27 AM,"113,657.0",76,119506258,"PALANQUILLA 130X130MM AZA 1629 3,0M (N)",310,"122,760.0","5,279.7","3,823.3",92.58,97,"68,857,602.0",47627,167890,"72,727,844.0","3,219,845.9","1,024,672.1",94.68
"BARRA TRASPASO CARGA 22MM 6,2M A630-420H",4/24/2026 11:58:59 AM,6/10/2026 5:11:03 PM,"55,735.0",53,119502582,"PALANQUILLA 130X130MM AZA 1050 3,4M (N) ",132,"59,241.6",,,94.08,97,"68,857,602.0",47627,167890,"72,727,844.0","3,219,845.9","1,024,672.1",94.68
B HORMIGON 22MM 12M A630-420HS (N),4/27/2026 12:10:29 PM,8/4/2026 2:51:09 AM,"163,979.0",105,119506259,"PALANQUILLA 130X130MM AZA 1629 3,1M (N)",422,"172,682.4","5,048.0","3,655.4",94.96,97,"68,857,602.0",47627,167890,"72,727,844.0","3,219,845.9","1,024,672.1",94.68
PLANA 63X8MM 6M A270ES (N),4/29/2026 8:59:10 AM,4/29/2026 3:03:50 PM,"115,864.0",111,102525180,"PALANQUILLA 130X130MM AZA 1011 3,4M (N)",288,"129,254.4","11,195.3","2,195.2",89.64,95.5,"68,857,602.0",47627,167890,"72,727,844.0","3,219,845.9","1,024,672.1",94.68
PLANA 50X4 MM 6M A270ES (N),5/2/2026 3:20:51 PM,5/2/2026 4:58:57 PM,"29,176.0",29,102525180,"PALANQUILLA 130X130MM AZA 1011 3,4M (N)",77,"34,557.6","4,939.8",441.8,84.43,96.2,"68,857,602.0",47627,167890,"72,727,844.0","3,219,845.9","1,024,672.1",94.68
ANGULO SEMI 80X80X8MM 12m A270ES,5/5/2026 4:09:10 AM,5/5/2026 4:51:29 AM,"24,256.0",11,102525180,"PALANQUILLA 130X130MM AZA 1011 3,4M (N)",56,"25,132.8",813.8,63.0,96.51,93.4,"68,857,602.0",47627,167890,"72,727,844.0","3,219,845.9","1,024,672.1",94.68
B HORMIGON 36MM 12M A630-420H (N),5/6/2026 11:29:40 PM,9/3/2026 12:02:06 AM,"385,160.0",254,102513132,"PALANQUILLA 130X130MM P PRUEBAS 3,1M (N)",1013,"414,519.6","17,028.6","12,331.0",92.92,96,"68,857,602.0",47627,167890,"72,727,844.0","3,219,845.9","1,024,672.1",94.68
B HORMIGON 18MM 10M A630-420HS (N),5/9/2026 9:19:21 PM,8/12/2026 11:48:36 PM,"99,937.0",66,119506262,"PALANQUILLA 130X130MM AZA 1629 3,4M (N",240,"107,157.6","4,247.4","2,973.2",93.26,95,"68,857,602.0",47627,167890,"72,727,844.0","3,219,845.9","1,024,672.1",94.68
REDONDO LISO 1/2' 6M SAE 1045 (N),5/13/2026 1:13:51 PM,6/21/2026 2:28:32 AM,"47,796.0",45,102513104,"PALANQUILLA 130X130MM SAE 1045 2,9M (N) ",132,"50,529.6","2,152.0",581.6,94.59,96,"68,857,602.0",47627,167890,"72,727,844.0","3,219,845.9","1,024,672.1",94.68
PLANA 20X8MM 6M A270ES (N),5/14/2026 2:50:58 AM,5/14/2026 4:15:24 AM,"32,816.0",32,102513096,"PALANQUILLA 130X130MM AZA 1011 3,2M (N)",83,"35,059.2","1,939.8",380.4,93.60,96.6,"68,857,602.0",47627,167890,"72,727,844.0","3,219,845.9","1,024,672.1",94.68
"SAFEROCK 22MM 11,96M A520",5/20/2026 6:12:52 AM,5/20/2026 10:22:09 AM,"30,901.0",15,102513130,"PALANQUILLA 130X130MM AZA 1644 3,2M (N) ",91,"38,438.4","5,735.3","4,153.1",80.39,97,"68,857,602.0",47627,167890,"72,727,844.0","3,219,845.9","1,024,672.1",94.68
B HORMIGON 36MM 7M A630-420H (N),5/23/2026 3:42:57 AM,7/11/2026 6:43:50 AM,"57,677.0",39,102513132,"PALANQUILLA 130X130MM AZA 1541 3,1M (N)",157,"64,244.4","3,809.1","2,758.3",89.78,96,"68,857,602.0",47627,167890,"72,727,844.0","3,219,845.9","1,024,672.1",94.68
"SAFEROCK SEMI 25MM 10,8M A280",5/30/2026 8:06:53 AM,8/15/2026 12:29:52 AM,"70,310.0",35,102524194,"PALANQUILLA 130X130MM AZA 1021 3,4M (N)",167,"74,949.6","2,691.0","1,948.6",93.81,95.3,"68,857,602.0",47627,167890,"72,727,844.0","3,219,845.9","1,024,672.1",94.68
B HORMIGON 32MM 12M A630-420HS (N),6/1/2026 11:15:06 PM,9/3/2026 6:39:03 AM,"566,626.0",380,119506258,"PALANQUILLA 130X130MM AZA 1629 3,0M (N)",1509,"597,564.0","20,052.3","14,520.7",94.82,96,"68,857,602.0",47627,167890,"72,727,844.0","3,219,845.9","1,024,672.1",94.68
B HORMIGON 32MM 11M A630-420HS (N),6/2/2026 7:52:16 AM,8/7/2026 6:43:25 AM,"115,610.0",75,119506261,"PALANQUILLA 130X130MM AZA 1629 3,3M (N)",280,"121,968.0","3,766.5","2,727.5",94.79,96,"68,857,602.0",47627,167890,"72,727,844.0","3,219,845.9","1,024,672.1",94.68
"BARRA TRASPASO CARGA 32MM 6,2M A630-420H",6/3/2026 1:40:54 PM,6/3/2026 2:41:03 PM,"21,589.0",21,119502582,"PALANQUILLA 130X130MM AZA 1050 3,4M (N) ",55,"24,684.0",,,87.46,97,"68,857,602.0",47627,167890,"72,727,844.0","3,219,845.9","1,024,672.1",94.68
REDONDO LISO 1 1/8' 6M SAE 1020 (N),6/3/2026 4:46:43 PM,6/3/2026 5:51:13 PM,"30,899.0",30,102524143,"PALANQUILLA 130X130MM SAE 1020 3,4M (N)",74,"33,211.2","1,341.1",971.1,93.04,95.3,"68,857,602.0",47627,167890,"72,727,844.0","3,219,845.9","1,024,672.1",94.68
"SAFEROCK 19MM 10,5M A520",6/6/2026 3:37:17 PM,6/6/2026 4:07:09 PM,"19,066.0",11,102526117,"PALANQUILLA 130X130MM AZA 1644 3,4M (N)",45,"20,196.0",655.4,474.6,94.40,97,"68,857,602.0",47627,167890,"72,727,844.0","3,219,845.9","1,024,672.1",94.68
B HORMIGON 25MM 10M A630-420HS (N),6/13/2026 12:11:50 AM,6/13/2026 12:54:47 AM,"22,921.0",15,119506261,"PALANQUILLA 130X130MM AZA 1629 3,3M (N)",55,"23,958.0",601.5,435.5,95.67,96,"68,857,602.0",47627,167890,"72,727,844.0","3,219,845.9","1,024,672.1",94.68
SAFEROCK 25MM 12M A280,6/14/2026 12:43:17 AM,6/14/2026 3:22:07 AM,"32,360.0",17,119502731,"PALANQUILLA 130X130MM AZA 1021 3,2M (N)",86,"36,326.4","2,300.5","1,665.9",89.08,96.6,"68,857,602.0",47627,167890,"72,727,844.0","3,219,845.9","1,024,672.1",94.68
B HORMIGON 32MM 11M A630-420H (N),6/15/2026 5:01:06 AM,9/3/2026 3:51:01 PM,"416,165.0",255,102526100,"PALANQUILLA 130X130MM AZA 1541 3,3M (N)",1009,"439,520.4","13,546.1","9,809.3",94.69,96,"68,857,602.0",47627,167890,"72,727,844.0","3,219,845.9","1,024,672.1",94.68
B HORMIGON 32MM 10M A630-420H (N),6/15/2026 7:42:04 AM,9/4/2026 2:14:59 AM,"508,752.0",337,102513132,"PALANQUILLA 130X130MM AZA 1541 3,1M (N)",1335,"546,282.0","22,488.0","16,284.4",93.13,96,"68,857,602.0",47627,167890,"72,727,844.0","3,219,845.9","1,024,672.1",94.68
B HORMIGON 36MM 9M A630-420HS (N),6/15/2026 2:07:42 PM,6/15/2026 2:43:53 PM,"21,144.0",15,119506257,"PALANQUILLA 130X130MM AZA 1629 2,9M (N) ",60,"22,968.0","1,632.9",191.1,92.06,97,"68,857,602.0",47627,167890,"72,727,844.0","3,219,845.9","1,024,672.1",94.68
PLANA 20X10MM 6M A270ES (N),6/17/2026 8:42:06 AM,6/17/2026 10:35:42 AM,"44,824.0",44,102513096,"PALANQUILLA 130X130MM AZA 1011 3,2M (N)",100,"42,240.0",0.0,0.0,106.12,96.3,"68,857,602.0",47627,167890,"72,727,844.0","3,219,845.9","1,024,672.1",94.68
REDONDO LISO 5/8' 6M SAE 1045 (N),6/18/2026 3:10:39 PM,6/18/2026 3:51:45 PM,"21,550.0",21,102526114,"PALANQUILLA 130X130MM SAE 1045 3,4M (N)",50,"22,440.0",704.6,185.4,96.03,95.9,"68,857,602.0",47627,167890,"72,727,844.0","3,219,845.9","1,024,672.1",94.68
REDONDO LISO 5/8' 6M ASTM A 36 (N),6/18/2026 4:04:52 PM,6/18/2026 5:37:26 PM,"37,749.0",36,102525180,"PALANQUILLA 130X130MM AZA 1011 3,4M (N)",88,"39,494.4","1,553.4",192.0,95.58,95.9,"68,857,602.0",47627,167890,"72,727,844.0","3,219,845.9","1,024,672.1",94.68
"PLANA 1""X1/8"" X 7,315m ASTM A36 (P)",6/19/2026 5:05:28 AM,8/19/2026 6:42:04 AM,"218,821.0",215,102513114,"PALANQUILLA 130X130MM AZA 1011 2,9M (N)",605,"231,594.0","7,408.3","5,364.7",94.48,97,"68,857,602.0",47627,167890,"72,727,844.0","3,219,845.9","1,024,672.1",94.68
REDONDO LISO 1/2' 6M ASTM A 36 (N),6/21/2026 2:43:31 AM,6/21/2026 4:10:33 AM,"25,485.0",24,102513114,"PALANQUILLA 130X130MM AZA 1011 2,9M (N)",70,"26,796.0","1,096.1",214.9,95.11,96,"68,857,602.0",47627,167890,"72,727,844.0","3,219,845.9","1,024,672.1",94.68
B HORMIGON 22MM 10M A630-420HS (N),6/28/2026 3:02:32 AM,8/4/2026 5:41:41 AM,"96,415.0",63,119506261,"PALANQUILLA 130X130MM AZA 1629 3,3M (N)",233,"101,494.8","2,946.3","2,133.5",95.00,97,"68,857,602.0",47627,167890,"72,727,844.0","3,219,845.9","1,024,672.1",94.68
B HORMIGON 32MM 7M  A630-420HS (N).,7/6/2026 8:28:21 AM,7/6/2026 9:02:40 AM,"20,975.0",13,119506260,"PALANQUILLA 130X130MM AZA 1629 3,2M (N)",54,"22,809.6","1,079.2",755.4,91.96,97,"68,857,602.0",47627,167890,"72,727,844.0","3,219,845.9","1,024,672.1",94.68
B HORMIGON 36MM 11M A630-420H (N),7/11/2026 3:46:21 AM,7/11/2026 4:43:38 AM,"31,141.0",22,102513145,"PALANQUILLA 130X130MM AZA 1541 2,9M (N)",88,"33,686.4","1,476.3","1,069.1",92.44,96,"68,857,602.0",47627,167890,"72,727,844.0","3,219,845.9","1,024,672.1",94.68
B HORMIGON 36MM 6M A630-420H (N),7/11/2026 7:42:52 AM,9/3/2026 4:22:27 AM,"96,228.0",96,102524188,"PALANQUILLA 130X130MM AZA 1541 3,4M (N)",228,"102,326.4","3,537.1","2,561.3",94.04,97,"68,857,602.0",47627,167890,"72,727,844.0","3,219,845.9","1,024,672.1",94.68
PLANA 20X6MM 6M A270ES (N),7/14/2026 10:50:57 AM,7/14/2026 12:42:06 PM,"33,228.0",31,102513114,"PALANQUILLA 130X130MM AZA 1011 2,9M (N)",91,"34,834.8","1,324.9",281.9,95.39,96.6,"68,857,602.0",47627,167890,"72,727,844.0","3,219,845.9","1,024,672.1",94.68
PLANA 38X6MM 6M A270ES (N),7/15/2026 1:58:45 AM,7/15/2026 3:25:48 AM,"38,517.0",39,102525180,"PALANQUILLA 130X130MM AZA 1011 3,4M (N)",90,"40,392.0","1,634.0",320.4,95.36,96.4,"68,857,602.0",47627,167890,"72,727,844.0","3,219,845.9","1,024,672.1",94.68
SAFEROCK SEMI 22MM 12M A520,7/15/2026 11:08:20 PM,7/16/2026 12:32:02 AM,"30,470.0",14,102513130,"PALANQUILLA 130X130MM AZA 1644 3,2M (N) ",77,"32,524.8",,,93.68,97,"68,857,602.0",47627,167890,"72,727,844.0","3,219,845.9","1,024,672.1",94.68
SAFEROCK 22MM 10M A420,7/16/2026 7:16:17 AM,7/16/2026 8:15:46 AM,"32,065.0",17,102524193,"PALANQUILLA 130X130MM AZA 1542 3,4M (N)",76,"34,108.8","1,185.4",858.4,94.01,95.3,"68,857,602.0",47627,167890,"72,727,844.0","3,219,845.9","1,024,672.1",94.68
B HORMIGON 28MM 11M A630-420HS (N),7/20/2026 10:42:51 AM,7/20/2026 11:22:28 AM,"23,249.0",16,119506258,"PALANQUILLA 130X130MM AZA 1629 3,0M (N)",63,"24,948.0",985.4,713.6,93.19,97,"68,857,602.0",47627,167890,"72,727,844.0","3,219,845.9","1,024,672.1",94.68
B HORMIGON 32MM 9M A630-420H (N),7/31/2026 9:23:09 AM,9/4/2026 4:33:40 AM,"202,056.0",128,102513121,"PALANQUILLA 130X130MM AZA 1541 3,2M (N)",486,"205,286.4","5,496.8","3,980.4",98.43,96,"68,857,602.0",47627,167890,"72,727,844.0","3,219,845.9","1,024,672.1",94.68
B HORMIGON 32MM 8M A630-420H (N),7/31/2026 2:42:45 PM,8/7/2026 5:04:38 PM,"113,785.0",72,102513121,"PALANQUILLA 130X130MM AZA 1541 3,2M (N)",287,"121,228.8","4,317.4","3,126.4",93.86,96,"68,857,602.0",47627,167890,"72,727,844.0","3,219,845.9","1,024,672.1",94.68
B HORMIGON 32MM 7M A630-420H (N),8/7/2026 5:31:32 PM,9/4/2026 8:31:15 AM,"108,613.0",69,102513121,"PALANQUILLA 130X130MM AZA 1541 3,2M (N)",271,"114,470.4","3,601.5","2,608.0",94.88,96,"68,857,602.0",47627,167890,"72,727,844.0","3,219,845.9","1,024,672.1",94.68
B HORMIGON 32MM 9M A630-420HS (N),8/7/2026 9:00:32 PM,8/7/2026 8:34:59 PM,"21,721.0",14,119506260,"PALANQUILLA 130X130MM AZA 1629 3,2M (N)",1,422.4,0.0,0.0,"5,142.28",97,"68,857,602.0",47627,167890,"72,727,844.0","3,219,845.9","1,024,672.1",94.68
B HORMIGON 18MM 7M A630-420HS (N),8/13/2026 12:04:50 AM,8/13/2026 12:46:00 AM,"22,231.0",16,119506262,"PALANQUILLA 130X130MM AZA 1629 3,4M (N",52,"23,337.6",909.0,197.6,95.26,97,"68,857,602.0",47627,167890,"72,727,844.0","3,219,845.9","1,024,672.1",94.68
"SAFEROCK 22MM 10,5M A520",8/14/2026 8:45:06 AM,8/14/2026 9:38:10 AM,"28,541.0",15,102513130,"PALANQUILLA 130X130MM AZA 1644 3,2M (N) ",73,"30,835.2","1,674.2",620.1,92.56,97,"68,857,602.0",47627,167890,"72,727,844.0","3,219,845.9","1,024,672.1",94.68
B HORMIGON 25MM 7M A630-420HS (N),8/17/2026 11:32:55 AM,8/17/2026 12:29:23 PM,"29,466.0",20,119506262,"PALANQUILLA 130X130MM AZA 1629 3,4M (N",69,"30,967.2",870.7,630.5,95.15,97,"68,857,602.0",47627,167890,"72,727,844.0","3,219,845.9","1,024,672.1",94.68
HEXAGONO 1' 8M SAE 1045 (N),8/17/2026 1:55:34 PM,9/9/2026 1:17:07 AM,"117,850.0",58,102526114,"PALANQUILLA 130X130MM SAE 1045 3,4M (N)",280,"125,664.0","6,664.9","1,149.1",93.78,94.2,"68,857,602.0",47627,167890,"72,727,844.0","3,219,845.9","1,024,672.1",94.68
HEXAGONO SEMI 1' 8M SAE 1045 (N),8/17/2026 4:28:44 PM,8/17/2026 5:41:53 PM,"41,240.0",21,102526114,"PALANQUILLA 130X130MM SAE 1045 3,4M (N)",96,"43,084.8","1,581.3",263.5,95.72,94.2,"68,857,602.0",47627,167890,"72,727,844.0","3,219,845.9","1,024,672.1",94.68
PLANA 25X10MM 6M A270ES (N),8/20/2026 11:09:17 PM,8/21/2026 12:30:37 AM,"30,656.0",31,102525180,"PALANQUILLA 130X130MM AZA 1011 3,4M (N)",75,"32,260.8","1,341.7",263.1,95.03,96.5,"68,857,602.0",47627,167890,"72,727,844.0","3,219,845.9","1,024,672.1",94.68
B HORMIGON 32MM 10M A630-420HS (N),9/3/2026 7:08:32 AM,9/3/2026 10:15:20 AM,"81,088.0",53,119506259,"PALANQUILLA 130X130MM AZA 1629 3,1M (N)",213,"87,159.6","3,521.5","2,550.1",93.03,96,"68,857,602.0",47627,167890,"72,727,844.0","3,219,845.9","1,024,672.1",94.68
B HORMIGON 32MM 6M A630-420H (N),9/3/2026 11:13:48 AM,9/3/2026 12:30:05 PM,"41,019.0",44,102526100,"PALANQUILLA 130X130MM AZA 1541 3,3M (N)",100,"43,560.0","1,473.8","1,067.2",94.17,96,"68,857,602.0",47627,167890,"72,727,844.0","3,219,845.9","1,024,672.1",94.68
B HORMIGON 28MM 12M A630-420HS (N),9/4/2026 12:14:53 PM,9/4/2026 1:23:02 PM,"32,715.0",21,119506260,"PALANQUILLA 130X130MM AZA 1629 3,2M (N)",84,"35,481.6","1,604.6","1,162.0",92.20,96,"68,857,602.0",47627,167890,"72,727,844.0","3,219,845.9","1,024,672.1",94.68
"SAFEROCK SEMI 22MM 9,6M A420",9/10/2026 4:23:38 PM,9/10/2026 7:41:53 PM,"90,265.0",50,102524193,"PALANQUILLA 130X130MM AZA 1542 3,4M (N)",209,"93,799.2","2,049.8","1,484.4",96.23,95.7,"68,857,602.0",47627,167890,"72,727,844.0","3,219,845.9","1,024,672.1",94.68
REDONDO LISO 7/8' 6M SAE 1045 (N),9/10/2026 10:42:56 PM,9/11/2026 12:19:36 AM,"40,563.0",39,102526114,"PALANQUILLA 130X130MM SAE 1045 3,4M (N)",96,"43,084.8","1,194.5","1,327.3",94.15,95,"68,857,602.0",47627,167890,"72,727,844.0","3,219,845.9","1,024,672.1",94.68
REDONDO LISO 1 3/4' 6M SAE 1020 (N),9/14/2026 4:19:43 PM,9/14/2026 5:20:00 PM,"29,278.0",28,102513153,"PALANQUILLA 130X130MM SAE 1020 3,2M (N) ",80,"33,792.0","2,618.1","1,895.9",86.64,95.5,"68,857,602.0",47627,167890,"72,727,844.0","3,219,845.9","1,024,672.1",94.68
"PLANA 1""X3/16"" X 6,1m ASTM A36 (P)",9/22/2026 5:04:35 AM,9/22/2026 10:11:39 AM,"84,914.0",82,102513114,"PALANQUILLA 130X130MM AZA 1011 2,9M (N)",230,"88,044.0","1,815.4","1,314.6",96.44,97,"68,857,602.0",47627,167890,"72,727,844.0","3,219,845.9","1,024,672.1",94.68

